TIME,A,Bb,B,C,C#,D,Eb,E,F,F#,G,Ab
0.000000000,0,0,0,0,0,0,0,0,0,0,0,0
0.046439909,0,0,0,0,0,0,0,0,0,0,0,0
0.092879819,0,0,0,0,0,0,0,0,0,0,0,0
0.139319728,0,0,0,0,0,0,0,0,0,0,0,0
0.185759637,0,0,0,0,0,0,0,0,0,0,0,0
0.232199546,0,0,0,0,0,0,0,0,0,0,0,0
0.278639456,0,0,0,0,0,0,0,0,0,0,0,0
0.325079365,0,0,0,0,0,0,0,0,0,0,0,0
0.371519274,0,0,0,0,0,0,0,0,0,0,0,0
0.417959184,0,0.181776,0.495291,2.74944,0.468406,0.206724,0.00659443,1.48942,0.159761,0.155851,1.93527,0.1324
0.464399093,0,0.175403,0.19939,3.38437,0.16951,0.270184,0.0140108,1.60765,0.0463323,0.0626726,2.13278,0.154263
0.510839002,0,0.0491828,0.136782,3.72307,0.031691,0.277051,0.0246263,1.5972,0.167489,0.0457579,2.13291,0.0271908
0.557278912,0,0.0419541,0.12431,3.96457,0.0443964,0.296701,0.0245088,1.66322,0.185899,0.0443689,2.02213,0
0.603718821,0.146317,0.0843206,0.038434,4.03754,0.0438582,0.205888,0.0196852,1.75096,0.153055,0.0605749,1.94415,0
0.650158730,0.244226,0.128932,0,4.08589,0.0537377,0.192666,0.0229416,1.7265,0.00891386,0.0105094,1.74609,0
0.696598639,0.297109,0.0842946,0.00046374,4.02686,0.214484,0.0374611,0.0352804,1.62658,0.0470711,0.54004,1.65747,0
0.743038549,0.3608,0.0337859,0.0245916,3.81539,0.300958,0.0530575,0.0615422,1.60406,0.143164,0.842912,1.64846,0
0.789478458,0.347448,0,0.0276696,3.7595,0.29682,0.0543928,0.0817628,1.52084,0.160954,0.723174,1.63099,0
0.835918367,0.339053,0.000494699,0.00209207,3.6988,0.231075,0.126783,0.0842731,1.38824,0.183375,0.222894,1.67282,0
0.882358277,0.275658,0.00917114,0.00169338,3.6824,0.0429691,0.188791,0.0636418,1.29818,0.202703,0.128729,1.74039,0
0.928798186,0.262395,0.0515904,0.00354777,3.84907,0.00442145,0.0929045,0.043429,1.597,0.109774,0.121254,1.63364,0
0.975238095,0.272793,0.086975,0.115101,3.80502,0,0.189443,0.192503,1.62462,0.16577,0.0389026,1.38616,0
1.021678005,0.298771,0.00758445,0.156125,3.68274,0,0.248279,0.23004,1.60299,0.345522,0.0128569,1.34197,0
1.068117914,0.217981,0.00196966,0.00498,3.60232,0.107847,0.113335,0.109742,1.71488,0.424641,0.0134369,1.5584,0.0340285
1.114557823,0.119276,0.00107007,8.95439e-05,3.50656,0.137381,0.170399,0.0642973,1.79949,0.362484,0.0596533,1.55458,0
1.160997732,0.0459634,0.000270394,0,3.47006,0.145259,0.202228,0.0586318,1.83752,0.403899,0.0528367,1.58798,0
1.207437642,0.0756943,0,0.0690321,3.48338,0.147205,0.0842157,0.0873167,1.59054,0.638923,0.0719098,1.60447,0
1.253877551,0.178177,0.00200903,0.139972,3.6864,0.137291,0.0172797,0.179539,1.50054,0.573665,0.0505676,1.4125,0
1.300317460,0.251487,0.00520023,0.19589,3.91414,0.0707109,0.0372903,0.314321,1.66864,0.298626,0.0543451,1.27309,0
1.346757370,0.274454,0.00681383,0.225627,3.96959,0.0529546,0.120486,0.470159,1.6177,0.035986,0.288254,1.36788,0
1.393197279,0.268212,0.00149425,0.16042,3.81573,0.0716217,0.208832,0.431364,1.57787,0.0721207,0.446574,1.44658,0
1.439637188,0.266461,0,0.118878,3.80463,0.0705728,0.218433,0.391112,1.51456,0.0214661,0.297725,1.42103,0
1.486077098,0.258582,0,0.0854856,3.81125,0.0565099,0.204025,0.225326,1.46219,0.0232025,0.0802088,1.48094,0
1.532517007,0.268111,0.00516516,0.0249139,3.66491,0.0520742,0.232583,0.203397,1.48714,0.207166,0.157941,1.4961,0
1.578956916,0.235355,0.0045704,0.00317938,3.30217,0.0940997,0.361867,0.0459144,1.53749,0.337976,0.323741,1.60098,0
1.625396825,0.229284,0.00232628,0.00214506,3.18538,0.0910436,0.38995,0.0288349,1.56321,0.409245,0.253348,1.56605,0.000401612
1.671836735,0.24184,0.00271176,0.00167398,3.26974,0.0956359,0.372262,0.0137959,1.50079,0.479623,0.18081,1.57434,0.0362255
1.718276644,0.2563,0.076201,0.0632124,3.4809,0.113054,0.289161,0.000630018,1.55797,0.453773,0.097459,1.48965,0.0597575
1.764716553,0.260335,0.0536246,0.0216654,3.44567,0.124415,0.252265,0.00258391,1.62473,0.464222,0.101755,1.49481,0
1.811156463,0.247458,0.11991,0.0405076,3.05501,0.144796,0.278268,0.00583311,1.8462,0.524782,0.0588378,1.53008,0
1.857596372,0.241546,0.0342518,0.146375,2.88196,0.043528,0.414675,0.00766961,1.94026,0.606252,0.0271713,1.45569,0
1.904036281,0.250799,0.0740627,0.153828,2.71478,0.0408136,0.370124,0.227603,1.6767,0.585021,0.0251893,1.41575,0
1.950476190,0.273276,0.0254007,0.177796,2.66106,0.0543879,0.297081,0.404598,1.52429,0.376216,0.292956,1.44862,0.0541243
1.996916100,0.287645,0.00286405,0.263603,2.42086,0.0651311,0.25265,0.346837,1.54039,0.295095,0.734842,1.46092,0.0253603
2.043356009,0.278715,0.0184062,0.122974,1.97267,0.0456654,0.351438,0.194173,1.46939,0.0610305,0.966209,1.55761,0.000166536
2.089795918,0.270253,0.155367,0.0887895,1.60466,0.0282066,0.424541,0.129696,1.50994,0.07584,0.811119,1.63526,0.0140247
2.136235828,0.269852,0.0165625,0.194591,1.68716,0.0322554,0.417637,0.233209,1.68428,0.0860564,0.306928,1.73231,0.0121759
2.182675737,0.305794,0.0119705,0.0750736,1.41743,0.0324565,0.49109,0.224639,1.95259,0.110968,0.0488923,1.87243,0
2.229115646,0.256872,0.0080499,0.165308,1.19994,0.00465949,0.574309,0.0363677,2.20617,0.138874,0.055271,1.63482,0
2.275555556,0.246923,0.0146644,0.11092,1.33542,0.176855,0.748641,0.0394536,2.1029,0.0573075,0.0746196,1.67488,0
2.321995465,0.235104,0.00657253,0.0801745,1.49939,0.283965,0.788069,0.0791493,2.00398,0.0253386,0.0858453,1.6645,0.0142385
2.368435374,0.236493,0.109665,0.0565921,1.41047,0.138274,0.770206,0.141655,2.02132,0.103701,0.400466,1.7109,0.0769138
2.414875283,0.297823,0.157273,0.0487759,1.41761,9.75606e-06,0.680669,0.22974,2.0399,0.110714,0.85421,1.53069,0.0431903
2.461315193,0.268494,0.0769147,0.170891,1.51045,0.0026672,0.626699,0.449545,2.04746,0.112676,0.813977,1.60293,0
2.507755102,0.260751,0.00981867,0.25412,1.6133,0.00275592,0.505759,0.466245,1.94269,0.119787,0.615169,1.85863,0
2.554195011,0.264243,0.0677588,0.18076,1.85608,0.108096,0.404021,0.26599,1.88356,0.101259,0.411624,1.96421,0
2.600634921,0.271735,0.246166,0.00103763,1.77507,0.0705669,0.38788,0.0286639,2.15629,0.0738246,0.186948,1.85375,0
2.647074830,0.379902,0.24737,0,1.91462,0.0769365,0.456327,0.0154608,2.39175,0.0198201,0.182237,1.48376,0
2.693514739,0.392042,0.133377,0.0341091,1.71547,0.0528602,0.55665,0.11295,2.34531,0.0515838,0.133894,1.17718,0.015596
2.739954649,0.400079,0.0980591,0.0571603,1.63747,0.131472,0.571229,0.200148,2.11092,0.0736431,0.658075,0.865675,0.000791173
2.786394558,0.34876,0.192332,0.0265708,1.8864,0.206629,0.48008,0.328861,1.90425,0.0343889,1.01117,0.833769,0
2.832834467,0.370694,0.35916,0.0036009,1.95591,0.278992,0.368971,0.44339,1.7939,0.0219709,0.917177,0.855467,0
2.879274376,0.448045,0.460379,0.156893,1.83716,0.198656,0.347914,0.462629,1.52716,0.0190822,0.708928,0.71585,0
2.925714286,0.501814,0.570629,0.0217938,1.7915,0.161964,0.242598,0.462293,1.38449,0,0.642573,0.551202,0
2.972154195,0.506299,0.565099,0.00291835,1.89399,0.147897,0.17719,0.626652,1.41892,0,0.789297,0.417409,0
3.018594104,0.444265,0.525038,0.001351,1.92949,0.133824,0.220677,0.725302,1.77337,0,0.632069,0.441871,0
3.065034014,0.326493,0.572041,0.00134798,1.80812,0.115119,0.419205,0.594708,2.2096,0.0363268,0.183683,0.604962,0
3.111473923,0.269722,0.563867,0.00320096,1.68007,0.0714219,0.498947,0.393039,2.39357,0.0693002,0.257825,0.731543,0
3.157913832,0.275698,0.306792,0.0455701,1.99677,0.107503,0.470279,0.260604,2.31916,0.0187502,0.637515,0.717698,0.0117564
3.204353741,0.285642,0,0.0470458,2.08082,0.120737,0.411997,0.173835,2.19651,0.0154059,0.961066,0.795452,0.0444815
3.250793651,0.386598,0,0.0466752,2.05916,0.0828051,0.338941,0.0648577,1.98287,0.019246,0.969333,0.893275,0.0464814
3.297233560,0.48759,0.000751489,0.0493469,1.83833,0.0809301,0.428616,0.123914,1.84866,0.0663869,0.477855,1.18601,0
3.343673469,0.502262,0.194778,0,1.87828,0.139912,0.484474,0.186979,1.67022,0.0554905,0.0883559,1.6799,0
3.390113379,0.48285,0.424728,0,1.90617,0.251698,0.405759,0.0648703,1.59715,0.0270522,0.10296,1.67971,0
3.436553288,0.462115,0.504041,0,1.85678,0.137894,0.27984,0.0522684,1.66225,0.0964283,0.162306,1.36452,0
3.482993197,0.46665,0.390817,0.000438006,1.72948,0.0835051,0.219628,0.0856698,1.98885,0.187659,0.635779,1.14567,0
3.529433107,0.377609,0.200577,0.153514,1.74336,0.0421477,0.212976,0.173954,2.3077,0.241375,0.65423,1.09228,0
3.575873016,0.339385,0.0663165,0.344482,1.70566,0.0288961,0.274018,0.343523,2.27939,0.346518,0.591168,0.840348,0
3.622312925,0.340042,0.0756308,0.333482,1.52978,0.0591448,0.240211,0.39021,2.17999,0.159533,0.477351,0.784055,0
3.668752834,0.395498,0.000546122,0.266813,1.65744,0.0474989,0.269496,0.293512,1.75175,0.127677,0.874858,0.69467,0
3.715192744,0.34036,0.000431685,0.127618,1.73427,0.022203,0.386073,0.297477,1.48715,0.0893089,1.0018,0.642138,0
3.761632653,0.331549,0.000850908,0.317404,1.74497,0.0112035,0.297709,0.280073,1.34371,0.132221,0.986938,0.540502,0
3.808072562,0.371362,0.0378407,0.378846,1.75342,0,0.217313,0.403208,1.35633,0.141702,0.980174,0.322441,0
3.854512472,0.359006,0.278191,0.0920461,2.40716,0.0124867,0.225653,0.411613,1.47015,0.359771,0.905252,0.270531,0.0439896
3.900952381,0.282062,0.0538287,0.318954,2.61596,0.0258254,0.561218,0.221307,1.56431,0.425975,0.678401,0.951516,0.0918242
3.947392290,0.268465,0,0.353547,2.41671,0.0186287,0.5124,0.0975912,1.41667,0.61797,0.433008,1.43276,0.13605
3.993832200,0.259743,0,0.242934,2.22111,0.0179053,0.47312,0.0372889,1.58256,0.916539,0.123355,1.58123,0.101638
4.040272109,0.262023,0,0.179851,2.08502,0.0157646,0.446496,0.147403,1.6492,1.15098,0.415423,1.56127,0.046004
4.086712018,0.271807,0,0.19548,2.02162,0.00493987,0.422919,0.254672,1.73647,1.39293,0.521923,1.3832,0.0149211
4.133151927,0.282612,0.0553205,0.274819,2.00968,0.000548625,0.310287,0.269118,1.8661,1.29926,0.47957,1.3367,0.0912818
4.179591837,0.289046,0.191355,0.35383,1.92836,0.00205648,0.228899,0.346239,1.98964,1.15622,0.252763,1.46428,0.120194
4.226031746,0.348722,0.195884,0.362192,1.93345,0.0173087,0.220554,0.381319,2.1576,1.13833,0.0715654,1.46179,0.0177242
4.272471655,0.42316,0.00298935,0.338127,1.99299,0.00380771,0.314934,0.280548,2.10568,1.40281,0.0659361,1.39628,0.108023
4.318911565,0.483171,0.00252246,0.23685,2.05778,0,0.433868,0.272206,2.03059,1.28825,0.0622208,1.50501,0.168526
4.365351474,0.225028,0.00286394,0.0848962,1.91761,0,0.529889,0.40346,2.21494,0.993308,0.054261,1.59526,0.176966
4.411791383,0.210183,0.00278138,0.0498291,1.88879,0,0.568897,0.469769,2.17158,0.611929,0.0368873,1.52005,0.178766
4.458231293,0.213974,0,0.0440395,1.80756,0,0.561975,0.503467,2.13953,0.629525,0.083183,1.34883,0.108718
4.504671202,0.498129,0,0.137316,1.68522,0.00363462,0.552666,0.473163,2.16998,0.915862,0.104723,1.22773,0
4.551111111,0.909454,0,0.327886,1.66966,0.00584605,0.545044,0.49641,2.28152,0.984522,0.0221337,1.06611,0.0161389
4.597551020,0.772751,0.0605218,0.371587,1.87279,0.0240062,0.520917,0.515244,2.28171,0.912342,0.0462581,0.998203,0
4.643990930,0.326874,0.0761797,0.375896,1.91797,0.0572593,0.520972,0.448015,2.23484,1.16966,0.0521681,1.08376,0
4.690430839,0.323878,0.0268799,0.336952,1.89919,0.0647896,0.517535,0.437864,2.02307,1.36049,0.142287,0.975105,0
4.736870748,0.631514,0.0217454,0.269448,1.87716,0.0454834,0.46731,0.583213,1.90662,1.35359,0.145289,1.01483,0.0329216
4.783310658,0.709982,0.00561601,0.329799,1.8433,0.028129,0.367468,0.590043,2.03286,1.36759,0.111178,1.07758,0.14269
4.829750567,0.676072,0.00418578,0.346591,1.78297,0.0371029,0.306723,0.372991,2.25547,1.46783,0.0246451,1.1379,0.288069
4.876190476,0.738742,0.0889515,0.324826,1.74348,0.0716689,0.311536,0.329076,2.28166,1.42295,0.00533876,1.15488,0.253401
4.922630385,0.65561,0.0452364,0.418856,1.72437,0.0665632,0.296739,0.366849,2.28363,1.50811,0.0310042,1.05257,0.168238
4.969070295,0.356976,0.0100605,0.287789,1.65107,0.0333039,0.266755,0.394568,2.26133,1.54653,0.147396,1.23661,0.0559251
5.015510204,0.251832,0.00207514,0.117875,1.60359,0,0.384539,0.381057,2.22932,1.46789,0.20183,1.57613,0
5.061950113,0.261262,0.00208585,0.119198,1.47914,0,0.384462,0.398349,2.24048,1.42293,0.142807,1.83888,0
5.108390023,0.265981,0.00200717,0.133362,1.45556,0.0128196,0.373645,0.397481,2.17461,1.37833,0.107039,1.93973,0.00654626
5.154829932,0.30669,0.235212,0.169533,1.44437,0.0410513,0.327053,0.497995,2.13447,1.30619,0.152116,1.88343,0.029567
5.201269841,0.385639,0.480559,0.000894259,1.53179,0.0796084,0.319848,0.432063,2.37385,1.0046,0.317177,1.89283,0
5.247709751,0.300438,0.870645,0.00205226,1.66274,0.0925293,0.340789,0.249054,2.5978,0.386155,0.368931,1.90541,0
5.294149660,0.305526,0.947447,0.00457104,1.72397,0.0863257,0.322431,0.275204,2.52459,0.124316,0.306221,1.86733,0.0653085
5.340589569,0.355169,1.01646,0.00737222,1.72689,0.0852154,0.441128,0.208206,2.34136,0.160592,0.209584,1.76049,0.162954
5.387029478,0.36277,0.95359,0.00781359,1.52237,0.0721633,0.583509,0.0643373,2.13198,0.666121,0.108798,1.7205,0.236295
5.433469388,0.285739,0.553589,0.00316491,1.30979,0.0703997,0.488085,0,1.84667,1.12028,0.104841,1.77503,0.342031
5.479909297,0.281957,0.350353,0,1.05788,0.226906,0.470541,0,1.62435,1.14128,0.0656386,1.88651,0.310823
5.526349206,0.277193,0.189185,0.00010789,1.09542,0.122526,0.441445,0,1.63961,1.32012,0.32714,1.78519,0.18437
5.572789116,1.06568,0,0,1.0591,0.0758598,0.41379,0.281425,1.49689,1.37544,0.490998,1.65352,0.0213284
5.619229025,1.15081,0.015121,0.00352047,0.783415,0.0855174,0.327249,0.422587,1.48015,1.21719,0.228779,1.76788,0
5.665668934,1.29815,0.0780956,0.0423245,0.765026,0.0860169,0.280911,0.340088,1.22937,1.00456,0.174823,2.04628,0
5.712108844,1.45683,0.0705775,0.0515369,0.935,0.0968572,0.259372,0.420821,1.07497,0.887906,0.123158,2.09123,0
5.758548753,1.46803,0.038597,0.0196965,1.11741,0.088788,0.244919,0.448823,1.26015,1.08309,0.107525,2.01934,0
5.804988662,1.32567,0.0564692,0.0067266,1.1166,0.08867,0.132808,0.445792,1.64822,1.1013,0.181299,1.99248,0.055587
5.851428571,1.15,0.0623013,0.0243656,0.970417,0.0926884,0.278194,0.384248,1.67085,0.949835,0.190949,2.29165,0.102657
5.897868481,0.972156,0.0360857,0.0470581,0.949258,0.0940025,0.366593,0.388329,1.43968,0.812663,0.175834,2.47127,0.119559
5.944308390,0.978225,0.00129009,0.0292926,1.15443,0.0808537,0.414695,0.471004,1.18466,0.72089,0.186958,2.51374,0.0999045
5.990748299,0.895483,0.00890912,0.0221384,1.38132,0.0420958,0.505135,0.318553,1.12484,0.831169,0.229546,2.44755,0.137113
6.037188209,0.481169,0.127481,0,1.33481,0.00827871,0.54698,0.0747607,1.51048,0.897469,0.125721,2.34705,0.183453
6.083628118,0.223528,0.317536,0.0629041,1.25664,0.00969516,0.946291,0.0956995,1.99323,0.668143,0.0847271,2.00491,0.0558286
6.130068027,0.27961,0.299327,0.211233,1.15045,0.0390824,0.439875,0.155209,2.09659,0.567228,0.11168,2.12701,0
6.176507937,0.289576,0.0580202,0.131693,0.979614,0.0423588,0.345088,0.313693,2.06635,0.715157,0.061869,2.14764,0
6.222947846,1.0739,0.0264574,0.077117,0.93657,0.0409597,0.320437,0.379352,1.81244,0.946271,0.0552129,2.09009,0
6.269387755,1.29963,0.042632,0.00206498,1.00487,0.0222715,0.22944,0.46854,1.67624,0.963798,0.142227,2.03323,0.0206743
6.315827664,1.05476,0.0339453,0.00469354,0.916177,0.00255788,0.21873,0.4581,1.67314,0.658239,0.409516,2.16803,0.0768152
6.362267574,0.70395,0.232974,0.00524091,0.836785,0.00433803,0.184225,0.325904,1.74181,0.260974,0.483536,2.23653,0.0945189
6.408707483,0.282433,0.171908,0.00377537,1.00743,0.0620133,0.259699,0.378616,2.22225,0.280566,0.48166,2.08225,0.0706421
6.455147392,0.290491,0.00303431,1.17637,0.830039,0.0334331,0.234,0.171392,2.71605,0.0771791,0.00768799,2.03381,0.0892157
6.501587302,0.310428,0.00114109,1.86402,0.664948,0.0270894,0.168942,0.119963,2.56587,0.037801,0.00666932,1.91474,0.0840037
6.548027211,0.301882,0,2.07943,0.549568,0.0262028,0.166909,0.0692884,2.4961,0.0192154,0.011738,1.95597,0.11107
6.594467120,0.273854,0.00303921,2.13046,0.467977,0.0194792,0.211428,0.0135911,2.73065,0.0204595,0.0361758,1.96946,0.124013
6.640907029,0.271675,0.00220919,2.18082,0.539672,0,0.186839,0.0201503,2.93099,0.0205834,0.00717778,1.83913,0.123185
6.687346939,0.280046,0.0144716,2.15548,0.553121,0.028978,0.152309,0.00820169,3.10771,0.0357458,0.00791764,1.70242,0.0730662
6.733786848,0.275519,0.0327985,2.0436,0.387913,0.0542753,0.168237,0.0112785,3.23394,0.110398,0.00843243,1.81159,0
6.780226757,0.288253,0.00180371,2.00048,0.360074,0.0577555,0.193611,0.00696613,3.17996,0.131026,0.0157639,1.90281,0
6.826666667,0.26931,0.0117615,1.98531,0.547241,0.0620335,0.586322,0,3.25211,0.0898303,0.0965785,1.81673,0
6.873106576,0.328576,0.00453306,2.00411,0.666539,0.0987559,0.427652,0,3.32763,0.0582782,0.128775,1.63001,0
6.919546485,0.383224,0.00355505,2.05091,0.737011,0.11491,0.235017,0.00308802,3.38999,0.0376299,0.136746,1.50215,0
6.965986395,0.294446,0.00318729,2.12304,0.753974,0.114407,0.258111,0.00736795,3.37009,0.035202,0.13233,1.40994,0
7.012426304,0.287422,0.00214563,2.23444,0.691443,0.111974,0.402092,0.00612633,3.12382,0.0519672,0.12158,1.42056,0
7.058866213,0.311938,0.000481489,2.25073,0.690692,0.115373,0.349861,0.0976601,2.8354,0.0727485,0.102719,1.38422,0
7.105306122,0.334767,0.00318347,2.24724,0.767349,0.111269,0.0216719,0.0908533,2.69327,0.0790479,0.118412,1.28731,0
7.151746032,0.365855,0.0380903,2.36618,0.701392,0.0800274,0.0332545,0.0317754,2.44861,0.0949931,0.224815,1.07483,0
7.198185941,0.439769,0.0147192,2.32412,0.561919,0.0479073,0.0444148,0.0228916,2.69629,0.0982817,0.273635,1.01056,0
7.244625850,0.442359,0.000280231,2.26227,0.633305,0.0296625,0.0670857,0.0566091,2.82791,0.0870821,0.264225,1.075,0
7.291065760,1.50499,0.000844813,1.77881,0.85525,0.0412485,0.49456,0.0962641,2.85949,0.0353432,0.242492,0.903552,0
7.337505669,2.11418,0.000373889,1.53795,0.003821,0.0525879,1.64018,0.0883358,2.33437,0.0301956,0.106384,0.914929,0
7.383945578,2.55252,0.000506319,1.25039,0.026563,0.0762662,2.2196,0.131886,1.81046,0.0177979,0.0582675,0.455412,0
7.430385488,2.72912,0.000914117,1.0376,0.0776223,0.0606404,2.59455,0.130475,1.65017,0.033477,0.0132164,0.28659,0
7.476825397,2.80712,0.00194435,0.881013,0.0975244,0.00982763,2.71074,0.0991862,1.64983,0.05623,0.055641,0.3196,0.0314789
7.523265306,2.87535,0.0019472,0.803124,0.0970912,0,2.68797,0.073434,1.8751,0.0945556,0.0697042,0.293709,0
7.569705215,2.82988,0.000865806,0.821297,0.102862,0.0182041,2.64518,0.0889961,1.95814,0.102465,0.0728585,0.210844,0
7.616145125,2.80473,0.0001163,0.689782,0.0669815,0.0399658,2.53047,0.0874671,1.85131,0.104958,0.0891111,0.198782,0
7.662585034,2.87747,0,0.575357,0.0241838,0.0526149,2.47459,0.0648818,1.7021,0.0967162,0.130699,0.345857,0
7.709024943,2.82816,0,0.565345,0.0353829,0.0302183,2.59699,0.0441324,1.73677,0.0872515,0.072556,0.417669,0.0274772
7.755464853,2.78126,0,0.510366,0.0805088,0.0188493,2.75917,0.035366,1.66984,0.105528,0.00358355,0.462519,0
7.801904762,2.72657,0,0.464597,0.120298,0.0215859,2.91426,0.00457967,1.5005,0.118899,0.0485112,0.459368,0
7.848344671,2.64272,0,0.222311,0.131589,0.0134747,3.28764,0,1.48684,0.134599,0.212363,0.326177,0
7.894784580,2.55489,0,0.155262,0.109636,0.0127068,3.58202,0,1.22403,0.105136,0.585374,0.193188,0
7.941224490,2.80307,0.00243088,0.169223,0.0574541,0.0140008,3.38402,0.00712645,1.0631,0.0206551,0.734911,0.307397,0
7.987664399,2.78711,0.00174664,0.280712,0.0122632,0.016844,3.23581,0.0216237,0.956672,0.0415202,0.708791,0.327751,0
8.034104308,2.46751,0.000521027,0.40255,0,0.0153997,3.17742,0.019219,0.885762,0.0544521,0.63633,0.29083,0
8.080544218,2.44649,0.000381522,0.655941,0,0.00975918,3.24108,0.0303296,0.618107,0.061865,0.643921,0.229105,0
8.126984127,2.48657,0.000346796,0.707047,0,0,3.28705,0.0774627,0.451497,0.0682361,0.638536,0.117084,0
8.173424036,2.52962,5.92727e-05,0.658003,0.0322837,0,3.3061,0.103669,0.39729,0.0707102,0.588522,0.028265,0.018361
8.219863946,2.59071,0.000411564,0.358838,0.0631831,0,3.35741,0.110522,0.553237,0.0419557,0.572238,0.00974696,0.0411458
8.266303855,2.46595,0.000675193,0.0472495,0.0687651,0.0118985,3.42786,0.0641691,0.949895,0.0923103,0.541062,0.00907924,0.000151359
8.312743764,2.46751,0.00081364,0.00213177,0.0805353,0.0167511,3.51203,0.0546379,0.992487,0.0803834,0.502475,0.0187497,4.17455e-05
8.359183673,2.6764,0.00161377,0.00160935,0.0829697,0,3.63215,0.0454752,0.705886,0.0357174,0.466884,0.0182552,0
8.405623583,2.6612,0.00134156,0.000749992,0.0758929,0,3.84038,0.0634723,0.471779,0.0250681,0.304831,0.0180028,0.00879853
8.452063492,2.63348,0,0,0.0388217,0.00969721,3.86326,0.0696479,0.392193,0.0229103,0.00178709,0.0287195,0.02157
8.498503401,2.66224,0.00870667,0,0.00766385,0.0317293,3.70531,0.0974844,0.541861,0.0177282,0.00404806,0.211546,0
8.544943311,2.73679,0.0140637,0,0.00447142,0.0461591,3.50467,0.148358,0.559473,0.0100047,0.00667418,0.346381,0
8.591383220,2.71251,0.00800924,0,0.0397274,0.0428973,3.47576,0.122482,0.571868,0.00783526,0.00783065,0.360783,0
8.637823129,2.61731,0,0.00111213,0.10291,0.012068,3.55171,0.0844595,0.509555,0.0117649,0.0468092,0.149024,0.0528783
8.684263039,2.55723,0.023974,0.00245953,0.133466,0.00393063,3.55408,0.0928281,0.486406,0.0150957,0.0524566,0.106007,0.0737879
8.730702948,2.42318,0.0016222,0.00255743,0.0951805,0.078943,3.72022,0.0891872,0.497544,0.0168636,0.0475265,0.0506725,0.0578454
8.777142857,2.28422,0.00173735,0.00195292,0.0513159,0.114352,3.74067,0.107687,0.481065,0.094311,0.146239,0.235917,0
8.823582766,2.43675,0.00189215,0.000549743,0.0309455,0.0966284,3.4334,0.111997,0.54694,0.0858345,0.274233,0.556329,0
8.870022676,2.56496,0.00143108,0.000384358,0.0187133,0.0681984,3.30901,0.0929107,0.745858,0.080597,0.312671,0.610951,2.47543e-06
8.916462585,2.64635,0.00117664,0.000214264,0.0170238,0.0690556,3.26199,0.0665907,0.74728,0.0679132,0.274292,0.496798,1.37336e-05
8.962902494,2.70088,0.000499224,0,0.0190403,0.0779033,3.37384,0.0644521,0.698543,0.0171661,0.153526,0.308316,1.60561e-05
9.009342404,2.60661,0,0,0.028078,0.0634972,3.527,0.0539194,0.777361,0.0437725,0.115284,0.200473,5.97272e-05
9.055782313,2.31965,0,0.000915781,0.0395766,0.182654,3.71173,0.0357177,0.78042,0.0819796,0.00273583,0.142175,8.56365e-05
9.102222222,2.24955,0.00221094,0.000684801,0.0706564,0.210001,3.80337,0.0376108,0.745012,0.105761,0.00216761,0.0707919,0.0444905
9.148662132,2.30787,0.0213817,0,0.0996805,0.191019,3.64079,0.0360538,0.70612,0.111505,0.00196922,0.25912,0.0393304
9.195102041,2.35198,0.026989,0,0.110644,0.146617,3.34627,0.0321578,0.708356,0.174162,0.00200405,0.353283,6.84273e-05
9.241541950,2.34603,0.0229515,0,0.191735,0.161671,3.03482,0.0331111,0.67043,0.263362,0.450759,0.208704,0
9.287981859,2.27763,0.00160979,0,0.219903,0.175816,2.70745,0.0287864,0.549052,0.337466,1.38937,0.181249,0
9.334421769,2.23014,0.00165241,0,0.254835,0.151283,2.87027,0.0255337,0.433911,0.272785,1.87979,0.194283,0.0827768
9.380861678,1.99043,0.000665367,0,0.320404,0.159148,3.23532,0.0278387,0.585968,0.150676,2.17722,0.203733,0
9.427301587,1.69389,0,0,0.255743,0.207505,3.40491,0.0448738,0.650627,0.0389837,2.23133,0.485098,0
9.473741497,1.659,0,0,0.20694,0.243403,3.38381,0.0235762,0.641946,0.0369608,2.33379,0.406852,0
9.520181406,1.67843,0.154296,0.00044095,0.182426,0.309926,3.58999,0.0288853,0.604523,0.0958916,2.49488,0.0552296,0.063578
9.566621315,1.81234,0.193847,0.00140455,0.097726,0.382033,3.63457,0,0.56497,0.153633,2.40982,0.0100233,0.102288
9.613061224,1.86976,0.0873858,0.00306918,0.179365,0.386245,3.52869,0.00909445,0.56461,0.137913,2.30102,0.0669141,0.0858719
9.659501134,1.89797,0.0178296,0.00307376,0.0340946,0.4425,3.37731,0.0231171,0.544222,0.107459,2.13147,0.291517,0.0629092
9.705941043,1.91748,0,0.00109675,0.0235214,0.457604,3.39892,0.0277232,0.521916,0.0976994,2.11507,0.355103,0.0458164
9.752380952,1.93368,0,0.00334679,0.0118269,0.453773,3.32663,0.00351459,0.539004,0.0757139,2.16668,0.524584,0.0340431
9.798820862,1.99031,0.00095678,0,0.00851006,0.417666,3.18677,0,0.64212,0.0644942,2.01903,0.780006,0.0546543
9.845260771,2.07418,0,0,0.00570881,0.40405,3.03805,0.00837189,0.680913,0.077018,1.66497,0.832668,0.0579839
9.891700680,2.07197,0,0,0.268454,0.398408,3.02513,0.0862166,0.558804,0.18288,1.38861,0.231346,0.0475847
9.938140590,2.20616,0,0,0.268761,0.39755,2.76638,0.143698,0.673843,0.137655,1.45974,0,0.137163
9.984580499,2.04482,0,0,0.156241,0.381489,3.3116,0.339624,0.703742,0.150016,1.44115,0,0.155126
10.031020408,2.03185,0,0,0.176764,0.240258,3.64305,0.326867,0.673017,0.0874784,1.71609,0,0
10.077460317,2.09168,0.00573055,0,0.203458,0.0397672,3.67285,0.208719,0.723253,0.0741536,2.00391,0.0863506,0
10.123900227,2.23882,0,0,0.187001,0.0289696,3.43484,0.0584308,0.552992,0.219516,2.03542,0.151389,0.0160301
10.170340136,2.13085,0,0,0.123991,0,3.64263,0.0237345,0.372155,0.448056,1.97388,0.155932,0.110075
10.216780045,2.11007,0.00202472,0,0.113618,0,3.71783,0.00372071,0.162188,0.246331,2.00069,0.150522,0.0590403
10.263219955,2.02423,0.00173606,0,0.0240188,0,3.78022,0,0.199274,0.173317,2.10129,0.114088,0.0415865
10.309659864,1.93176,0.11307,0,0.0130388,0.0299888,3.78122,0.00217902,0.191819,0.182626,2.47485,0.2781,0
10.356099773,1.86982,0.226854,0,0.00251792,0.383932,3.5778,0.0091808,0.473687,0.0890006,2.71521,0.177919,0
10.402539683,1.6476,0.175049,0,0.139838,0.476076,3.63089,0.0138245,0.51583,0.024978,2.81868,0.00418838,0
10.448979592,1.42686,0.0854837,0,0.225392,0.463433,3.65979,0.0225896,0.568308,0.0317753,2.68666,0.0196159,0
10.495419501,1.31364,0.0341234,0,0.47447,0.361938,3.54567,0.0301021,0.813467,0.0264511,2.34966,0.115089,0
10.541859410,1.37784,0.00483252,0,0.550053,0.332637,3.44388,0.0382271,0.823801,0.0262902,2.11731,0.259716,0
10.588299320,1.50733,0.0152889,0,0.423979,0.339284,3.47994,0.0415818,0.609492,0.0227716,2.06121,0.225929,0
10.634739229,2.03935,0.0168849,0.00139702,0.0599545,0.344865,3.3666,0.0803705,0.535462,0.0155174,1.97437,0.296204,0
10.681179138,2.20971,0,0,0.0372104,0.372209,3.19249,0.127989,0.665672,0.00941514,1.76253,0.501532,0
10.727619048,2.1696,0.0376401,0,0.0897951,0.429733,3.15157,0.0693269,0.552637,0.0525791,1.58378,0.447695,0
10.774058957,2.06078,0.113369,0,0.280946,0.389916,3.17662,0.0235841,0.331701,0.455739,1.8336,0.0179591,0
10.820498866,2.03697,0.153176,0,0.34351,0.360801,3.39368,0.00969639,0.11203,0.70329,2.00483,0.00848157,0
10.866938776,2.13217,0.310668,0.00106953,0.342585,0.271733,3.51624,0.0204909,0.0681397,0.740774,1.94722,0.00744213,0.0636611
10.913378685,2.24771,0.350623,0.00294731,0.34297,0.0735139,3.71744,0.0277564,0.511713,0.498796,1.83727,0,0.106379
10.959818594,2.47747,0.313771,0.00410716,0.292082,0.0380146,3.49694,0.128124,0.791299,0.213627,1.6891,0.0438415,0.0203283
11.006258503,2.66065,0.448425,0,0.0117881,0.0182467,3.13914,0.143475,0.832714,0.0931998,1.71228,0.0459946,0
11.052698413,2.67948,0.676508,0,0.00506321,0.0271524,2.93506,0.121569,0.947962,0.0115771,1.94959,0.004423,0
11.099138322,2.61319,0.808143,0,0.0085697,0.0275177,3.09075,0.154174,0.808207,0.0178415,2.03697,0.020157,0.0343406
11.145578231,2.42595,0.771964,0.00108271,0.0200768,0.00305007,3.17053,0.259717,0.737993,0.219265,2.07145,0.0265232,0.105395
11.192018141,2.22717,0.131313,0.0195596,0.0181159,0.0352852,3.21111,0.279516,0.732107,0.616306,1.93664,0.0500113,0.105462
11.238458050,2.28913,0.000418545,0.0590692,0.0152485,0,3.0003,0.345855,0.792151,0.405273,1.76939,0.0834578,0.167958
11.284897959,2.47787,0.000582215,0.0340273,0.0127314,0,2.82936,0.400342,0.840751,0.0638976,1.48869,0.0505887,0.124844
11.331337868,2.55178,0.118979,0.127982,0,0.00945047,2.70502,0.34511,0.867842,0.104955,1.05766,0.0376005,0.0687267
11.377777778,2.6154,0.202802,0.0428846,0,0.0272278,2.55086,0.214258,0.928369,0.101262,1.03774,0.0289405,0.0762545
11.424217687,2.46991,0.213188,0.0595027,0,0.0894417,3.07397,0.0950346,0.847324,0.0780436,1.05598,0.0170725,0.358108
11.470657596,2.40421,0.18744,0.0535714,0.00988066,0.0967837,3.45767,0.0291819,0.625762,0.0521271,0.923442,0.00340031,0.503649
11.517097506,2.31931,0.0861623,0.0126277,0,0.0879158,3.75225,0.0181788,0.474093,0.52636,0.59711,0,0.553844
11.563537415,2.2399,0.023159,0,0,0.0452724,3.87474,0.0538103,0.45653,0.709476,0.379408,0.0450376,0.532443
11.609977324,2.41419,0,0.000527588,0.00465058,0,3.62603,0.118772,0.448753,0.110715,0.771431,0.137768,0.401866
11.656417234,2.4744,0,0.000246323,0.222074,0,3.4546,0.135049,0.368858,0.0908594,0.594629,0.0717489,0.388471
11.702857143,2.57814,0,0,0.254984,0,3.06542,0.122623,0.60806,0.0623615,0.446738,0.0686395,0.200513
11.749297052,2.63412,0.0753471,0,0.286654,0.0255613,2.67267,0.126049,0.821197,0.0455335,0.379695,0.215023,0.158705
11.795736961,2.61181,0.200766,0,0.22147,0.0261462,2.62413,0.187654,0.77254,0.038986,0.540191,0.247359,0.151123
11.842176871,2.57013,0.376522,0.0011334,0.0903631,0.0227028,2.72685,0.300439,0.62135,0.0496969,0.95918,0,0
11.888616780,2.57859,0.521531,0.00186041,0.0194539,0.012663,2.61555,0.271736,0.420269,0.141442,0.821601,0.00334913,0
11.935056689,2.57964,0.503817,0.00323854,0.0395465,0.00418623,2.67616,0.243677,0.441994,0.255386,0.692221,0.000878275,0
11.981496599,2.4832,0.321884,0.00243036,0.0478417,0,2.79553,0.150821,0.43054,0.495284,0.660445,0.00629556,0
12.027936508,2.48004,0.157218,0,0.0753367,0,2.88079,0.22776,0.262903,0.606695,0.37716,0.0304688,0
12.074376417,2.41755,0.116184,0,0.014415,0.00938966,2.90663,0.695714,0.108462,0.344017,0.202584,0.0621702,0
12.120816327,2.37675,0.169974,0.000925376,0.0320037,0.0412042,2.85897,0.715421,0.10955,0.183082,0.145392,0.0524063,1.23421e-06
12.167256236,2.27563,0.15523,0.00293478,0.0795639,0.178863,2.90793,0.639346,0.11733,0.118641,0.078177,0.0475765,3.32749e-05
12.213696145,2.23482,0.0835152,0.00216114,0.322302,0.117145,2.96017,0.390675,0.21708,0.148532,0.106172,0.079852,0
12.260136054,2.15797,0.0939925,0.0019471,0.182578,0.0307229,3.15484,0.494867,0.2653,0.167051,0.00792086,0.11877,0
12.306575964,2.30557,0.182243,0.00166207,0.10958,0.00490944,3.13408,0.659005,0.262277,0.0697019,0.0111424,0.12352,0.0928006
12.353015873,2.39035,0.35923,0,0.0326316,0,2.8362,0.665454,0.373566,0.0140555,0.121653,0.122318,0.0539222
12.399455782,2.44188,0.65569,0,0.018483,0,2.56503,0.361755,0.614424,0.0167903,0.168023,0.0771034,0.0963337
12.445895692,2.45288,0.378088,0.261799,0.069612,0,2.64499,0.227193,0.397423,0.320632,0.165107,0.10316,0.0228651
12.492335601,2.49554,0.205584,0.323581,0.0648624,0.0173084,2.69981,0.207909,0.520103,0.47608,0.101292,0.11304,0
12.538775510,2.54183,0.13408,0.308622,0.0512936,0.11381,2.74151,0.248513,0.748875,0.201912,0.0289134,0.164434,4.93007e-05
12.585215420,2.53067,0.114982,0.247184,0.0140461,0.0885097,2.80816,0.257552,0.854499,0.0117761,0.0101856,0.171124,2.1556e-05
12.631655329,2.54606,0.146675,0.109964,0.139853,0.00483425,2.93178,0.328233,0.787374,0.0261671,0.416813,0.0970153,0
12.678095238,2.28518,0.00255687,0.672823,0.0579193,0.0675272,2.63986,0.642073,0.621278,0.100386,1.72646,0.101737,0
12.724535147,2.04888,0,1.14704,0.000611528,0.214003,2.31296,0.895854,0.662245,0.127515,1.91533,0.0392139,0
12.770975057,1.93714,0,1.36406,0.0111751,0.281524,2.14947,0.952868,0.549177,0.0791668,1.93427,0,0
12.817414966,1.95658,0,1.54013,0.00818393,0.339293,2.00165,0.995451,0.333771,0.0478763,1.90115,0,0
12.863854875,2.15508,0.000772135,1.66061,0,0.350473,2.00574,1.0214,0.191885,0.0367157,1.67283,0,0
12.910294785,2.25385,0.00964066,1.8053,0,0.382034,1.92519,0.939537,0.191781,0.0951433,1.57653,0,0
12.956734694,2.13407,0.043158,1.80266,0,0.496744,1.8249,0.854395,0.239467,0.155539,1.41013,0,0
13.003174603,1.89922,0.0720598,1.77803,0,0.555463,1.76077,0.834539,0.259351,0.0958613,1.18836,0,0
13.049614512,1.79238,0.0580546,1.77631,0.0163149,0.454827,1.67745,0.827124,0.181687,0.0618501,1.33217,0.00384211,0
13.096054422,1.72098,0,1.82544,0.0301342,0.399914,1.70612,0.803046,0.33955,0.063707,1.74685,0,0
13.142494331,1.74641,0.000170063,1.65006,0.0155361,0.340564,1.86394,0.734068,0.339754,0.390703,1.84319,0.00640611,0.0491599
13.188934240,1.64846,0,1.43452,0,0.318254,2.00924,0.758036,0.318614,0.65773,1.74306,0,0.0136917
13.235374150,1.59116,0.0061047,1.34889,0,0.338731,2.01494,0.662669,0.24202,0.754778,1.60971,0,0
13.281814059,1.59741,0.0852655,1.48529,0,0.382841,2.06403,0.651504,0.256124,0.633693,1.47359,0.0024899,0
13.328253968,1.6794,0.00120168,1.74274,0.00478342,0.36549,2.15775,0.583219,0.138065,0.0579775,1.59182,0,0
13.374693878,1.71412,0,1.67016,0.00429483,0.320331,2.21496,0.519816,0.0394799,0.0419633,1.68133,0,0.0941202
13.421133787,1.8635,0,1.35808,0.0058591,0.338731,2.32366,0.526859,0.0613298,0.0154976,1.82389,0,0.0375918
13.467573696,1.84663,0,1.40223,0.00341443,0.404704,2.32296,0.493766,0.044329,0.18564,1.80045,0,0.0929178
13.514013605,1.88261,0,1.5239,0,0.466972,2.25977,0.546944,0.11437,0.11155,1.59193,0,0.0951699
13.560453515,1.84986,0,1.54156,0,0.501447,2.18891,0.560333,0,0.0853306,1.61631,0.0904107,0
13.606893424,1.75075,0.0176486,1.66641,0.00237381,0.438882,2.28,0.560165,0,0.166098,1.82913,0.0367475,0
13.653333333,1.71643,0.0532828,1.66668,0.00813799,0.382675,2.3228,0.507457,0.131603,0.308075,1.88265,0,0
13.699773243,1.32918,0,0.839087,0.0850102,0.0190667,2.09207,0.683904,0.742261,0.655056,2.3575,0.00827752,0.578001
13.746213152,0.746815,0.26337,0.391056,0.120638,0.0250289,1.87465,0.533129,1.31419,0.195056,1.50228,0.174114,0.783464
13.792653061,0.501453,0.643283,0.475681,0.399005,0.130335,1.89006,0.522568,1.24216,0.0185941,1.33626,0.127342,0.90276
13.839092971,0.584595,0.658092,0.55048,0.352762,0.134696,1.95137,0.591467,1.12016,0.0404,1.27875,0.0230596,0.891269
13.885532880,0.933955,0.523818,0.496643,0.13434,0.0476241,1.98755,0.744076,0.99184,0.0657314,1.44859,0.0402646,0.520298
13.931972789,1.75607,0.0217362,0.745071,0.0179408,0.0757458,1.92639,0.848482,0.566513,0.0796476,1.50612,0.0602697,0.101811
13.978412698,1.75054,0.00773055,1.28299,0.010088,0.0594273,2.10629,0.821328,0.0657991,0.170897,1.76554,0.0488738,0.0107834
14.024852608,1.09701,0.30241,1.41121,0.0272399,0.026109,2.04266,0.4553,0.818254,0.122142,2.48488,0.17389,0
14.071292517,1.32393,0.0366303,1.14303,0.0215569,0.0321868,2.24074,0.0229064,1.32558,0.191579,2.59097,0.236,0.238394
14.117732426,1.59922,0.136567,0.436869,0.016501,0.234746,2.06594,0.0182207,0.862818,0.159477,2.43421,0.0932041,0.0249102
14.164172336,1.55073,0.250125,0.490847,0.308565,0.0669138,1.5018,0,1.40602,0.147345,2.43988,0.0839197,0.151385
14.210612245,0.777627,0.168316,0.865844,0.399641,0.0282749,1.12805,0.237973,2.61421,0.559269,0.806482,0.351268,0.648819
14.257052154,0.740655,0.132069,0.609042,0.59608,0,0.489565,0.142973,3.11414,0.720115,0.110668,0.917216,1.32545
14.303492063,0.514531,0.0830928,0.525116,1.06226,0.0108549,0.114621,0.0137099,3.34269,0.512699,0.0955104,1.00669,1.53152
14.349931973,0.212976,0.0898057,0.439664,1.56035,0.0180713,0.218507,0.00648437,3.56419,0.192838,0.0858436,0.826646,1.31697
14.396371882,7.74984e-06,0.249791,0.348353,1.53278,0.0293546,0.284778,0,3.55675,0.116809,0.0732171,1.27179,1.10379
14.442811791,0.447025,0.114714,0.0876707,1.74014,0.0542781,0.866414,0,2.88428,0.111212,0.0558632,1.42691,0.697232
14.489251701,0.673609,0.0292231,0.00125172,1.73716,0.0571111,1.44726,0,2.46968,0.0821066,0.0445855,1.50573,0.40718
14.535691610,0.62353,0.0109914,0.00267115,1.79066,0.0322942,1.60483,0.131734,2.58123,0.163165,0.0314015,1.61841,0.397332
14.582131519,0.633416,0.0094781,0.0514001,2.31725,0.00930661,1.47422,0.206944,2.50631,0.204484,0.00203373,1.36322,0.296174
14.628571429,0.501108,0.0112941,0.0102315,2.70847,0.0114242,1.12195,0.146142,2.34392,0.137141,0.0226213,0.830318,0.253909
14.675011338,0.120806,0.377661,0.0311494,2.76916,0.0170536,0.561547,0.0597013,2.27585,0.00457039,0,0.498561,0.404749
14.721451247,0.100464,0.525347,0.158046,2.61186,0.0237944,0.533467,0,2.23314,0.0321647,0.00672902,0.80511,0.503597
14.767891156,0.23696,0.356383,0.178439,2.73699,0.0909987,0.440681,0,2.59308,0.147304,0.130215,0.864492,0.329152
14.814331066,0.274894,0.0312912,0.978588,2.54298,0.0485722,0,0.130623,3.00655,0.235728,0.122829,0.98842,0.113786
14.860770975,0.250904,0,1.05324,1.87398,0.0293012,0,0.280349,3.49317,0.12826,0.116542,1.63069,0.122898
14.907210884,0.150854,0,0.797876,1.64704,0.00664592,0.136404,0.270747,3.46074,0.166947,0.0973947,1.88906,0.423082
14.953650794,0,0,0.638335,1.70129,0,0.523331,0.53585,2.8108,0.143261,0.0789947,1.96601,0.323906
15.000090703,0,0.0343663,0.684397,1.63816,0.0189004,0.572641,0.744056,2.0923,0.157479,0.290976,2.19518,0.18876
15.046530612,0.0716228,0.0528451,1.33729,1.62699,0.00658593,0.538611,0.822987,1.76267,0.133965,0.195438,2.64867,0.0440916
15.092970522,0.157359,0,1.8177,1.68482,0.00967653,0.39175,0.577822,1.96131,0.106578,0.0900884,2.8184,0
15.139410431,0.316025,0.026721,1.76109,1.66212,0.00367984,0.198509,0.203627,2.62207,0.0990985,0.107741,2.51616,0
15.185850340,0.312453,0,1.74788,1.65729,0,0,0.110346,3.15239,0.103482,0.109744,2.2973,0.0489369
15.232290249,0.191569,0,1.80598,1.52071,0,0,0.0507709,3.30412,0.114334,0.108301,2.29778,0.117538
15.278730159,0,0,1.81963,1.45925,0,0,0,3.40706,0.118084,0.114184,2.26007,0.166186
15.325170068,0,0,1.82301,1.54318,0.0184159,0,0,3.24709,0.0995082,0.139222,2.07877,0.163962
15.371609977,0.0332352,0,1.8245,1.5115,0.020492,0.000568432,0,2.99157,0.264053,0.0571702,2.18712,0.101709
15.418049887,0.000378793,0,1.84909,1.36529,0.0105244,0.00150061,0,2.68801,0.402133,0.00933563,2.64003,0.110132
15.464489796,0,0,1.98324,1.34472,0.00745324,0.0018351,0.0518856,2.31617,0.330007,0.00107089,2.74229,0.136632
15.510929705,0,0.126856,2.03141,1.41955,0.0087162,0.181704,0.0731991,2.28705,0.122423,0.0327069,2.37378,0.24913
15.557369615,0,0.508807,1.7816,1.47153,0.0111164,0.483717,0.0484515,2.64998,0.0306392,0.0364492,1.94717,0.393884
15.603809524,0.355949,0.78364,1.27225,1.56776,0.0331891,0.764906,0.0535004,2.95106,0.00657008,0,1.23519,0.298589
15.650249433,1.3307,0.748235,0.451894,1.61068,0.104473,0.704531,0.0312976,3.11601,0.0295131,0.228414,0.519904,0.0651663
15.696689342,2.64698,0.126201,0.150578,0.975097,0.08147,0.67019,0,3.00448,0.124082,0.605084,0.22181,0.0745478
15.743129252,2.79097,0,0.0088113,1.07668,0.0518005,1.07947,0.0234887,2.4357,0.175023,1.08113,0.16453,0.0867998
15.789569161,2.41633,0,0.0231797,1.1978,0.0189158,1.92498,0.0341547,2.03478,0.177335,1.20968,0.132087,0.164866
15.836009070,1.88947,0,0.203163,0.868055,0.00421903,2.63772,0.0117619,2.10575,0.188132,1.09761,0.349652,0.0610087
15.882448980,1.69585,0,0.374272,0.713849,0.0257525,2.7562,0.0323752,2.10066,0.120672,0.994189,0.517187,0
15.928888889,1.64598,0,0.521786,0.451397,0.285682,2.65735,0.17783,2.12426,0.0175902,0.543441,0.977918,0
15.975328798,1.33476,0.00265826,0.529249,0.534978,0.488216,2.21353,0.112144,2.69121,0.0635428,0.188023,1.30424,0.366779
16.021768707,0.719727,0.0465042,0.689716,0.83297,0.33553,0.939244,0.00232371,3.19536,0.106949,0.137942,1.50275,0.561012
16.068208617,0.249023,0.0555691,0.82216,1.23938,0,0.5909,0,3.43834,0.120423,0.0890064,1.22436,0.491255
16.114648526,0.18557,0.315635,0.580185,1.20841,0.0465637,0.429787,0,3.36879,0.122662,0.069098,1.37772,0.3572
16.161088435,0,0.877272,0.0282376,1.03377,0.0463449,0.750152,0,2.50995,0.105623,0.040632,1.59973,0.0690287
16.207528345,0,1.19003,0.0025808,0.947731,0.175768,0.957414,0,1.99026,0.0911637,0.102635,1.63583,0.051117
16.253968254,0,1.13926,0.496023,0.633979,0.3074,0.960261,0.014174,1.95154,0.12621,0.128599,1.74401,0
16.300408163,0,0.746114,1.08933,0.966437,0.420129,0.544078,0,2.02232,0.151601,0.179941,1.65474,0.0278985
16.346848073,0,0.447541,1.55262,1.03061,0.419892,0.459887,0,1.9853,0.0778721,0.2015,1.36654,0.0798029
16.393287982,0,0.391466,1.77131,0.686264,0.298476,0.212243,0.0735012,2.47849,0.126952,0.314081,0.921747,0.0960314
16.439727891,0,0.327075,1.61688,0.763014,0.233748,0.336195,0.0363794,3.07568,0.0430057,0.0236172,0.748504,0.0529194
16.486167800,0,0.294448,1.52447,0.901222,0.117246,0.425118,0,3.13179,0.157981,0.0720589,0.873351,0.104009
16.532607710,0,0.351563,1.00009,1.13652,0.0157127,0.0759863,0,3.25622,0.324638,0.111693,0.953026,0.0981712
16.579047619,0.008886,0.341622,0.610312,0.820858,0.0196083,0.329859,0.0453607,3.1625,0.291337,0.175023,0.984783,0.0267221
16.625487528,0.265197,0.257107,1.52834,0.666811,0.00261412,0.841715,0.043195,2.43857,0.210843,0.138534,1.17887,0.270857
16.671927438,0.239724,0.261857,2.02897,0.68885,0,1.08078,0.0305679,2.1778,0.19828,0.119485,1.59698,0.304387
16.718367347,0.00798632,0.0480982,2.0234,0.848946,0.0425831,1.33134,0.153038,2.0002,0.191124,0.0858078,1.82166,0.178686
16.764807256,0.00497973,0,2.0225,1.14053,0.0252176,1.29036,0.725326,1.57978,0.147688,0.38337,2.25503,0.0447611
16.811247166,0.0184632,0.0872427,2.07982,1.00334,0,1.14489,1.15393,1.19956,0.175192,0.233465,2.51673,0.146419
16.857687075,0.0355585,0.385728,1.92505,1.01074,0,0.440703,1.09639,1.62159,0.164706,0.0800987,2.24209,0.173074
16.904126984,0,0.396382,1.87071,1.38853,0.00853546,0.614987,0.834608,2.02543,0.143355,0.100774,1.38156,0.0333779
16.950566893,0,0.0401626,2.09998,1.54962,0.00884746,0.545012,0.395426,2.2372,0.107055,0.39808,1.25294,0
16.997006803,0,0,2.13069,1.4908,0.00403688,0.611236,0.00597981,2.17012,0.11289,0.625258,1.82378,0.36694
17.043446712,0.00396992,0,2.252,1.56244,0.00520285,0.499122,0.0171339,2.09188,0.0838321,0.633972,2.12159,0.308635
17.089886621,0.0421203,0,2.36825,1.73645,0.0137812,0.17829,0.0323662,2.24916,0.0442733,0.651236,2.1242,0.237046
17.136326531,0.0259328,0,2.33896,1.83505,0.015774,0,0.049937,2.66104,0.00755145,0.652213,1.88905,0.467486
17.182766440,0,0,2.38687,1.66582,0.016164,0.000232711,0.116561,2.85991,0.00165907,0.740708,1.38554,0.906755
17.229206349,0,0,2.44124,1.39465,0.0137948,0.508908,0.092024,2.92522,0.199714,0.662704,1.11035,0.736714
17.275646259,0,0,1.8644,1.79517,0.0424169,0.985577,0.0100802,2.69656,0.426255,0.869979,0.987547,0.471284
17.322086168,0.127148,0,1.61091,1.93911,0.111379,1.41271,0.00848398,1.78585,0.577093,1.7541,0.6232,0.144002
17.368526077,0.186287,0,1.60389,2.13366,0.012493,1.62332,0.00813208,1.11514,0.560856,2.36851,0.108084,0.329142
17.414965986,0.845489,0,1.65699,1.81761,0.0271238,1.37212,0.0118072,0.870994,0.387715,2.56168,0.280071,0.281012
17.461405896,1.41896,0,1.83993,1.31606,0.176427,1.24045,0.0814991,0.647122,0.239974,2.46593,0.341051,0.0758285
17.507845805,1.39705,0,1.88941,1.15327,0.223977,1.72388,0.269716,0.640942,0.329111,2.08806,0.249884,0
17.554285714,1.27693,0,1.96986,0.621967,0.123479,1.94309,0.191558,0.728377,0.474848,1.5298,0.285231,0
17.600725624,1.24452,0,2.23468,0.716094,0.053688,1.88921,0.0294019,0.631305,0.529606,0.661036,0.409813,0.0953894
17.647165533,1.09841,0,1.93669,0.830554,0.0634397,1.6002,0.0318684,1.14321,0.459355,0.129528,0.591555,0.13483
17.693605442,0.761151,0,1.21069,0.85089,0.169219,1.09795,0.016967,2.78822,0.326426,0.150161,0.893595,0.516111
17.740045351,0.43968,0,1.04559,1.23769,0.106957,0.268067,0.0273386,3.59752,0.14845,0.123446,1.24598,0.529115
17.786485261,0.0759141,0,0.960826,2.14556,0.00257841,0.0992427,0.00599803,3.62585,0.133682,0.069293,1.00169,0.563864
17.832925170,0.0062972,0,1.01576,2.14029,0.0171637,0.357692,0.0069997,3.51173,0.14449,0.0380227,1.09466,0.61895
17.879365079,0.0306191,0.00753211,1.02075,1.93498,0.0229578,0.612841,0.00138557,3.32373,0.137279,0.0206288,1.24649,0.425823
17.925804989,0.139076,0.0453685,1.04226,1.91784,0.0215473,0.871352,0,3.1085,0.0840904,0.0153269,1.0401,0.286143
17.972244898,0.397945,0.00190813,1.03162,1.64635,0.0265514,1.09722,0.0412232,3.15486,0.163745,0.0490535,0.787704,0.142229
18.018684807,0.0285996,0,0.934888,1.85404,0.0253848,0.681943,0.0895695,3.51477,0.188623,0.0902405,0.577254,0.0358849
18.065124717,0.124563,0.0568252,0.859824,2.14227,0.0736807,0.295143,0.0247424,3.28298,0.0516841,0.0824456,0.86257,0.311449
18.111564626,0.0817398,0.163627,0.715891,2.25501,0.183785,0.355296,0.200776,3.2115,0,0.0287856,1.17097,0.315077
18.158004535,0,0.0998443,0.799327,2.29619,0.26184,0.440963,0.278693,3.00044,2.92678e-06,0.00164539,1.44623,0.298397
18.204444444,0,0.00238255,0.859757,2.15074,0.245279,0.0195903,0.0653848,3.06426,0.144658,0.0401969,1.73183,0.350909
18.250884354,0,0,0.80229,1.98108,0.224277,0,0,3.23601,0.0987834,0.119868,1.78927,0.322591
18.297324263,0.0833346,0,1.11119,1.64125,0.0300698,0.115927,0.0780219,3.12243,0.161316,0.165817,2.1156,0.229816
18.343764172,0.0625761,0.00153384,1.09695,1.40047,0.061483,0.723545,0.210515,2.67704,0.166571,0.122385,2.33644,0.122305
18.390204082,0,0,1.02848,1.24039,0.0421269,1.06387,0.296295,2.13651,0.169863,0.180792,2.55858,0.0959368
18.436643991,0,0,1.1462,1.25211,0.018988,1.51673,0.189146,1.96822,0.138319,0.268158,2.69855,0.0077893
18.483083900,0,0.0164633,1.82138,1.27425,0,1.87194,0.105158,2.00744,0.153335,0.135515,2.28543,0.0171465
18.529523810,0.229616,0,1.99627,1.35908,0,1.67716,0.164239,2.02466,0.180331,0.0645111,1.97887,0.11958
18.575963719,0.3035,0,1.95778,1.18253,0.00119022,1.28137,0.15912,2.45543,0.161981,0.260156,1.89702,0.246054
18.622403628,0.231224,0,1.95423,0.958093,0.0119498,0.49091,0.102592,2.99467,0.151884,0.396861,1.91494,0.138777
18.668843537,0,0,1.99173,1.24564,0.00889499,0.0164332,0.00566141,3.22772,0.132289,0.186554,1.85608,0.130185
18.715283447,0,0.00251511,1.94745,1.36535,0.00154675,0.0221472,0,3.3519,0.131192,0.30848,1.89241,0.138706
18.761723356,0,0.0633363,1.85763,1.36876,0.00614269,0.0557722,0.329009,3.22453,0.0878371,0.054477,2.14956,0.203367
18.808163265,0.0340784,0,1.67164,1.575,0.0135111,0.0117966,0.562927,2.77154,0.0949176,0.00701879,2.19718,0.0910546
18.854603175,0,0,1.5702,1.70179,0.0178068,0.00222813,0.562577,2.60069,0.132794,0.0549781,2.31696,0.0706231
18.901043084,0,0,1.94956,1.71217,0.0205786,0.00297568,0.232242,2.61098,0.0795703,0.0369498,2.09915,0.783688
18.947482993,0,0.114596,2.00264,1.60413,0.017007,0.236805,0,2.67281,0.0110444,0.00664211,1.97556,0.921721
18.993922902,0.0306528,0.414517,1.75435,1.42739,0.0395855,0.499874,0,2.83112,0.006008,0.194644,1.711,0.959769
19.040362812,0.275874,0.615078,1.16922,1.41176,0.0298459,0.418003,0,2.95292,0.044553,0.939724,0.814056,0.897846
19.086802721,0.835681,0.406661,0.641638,1.45845,0.0338532,0.977911,0,2.73217,0.196114,1.63339,0.0750108,0.829448
19.133242630,1.18167,0.104506,0.389264,1.0481,0.0524515,1.25998,0.0996969,2.57853,0.340366,1.82459,0.0535945,0.00637398
19.179682540,1.43937,0,0.0411556,0.892095,0.0481201,2.03683,0.294013,2.18916,0.32686,1.4696,0.470678,3.34139e-05
19.226122449,1.34935,0,0.053806,0.70092,0.044821,3.08003,0.386718,1.59056,0.227051,0.836885,0.888933,3.1225e-06
19.272562358,1.33524,0,0.425813,0.173844,0.0424746,3.61181,0.256681,1.21863,0.169232,0.580952,1.47052,0
19.319002268,1.3787,0.0516259,0.740414,0.0164549,0.0255203,3.61987,0.0984131,0.923159,0.151007,0.495713,1.55425,0.165001
19.365442177,0.993085,0.0718187,0.685107,0.0237837,0.0182798,3.35637,0.268969,1.33787,0.123947,0.301279,1.42763,0.134184
19.411882086,0.240412,0.111364,0.14384,0.460265,0.0683685,2.97555,0.290204,1.91678,0.148784,0.353979,1.60401,0.498597
19.458321995,0.277982,0.057664,0.00640621,1.34494,0.0211237,2.46722,0.222352,2.02072,0.289998,0.356925,1.21592,0.650546
19.504761905,0.318206,0.0231598,0.0303005,1.48568,0,2.34769,0.189598,2.05275,0.299723,0.272213,1.30556,0.594361
19.551201814,0.143659,0.130371,0.264642,1.15643,0.113121,2.51838,0.14802,1.88663,0.199638,0.35487,1.63148,0.137889
19.597641723,0,0.407475,0.138786,0.899646,0.15787,1.82742,0,1.39908,0.0985971,2.04137,1.8488,0
19.644081633,0.0244592,0.509364,0.288549,0.474638,0.229611,1.23164,0,0.661212,0.10198,2.75038,1.79623,0
19.690521542,0,0.388205,0.710136,0.300481,0.136984,0.991841,0.13753,0.363895,0.0820329,2.7022,1.91099,0
19.736961451,0,0.235636,1.55738,0.646745,0.0694959,0.837601,0.0341265,0.130946,0.0441137,2.19816,2.08623,0.045768
19.783401361,0.0218949,0.136087,2.09131,0.899046,0.229666,0.833294,0.110914,0,0.00167399,1.83114,1.63851,0.538857
19.829841270,0.00765705,0.124211,2.25369,0.877767,0.315798,0.476311,0.832492,0.123571,0.0174281,1.55614,1.58262,0.380636
19.876281179,0,0.0519725,1.96265,0.226892,0.188797,0.577016,0.493425,1.37885,0.323731,0.704401,2.69787,0.550395
19.922721088,0,0.119555,1.51017,0.475326,0.0479746,0.637115,0.0106879,1.94931,0.387465,0.151821,3.06393,0.722429
19.969160998,0.262655,0.0882762,0.515074,0.672554,0.136089,0.658999,0.00278549,1.81131,0.528179,0.239364,3.04272,0.571545
20.015600907,1.03143,0,0.530172,0.93976,0.418254,0.381567,0.184297,1.04232,0.203042,0.192235,3.08339,0.118392
20.062040816,1.46404,0,0.418556,0.986498,0.357074,0.259059,0.40369,0.72987,0.251454,0.205177,2.86961,0.181631
20.108480726,1.75701,0,0.387877,1.05415,0.193587,0.225404,0.69135,0.975753,0.207687,0.323798,2.37011,0.122687
20.154920635,1.8631,0,0.46322,1.08946,0.0162992,0.34206,0.794479,1.22444,0.279833,0.398689,2.10991,0.0920703
20.201360544,1.83135,0,0.833857,0.990949,0.121815,0.242799,1.00306,1.17086,0.370543,0.265643,2.29323,0.0394783
20.247800454,1.58956,0,1.24977,0.818563,0.103578,0.260963,1.24061,0.911505,0.161776,0.0419202,2.7054,0
20.294240363,0.929827,0,2.20187,0.0937122,0.00788356,0.231635,0.971184,1.26314,0.127659,0.102578,3.22624,0.264416
20.340680272,0.168403,0.00100395,2.59237,0.0167111,0.00599407,0.174595,0.603091,1.8852,0.0934194,0.116209,3.16971,0.433582
20.387120181,0.0443268,0.0136317,2.37681,0.0244541,0.001164,0.0964668,0.0690767,2.59271,0.0914074,0.0980461,2.84729,0.512447
20.433560091,0.0662603,0.168422,2.25195,0.0276888,0.0438807,0.193716,0,2.55318,0.0913323,0.0777718,2.78448,0.30913
20.480000000,0.1301,0.351535,2.35238,0.0303325,0.203901,0.565177,0,1.87079,0.0803205,0.352575,2.94812,0.00990354
20.526439909,0.238472,0.281237,2.30063,0.0315848,0.268838,0.598877,0,1.97887,0.0546772,1.03904,2.72278,0
20.572879819,0.090873,0.19775,2.32895,0.0315885,0.278035,0.451681,0,2.43824,0.033324,1.34045,2.17708,0
20.619319728,0.00016845,0,2.49883,0.289123,0.266154,0.532775,0.0233739,2.46013,0.0932907,1.47128,1.46529,0
20.665759637,0,0,2.52192,0.427864,0.299722,1.05764,0.00919633,1.96862,0.407279,1.14226,2.00252,0.0195822
20.712199546,0.130547,0,2.09452,0.604326,0.419742,1.1268,0.148504,1.48889,0.698235,0.796573,2.59285,0.00562249
20.758639456,0.367859,0.00246092,1.98886,0.574824,0.391252,1.24831,0.0377467,1.68836,0.661926,0.726073,2.69462,0.025978
20.805079365,0.821192,0,2.37991,0.151423,0.205405,1.14928,0.051238,2.28069,0.535259,0.805789,2.16198,5.50932e-05
20.851519274,1.17479,0.0569617,2.49262,0.200518,0.259604,0.765248,0,2.62901,0.0870085,0.785567,1.53711,0.12369
20.897959184,1.07648,0.13765,2.49142,0.24599,0.296682,0.308045,0.0289294,2.47222,0.0460216,0.466729,2.36379,0.0588345
20.944399093,0.92669,0.172809,2.53399,0.780162,0.0740381,0.0469462,0.0857745,1.79584,0.0143685,0.265476,2.86425,0
20.990839002,0.536124,0.175658,2.32038,1.06757,0.0177992,0.10229,0.242642,1.59431,0.0615232,0.127182,3.05184,0.0410812
21.037278912,0.299652,0.143287,1.92725,0.992178,0.160482,0.127002,0.163824,2.04173,0.112713,0.333287,3.00543,0.124252
21.083718821,0.196633,0.0260522,2.08783,0.374453,0.305295,0.661633,0.250184,1.73904,0.17763,1.75768,1.54841,0.412222
21.130158730,0.787153,0.116551,2.11432,0.0549807,0.257812,1.30857,0.824682,0.459876,0.113209,2.55866,0.337736,0.504626
21.176598639,1.01825,0.165998,1.87494,0.0495239,0.278651,2.1703,0.552849,0.0528006,0.131784,2.64175,0.217677,0.347261
21.223038549,1.56597,0.092526,1.49476,0.0357128,0.3052,2.42699,0.326514,0.0633034,0.116197,2.62759,0.55701,0.0715762
21.269478458,2.05059,0.0152522,1.16902,0.0208519,0.297177,2.87402,0.309779,0.0581161,0.0748949,2.28621,0.726523,0
21.315918367,2.28201,0.0299223,1.04548,0.0721735,0.158082,3.19203,0.300779,0.108176,0.0132684,1.57281,0.662054,0.0261048
21.362358277,2.18225,0.279028,0.965694,0.167454,0.0614652,3.47212,0.133985,0.431891,0.0111643,1.17608,0.401362,0.0472747
21.408798186,2.22107,0.435019,0.864891,0.168534,0.0993981,3.84779,0.0492276,0.51287,0.013002,0.962819,0.0380474,0.0679457
21.455238095,2.12404,0.287961,1.10689,0.0571636,0.0622721,3.88661,0.0405865,0.13463,0.354295,0.986094,0.0634613,0.081751
21.501678005,1.96037,0.14816,1.35292,0.0486138,0.0202592,3.11624,0.0454925,0.015726,0.314043,0.765471,0.349086,0.108803
21.548117914,2.01356,0.17108,1.37274,0.132593,0.106297,2.57712,0.0328441,0.114027,0.367324,0.629161,0.433468,0.4091
21.594557823,2.20614,0.0960477,1.23206,0.103709,0.0202155,2.4929,0.0287214,0.0712052,0.366495,0.897628,0.850216,0.294909
21.640997732,2.31834,0,1.05405,0.00512521,0.0191616,3.30863,0.0276923,0.0330661,0.187497,1.04095,1.05443,0.100527
21.687437642,2.33395,0,1.17704,0,0.0198529,3.73894,0.0126985,0.0285856,0.0880517,0.884352,1.25025,0.141715
21.733877551,1.69673,0,1.552,0,0.058817,3.26819,0.00678927,0.139349,0.234332,0.197925,1.97082,0.158018
21.780317460,0.482585,0,1.95421,0,0.157861,2.75279,0.0195076,0.570246,0.427091,0.0676071,2.6735,0.333328
21.826757370,0.311896,0,2.19263,0,0.122249,2.26397,0.0303629,0.702072,0.295,0.104061,2.95931,0.420076
21.873197279,0.260202,0.00756015,2.37045,0,0.0186169,1.83719,0.220229,0.608443,0.0394006,0.187152,3.05005,0.237615
21.919637188,0.914347,0,2.56211,0,0.0205948,1.73087,0.427554,0.368497,0.05838,0.334954,2.8075,0.00682419
21.966077098,1.19474,0,2.4147,0,0.0286363,1.92674,0.418094,0.521205,0.116656,0.322698,2.43649,0.0093129
22.012517007,1.58075,0,2.08928,0,0.00542868,2.0946,0.386723,0.487172,0.133504,0.0805392,2.18634,0.0100337
22.058956916,1.47731,0.0375656,2.0642,0,0.000466986,2.35348,0.253824,0.197898,0.129096,0.20232,2.34503,0.0891601
22.105396825,1.07023,0,2.34502,0,0,2.37149,0.121247,0.237371,0.0760541,0.394272,2.24147,0.194292
22.151836735,1.11306,0,2.3758,0,0.0081884,2.44807,0.0641529,0.251935,0.0288417,0.589634,2.03863,0.21483
22.198276644,1.28592,0.0576661,2.10406,0,0.0137928,2.41666,0.0997296,0.253734,0.0461608,0.610775,2.18791,0.17105
22.244716553,1.25324,0.095024,1.79497,0,0.0132705,2.35129,0.0555294,0.594121,0.0306504,0.304097,2.83199,0.173283
22.291156463,0.991441,0.0731321,1.60009,0,0.0146928,2.51669,0.0340513,0.872875,0.0152752,0.21836,2.91855,0.09073
22.337596372,0.481634,0.0347457,1.60661,0,0.015059,2.37134,0.0328604,0.989437,0.00528785,0.197957,2.88754,0.0929881
22.384036281,0.184578,0.317471,1.88928,0,0.011874,2.30065,0.0296292,0.762856,0.000960841,0.230748,2.69896,0.114795
22.430476190,0.576266,0.443071,1.80606,0,0.00976574,2.65459,0.0920188,0.268207,0,0.57285,2.3465,0.125656
22.476916100,1.55502,0.210502,1.28013,0,0.00969743,2.98602,0.327862,0.034702,0,0.722973,1.75049,0.124627
22.523356009,2.26023,0,0.670875,0,0.065156,3.25871,0.248472,0.029844,0,0.969157,1.31859,0.0427032
22.569795918,2.43449,0,0.671306,0,0.0624189,3.37594,0.0607691,0.0295904,0,1.55517,0.768208,0.00916173
22.616235828,2.25348,0,0.995621,0,0.0472658,3.40823,0.235367,0.121137,0.0971202,1.75137,0.348204,0.00776748
22.662675737,1.92588,0,1.68798,0.00717508,0.0445212,3.27212,0.434817,0.0516816,0.102449,1.96764,0.246005,0
22.709115646,0.929699,0,2.23247,0.121956,0.0628703,2.98341,0.569632,0.057351,0.073145,2.40182,0.244334,0
22.755555556,0.866708,0,2.53509,0,0.015173,2.55126,0.497808,0.231019,0.0207087,2.60548,0.286622,0.0726018
22.801995465,1.37895,0,2.61481,0,0.00279129,2.42329,0.361865,0.408396,0.0362534,2.46039,0.212618,0.159203
22.848435374,2.04206,0,2.44025,0,0.0074667,2.27456,0.427025,0.16922,0.293365,2.08242,0.0967855,0
22.894875283,1.95528,0,1.78468,0,0.0189613,3.49767,0.212672,0,0.343681,1.6386,0.389714,0
22.941315193,1.94682,0,1.28072,6.42146e-05,0.0237438,3.71643,0.120929,0.0164356,0.169496,1.54876,0.957593,0
22.987755102,1.81071,0.0137862,0.997322,0,0.0240279,3.73662,0.10009,0.0167037,0.1109,1.46585,1.3438,0
23.034195011,1.13807,0.4066,0.472105,0,0.019922,3.61898,0.0862113,0.0714897,0.0404937,1.92032,1.44992,0
23.080634921,0.399156,1.03564,0.148953,0,0.0176678,3.22401,0.201429,0.258005,0.329019,2.04418,1.52479,0
23.127074830,0.407033,0.89108,0.437753,0,0.0214052,2.96295,0.205524,0.263377,0.493131,2.01649,1.56161,0
23.173514739,0.515265,0.58149,1.25149,0,0.0183734,3.13477,0.0419532,0.0393752,0.417371,1.65984,1.57015,0
23.219954649,0.425575,0.50018,1.80197,0.038773,0.0173707,3.10015,0.036215,0.0333519,0.0904257,1.71191,1.18336,0
23.266394558,0.399936,0.326299,1.86414,0.143886,0.0207233,3.0964,0.0347102,0.231711,0.0158636,1.67266,0.726187,0.0954821
23.312834467,0.689083,0.218919,1.76014,0.134751,0.0209995,3.64724,0.032545,0.460964,0.04674,1.32921,0.773944,0.288709
23.359274376,1.35391,0.174292,1.42857,0.0975063,0.017552,3.99044,0.0337125,0.275956,0.0328535,0.773884,0.961484,0.375881
23.405714286,1.55115,0.151594,1.07356,0,0.087201,3.6709,0.0457757,0.12697,0.0246322,0.66416,1.24837,0.361871
23.452154195,1.18076,0,1.331,0,0.0568938,3.16305,0.0687201,0.0308262,0.0188334,0.725019,1.46044,0.65449
23.498594104,0.352929,0,1.93072,0,0.0116324,2.67636,0.209102,0.0047093,0.0747952,0.441578,2.07949,1.00663
23.545034014,0.161474,0.00185879,2.36691,0,0.0229023,2.06925,0.416494,0.00443294,0.0991008,0.175875,2.48546,0.867196
23.591473923,0.485932,0,2.46593,0,0.0302818,1.63722,0.880771,0.0189621,0.0954873,0.365841,2.7351,0.231797
23.637913832,0.729334,0.00625969,2.54632,0,0.0343607,1.50036,1.04221,0.0191632,0.0719025,0.57534,2.57722,0.00392996
23.684353741,0.699818,0,2.63123,0,0.0274182,1.64683,1.12259,0.142168,0.0652542,0.531893,2.5836,0.00609302
23.730793651,0.700982,0,2.65275,0,0.0152843,1.43398,0.718313,0.254246,0.0692025,0.198402,3.02456,0.0012319
23.777233560,0.595223,0,2.7203,0,0.00445163,1.21563,0.27708,0.327636,0.0235225,0.406481,3.22138,0.096468
23.823673469,0,0,2.5364,0.401941,0.0052161,1.25125,0.0465592,0.817027,0.0257654,0.820854,2.89679,0.00380748
23.870113379,0,0.123198,2.65621,0.6831,0.0103289,1.21555,0.0366671,1.07875,0.00406705,1.19275,2.34005,0
23.916553288,0,0.158187,2.59405,0.653367,0.0148714,1.28637,0.041072,1.58625,0.0164578,1.2465,1.537,0.0825543
23.962993197,0.0649363,0.0261657,2.63016,0.516486,0.0153591,1.42159,0.0468728,2.0175,0.00659706,1.34649,1.26086,0.21853
24.009433107,0.298294,0,2.34852,0.111881,0.0164238,1.48915,0.046547,2.21587,0.00161246,1.26214,1.49667,0.285042
24.055873016,0.23146,0,2.18694,0,0.0171795,1.53251,0.0376144,2.19319,0.0124403,1.21187,1.71515,0.244649
24.102312925,0.0938309,0,2.02072,0,0.015893,1.68393,0.0322116,1.99061,0.26316,0.985231,1.76297,0.117697
24.148752834,0.205791,0,1.61014,0,0.0141577,2.33093,0.0298041,1.54495,0.442146,0.811121,1.81851,0.0473909
24.195192744,0.961365,0,1.01419,0,0.0142565,2.76171,0.0351148,0.729659,0.434672,1.05318,1.39293,0.0790517
24.241632653,1.98533,0,0.999892,0,0.0343082,2.98513,0.0400849,0.250297,0.344763,1.29593,0.868003,0.0637481
24.288072562,2.09925,0,1.30514,0,0.0269415,3.01377,0.0479767,0.264991,0.172043,1.26374,0.87014,0.103808
24.334512472,2.14475,0,1.52336,0,0.052719,2.92406,0.0562238,0.324301,0.103145,1.17035,0.783443,0.251152
24.380952381,2.57069,0,0.967892,0,0.616118,2.20432,0.0543068,1.10456,0.0548364,1.45185,0.553206,0.216813
24.427392290,2.22743,0,0.975795,0.0034274,0.631854,1.96616,0.121802,1.80277,0.0555087,1.77934,0.0200649,0.154424
24.473832200,1.5502,0.2447,0.934582,0.054406,0.380568,2.01345,0.174467,1.93317,0,2.18673,0.0500784,0.333478
24.520272109,1.39779,0.602219,0.496394,0.0645097,0.325705,2.01788,0.101829,1.89587,0,2.34093,0.157927,0.373043
24.566712018,2.05317,0.212498,0.143594,0.0139387,0.0393388,2.17746,0.277875,1.52025,0.00494153,2.48993,0.303418,0.0661044
24.613151927,2.12781,0.0817051,0.0437281,0,0.0141355,2.72533,0.305316,1.02173,0.088246,2.22741,0.439455,3.46974e-05
24.659591837,2.22296,0.0933876,0.0122004,0,0.0252855,3.14979,0.142852,0.344149,0.0858086,1.53132,0.780587,0.0369979
24.706031746,2.33076,0.0385909,0.00308163,0,0.0292059,3.5903,0.0153051,0.156241,0.0738586,0.987765,0.786345,0.203559
24.752471655,2.35528,0,0.0370578,0,0.0277881,3.66696,0.0207562,0.0372613,0.0155093,0.854998,0.694873,0.277551
24.798911565,2.30517,0,0.146588,0,0.0217954,3.87121,0.0230244,0.024384,0.00263763,0.816791,0.290842,0.609122
24.845351474,2.2771,0,0.146991,0,0.0189836,3.99859,0.0294201,0.0161701,0.00346913,0.857644,0.198111,0.745133
24.891791383,2.32965,0,0.0650074,0,0.0171527,3.9722,0.0361503,0.0117076,0,0.84953,0.137967,0.0660156
24.938231293,2.33619,0.00216549,0,0,0.0188592,3.25766,0.0821736,0.102719,0,0.79666,0.64459,0.0487014
24.984671202,2.16326,0.0192806,0.068614,0.228104,0.0240929,3.08778,0.399085,0.170948,0,0.443894,0.927565,0.214346
25.031111111,1.86078,0.0204343,0.181974,0.257189,0.02823,3.39956,0.506113,0.0806698,0,0.13039,1.26713,0.172098
25.077551020,1.84639,0,0.282142,0.13034,0.032,3.73971,0.355547,0.0297362,0,0.131871,1.51586,0.00140872
25.123990930,2.05732,0,0.278607,0,0.0325393,3.80631,0.0278335,0.185409,0.0499251,0.0613393,1.60811,0.0288705
25.170430839,1.57639,0,0.849717,0,0.0401425,3.30526,0.00537679,0.733673,0.0640228,0.0691531,1.98508,0.142083
25.216870748,0.973898,0.0241504,1.64306,0,0.0387582,2.72872,0.0471922,1.027,0.100448,0.0742478,1.85456,0.413531
25.263310658,0.464724,0.0502672,2.33418,0,0.150661,2.2115,0.0533554,1.1854,0.0952112,0.105099,1.99238,0.80887
25.309750567,0.344876,0.0302251,2.61715,0,0.0309744,2.18559,0.185535,1.00307,0.0644553,0.0481849,1.84747,1.2385
25.356190476,0.425942,0.0471681,2.64259,0,0,2.09382,0.23894,0.474057,0.0482395,0.196015,1.77476,1.22047
25.402630385,0.987734,0.346684,1.99208,0,0,2.18184,0.0656534,0.250345,0.04298,0.347486,1.68761,1.01302
25.449070295,1.51783,0.425061,1.93981,0,0.00563376,2.46134,0.036113,0.344809,0.120845,0.464201,1.55153,0.188875
25.495510204,1.75737,0.130534,1.77636,0,0.0247737,2.65571,0.00161118,0.586359,0.123365,0.853282,1.62184,0.0541507
25.541950113,1.6595,0.0510496,1.66824,0,0.0269738,2.93729,0,1.05998,0.0950597,0.89555,1.70733,0.111033
25.588390023,1.57945,0.0315694,1.80943,0,0.0237298,3.03866,0.0242229,1.26596,0.0563133,0.790554,1.71464,0.118254
25.634829932,1.52294,0,2.04843,0,0.0124887,3.17497,0.0388338,0.850915,0.00573649,0.510614,1.75348,0.173586
25.681269841,1.67829,0,2.06577,0,0.0122938,2.99393,0.19183,0.382651,0.0027797,0.384276,2.24848,0.105213
25.727709751,1.54928,0,1.9985,0,0.0145075,2.69929,0.230725,0.125826,0.0122393,0.0123201,2.6387,0.0801276
25.774149660,1.29498,0,1.74392,0,0.0520298,2.37263,0.175503,0.656107,0.0102881,0.00908981,2.45924,0.103299
25.820589569,1.39308,0.310477,1.11259,0,0.117215,2.40905,0.0730041,1.24572,0.000989517,0.00450031,1.99182,0.118552
25.867029478,1.57591,0.567449,0.451292,0.0187883,0.016622,2.76832,0.0566368,1.35736,0,0.00789634,1.63821,0.141727
25.913469388,1.87468,0.41776,0.185962,0.118616,0.0183065,3.04422,0.0356973,0.985063,0,0.621844,1.26411,0.103217
25.959909297,2.27061,0,0.300074,0,0.0332907,3.37982,0.0490638,0.412445,0.00214761,1.32718,1.46069,0.0292085
26.006349206,2.26313,0.0112916,0.913678,0,0.040222,3.4774,0.0679241,0.107431,0.146615,1.78449,1.21022,0.289628
26.052789116,1.92298,0.000458795,1.45088,0,0.0422726,3.47696,0.0672237,0.0893704,0.10644,1.96775,0.879261,0.287895
26.099229025,1.68457,0.133622,1.5577,0,0.0372807,3.17486,0.0490932,0.128353,0.111801,1.98913,0.977683,0
26.145668934,1.84114,0,1.61107,0,0.0286401,2.81403,0.0640305,0.0283443,0.103997,2.0088,1.23328,0
26.192108844,2.00634,0,1.91608,0,0.0262751,2.42862,0.0409575,0.0267941,0.0780597,2.08248,1.32596,0
26.238548753,1.89877,0.00330857,2.12838,0,0.133842,2.16978,0.0262167,0.0251943,0.0684121,1.37914,1.43537,0
26.284988662,1.62781,0.0138749,2.02584,0,0.112765,2.27124,0.0904543,0.0287006,0.0591347,0.528933,1.41225,0
26.331428571,1.80357,0.0209601,1.75544,0,0.0100966,2.34744,0.130007,0.028699,0.0198333,0.676976,1.61022,0.0474344
26.377868481,2.07306,0.0267891,1.13964,0,0.0312947,2.50087,0.0398174,0.0247533,0.0431846,0.834966,1.54641,0.351538
26.424308390,1.85914,0.0488448,0.548512,0.037609,0.0139384,2.76458,0.142703,0.0107259,0.162382,1.26129,1.28658,0.163113
26.470748299,1.13436,0.505233,0.490741,0,0.0551666,2.72315,0.32823,0,0.677372,0.983301,1.58696,0.149909
26.517188209,0.477294,1.08306,0.623965,0,0.0413905,2.42074,0.306422,0,0.842327,0.572589,2.04571,0.128299
26.563628118,0.285795,1.36268,0.658757,0.0349222,0.0154982,2.01755,0.305243,0,1.0065,0.481478,2.19746,0.133162
26.610068027,0.189983,1.18726,0.991241,0.161255,0.321847,1.46616,0.713672,0.0306644,0.955309,0.594049,1.95903,0
26.656507937,0.198983,1.07324,1.20859,0.490606,0.10626,1.61425,0.802064,0.115065,0.73157,0.974213,1.20969,0.0558361
26.702947846,0.529734,0.706037,1.23843,0.634088,0.0168401,1.73622,0.831343,0.127953,0.183802,1.2048,0.61967,0.323584
26.749387755,0.876007,0.299942,1.20097,0.476006,0.0152372,2.11226,0.524359,0.0682586,0.114207,0.976997,0.395769,0.360102
26.795827664,1.09359,0.193679,1.18321,0.178989,0.124959,2.51388,0.393893,0,0.137711,0.977322,0.251408,0.136725
26.842267574,1.26325,0.218553,0.838272,0,0.228207,1.9414,0.506777,0.0242051,0.0979971,1.47694,0.243978,0.0197217
26.888707483,1.13383,0.483928,0.906367,0,0.262807,1.77756,0.636784,0.097438,0.139713,1.35614,0.892772,0
26.935147392,1.20118,0.28364,1.17787,0,0.236256,1.62134,0.63665,0.227013,0.150872,0.783577,1.8387,0
26.981587302,0.978838,0.0111521,1.31425,0,0.11341,1.57853,0.599586,0.459311,0.19084,0.362214,2.44542,0.0217361
27.028027211,1.07736,0.0166184,1.45199,0,0.0455195,1.62351,0.815046,0.717129,0.391668,0.196247,2.34398,0.0451475
27.074467120,1.60268,0.100413,1.29729,0,0.0616888,1.82606,1.03807,0.676514,0.0928755,0.18269,1.57337,0.127126
27.120907029,1.76422,0,1.66117,0.0105861,0.00941934,2.18886,0.957885,0.49477,0.0774243,0.268618,0.777541,0.417937
27.167346939,1.80032,0.00540607,2.16613,0.0135574,0.0558941,2.55653,0.812893,0.320485,0.122053,0.533242,0.471167,0.429305
27.213786848,1.64944,0,2.57435,0.0143567,0.140907,2.37077,0.780076,0.651894,0.113863,1.10942,0.402071,0.0297439
27.260226757,1.49242,0,2.59691,0.0161228,0.0489897,2.19621,0.293916,0.959978,0.0787986,0.95002,0.371854,0.0192796
27.306666667,1.29988,0.000782785,2.52254,0.0141445,0,2.16878,0.138229,1.19192,0.0647773,1.03652,0.350571,0.00310403
27.353106576,1.2466,0.00169503,2.73727,0.133677,0,1.69472,0.0281597,1.05363,0.00427039,0.97437,0.854203,0.00209374
27.399546485,0.763786,0.0015771,3.57378,0.0132919,0,1.57037,0.0546724,0.903568,0.114799,0.838738,1.45282,0.024054
27.445986395,0.360021,0.0019099,3.77294,0.0149446,0,1.47289,0.533874,0.844572,0.401229,0.912976,1.44184,0.138318
27.492426304,0.228068,0.00180163,3.51914,0.0168814,0,1.30065,0.767747,1.10319,0.462243,0.78927,1.21621,0.283416
27.538866213,0,0.00168085,2.65424,0.0180197,0,1.34358,0.518795,1.94542,0.322728,0.683489,1.16279,0.196488
27.585306122,0.296611,0.111745,2.15315,0.0409582,0,1.59028,0.358791,2.07856,0.223709,0.449065,1.19753,0.111843
27.631746032,0.755226,0.220797,1.48901,0.221878,0,2.21149,0.0163321,2.62413,0.00618349,0.490745,1.15577,4.19048e-05
27.678185941,1.21019,0.203472,1.39988,0.10808,0.00803991,2.267,0.0441787,2.78974,0.00903289,0.78427,0.811738,3.98509e-05
27.724625850,1.30796,0.0563809,0.917049,0.511726,0,2.71647,0.0599348,2.36717,0.123013,1.19587,0.368438,0.118944
27.771065760,1.16079,0.0013548,0.924258,0.753861,0,2.82194,0.056466,1.96205,0.284434,1.23321,0.409314,0.328713
27.817505669,1.18358,0.0298872,0.92031,0.666,0,2.52272,0.0477171,1.54525,0.260769,1.57442,0.730796,0.238385
27.863945578,1.77678,0.0850633,0.626341,0.060773,0.00192889,2.48857,0.044993,1.00877,0.161604,1.99026,1.2526,0
27.910385488,1.68032,0.0945033,0.681136,0.0545943,0.0303269,2.88815,0.0489682,0.99602,0.212175,1.97707,0.966269,0
27.956825397,1.52768,0.24549,1.15158,0.0280463,0.00212236,2.79043,0.0613985,1.57775,0.11187,1.8317,0.725745,0
28.003265306,0.929285,0.270309,1.13276,0.402154,0,2.2809,0.0598899,2.02029,0.125839,1.3691,1.06836,0.518338
28.049705215,0.250103,0.102894,1.18034,1.18378,0.00777554,1.49507,0.0497411,2.38019,0.137691,1.22684,1.24654,0.771145
28.096145125,0.073174,0.000481123,1.24743,1.93897,0.0152191,1.18798,0.0435419,2.06087,0.130229,0.896106,1.18156,0.826438
28.142585034,0.616988,0.00085998,1.01565,2.38412,0.00318877,1.32072,0.0468574,1.67547,0.0764778,0.678604,1.94147,0.213266
28.189024943,0.778904,0.030563,0.195069,2.63841,0.0362599,1.79973,0.010467,1.34062,0.0614163,0.422307,2.13229,0.210103
28.235464853,0.606317,0,0.177111,2.51229,0.101171,1.7266,0.0653507,1.44386,0.171701,0.320252,2.16526,0.272524
28.281904762,0.786385,0.00172698,0.185157,2.32346,0.0963177,1.56497,0.125066,1.34179,0.127171,0.205432,2.26575,0.315022
28.328344671,0.906242,0.0164312,0.0534469,2.23727,0.0367043,1.60654,0.202209,1.32958,0.20007,0.1046,2.15403,0.0481522
28.374784580,0.335152,0.0971839,0.0828337,1.96963,0.192122,1.90348,0.254393,1.43282,0.47764,0.280462,1.96159,1.13479e-05
28.421224490,0.178426,0.189594,0.492574,1.99708,0.296942,1.56274,0.00357909,1.49077,0.363012,0.110765,2.11907,0.13928
28.467664399,0.162974,0.0634208,0.715714,2.30817,0.186053,1.06767,0.0328428,2.04323,0.0209086,0.192026,2.33018,0.100395
28.514104308,0.189618,0.019375,0.909336,2.26624,0.249476,0.568325,0.0475617,2.33079,0.0274617,0.150448,2.38415,0.0215913
28.560544218,0.416789,0.0229674,0.84191,2.17029,0.179675,0.194524,0.0538452,2.61178,0.0587665,0.196555,2.47865,0.0500754
28.606984127,0.535737,0.015509,0.282289,2.09725,0.258487,0.417763,0.147812,2.39737,0.280106,0.851456,1.89044,0.581126
28.653424036,0.604891,0.109991,0.0390229,1.88722,0.979181,0.547927,0.227339,1.49081,0.771573,1.00056,1.45212,0.342505
28.699863946,0.276897,0.374872,0.184991,1.90596,1.18825,0.450118,0.345402,1.07329,0.869626,1.05435,1.19419,0.317988
28.746303855,0.0273566,0.364036,0.0405183,1.65147,0.884143,0.351048,0.365899,1.1848,0.600689,1.44957,1.45107,0.203357
28.792743764,0.0144249,0.313882,0,1.74529,0.3658,0.419534,0.583474,1.12556,0.135408,1.84933,0.957836,0.0115802
28.839183673,0.00585943,0.42274,0.000389218,1.71179,0.250636,0.117689,0.498028,0.726998,0.185673,1.30859,1.64659,0.15795
28.885623583,0.178438,0.598679,0.395548,1.70703,0.461868,0.0429832,0.379294,1.13011,0.195768,0.243139,2.14296,0.0658893
28.932063492,0.148355,0.4283,0.533293,1.82339,0.423913,0.00659927,0.276411,2.31028,0.203647,0.0967792,2.12446,0
28.978503401,0,0.160989,0.931054,1.7986,0.159738,0.0819984,0.187358,3.10025,0.197698,0.103817,1.86195,0
29.024943311,0,0.0565837,1.12168,1.72486,0.0651713,0.0678443,0.107934,3.02924,0.183826,0.439743,1.93265,0.0209602
29.071383220,0,0,1.05724,1.50148,0.222184,0.0722836,0.263951,2.83655,0.210691,0.229034,2.3385,0.160997
29.117823129,0,0,1.22668,1.56741,0.217971,0.0651433,0.61601,2.47065,0.184387,0.0219573,2.32755,0.0825145
29.164263039,0,0,1.42483,1.56253,0.0261907,0.0689543,0.2547,2.71999,0.414181,0.0896324,2.12869,0.0749394
29.210702948,0,0,1.77365,1.53263,0.126589,0.508533,0.151901,2.89292,0.509215,0.0593332,1.67748,0.194605
29.257142857,0.0457459,0.00037223,2.12597,1.23914,0.044961,1.03227,0,2.76912,0.366829,0.00488368,1.47852,0.778092
29.303582766,0.130288,0.105061,1.76088,1.23175,0.0528485,1.03298,0.111038,2.66319,0.0812247,0.00961673,1.50262,1.09853
29.350022676,0.000118028,0.490435,1.24553,1.01821,0.0438948,0.399324,0.503837,2.50966,0.113439,0.0171556,2.00486,1.06075
29.396462585,0,0.699639,0.666791,1.00529,0.075401,0.0229591,1.02907,2.89447,0.113678,0.0739034,1.76195,0.430632
29.442902494,0,0.76993,0.552973,1.15732,0.0808709,0.0104946,0.758532,3.26175,0.148371,0.110703,1.86501,0.0226651
29.489342404,0,0.51822,0.46003,1.69064,0.0590731,0.0913619,0.278598,3.34382,0.152309,0.195024,1.60467,0.115334
29.535782313,0.189478,0.103898,0.175905,1.61335,0.0367869,1.20826,0.304045,2.79966,0.135735,0.436794,1.48127,0.191797
29.582222222,0.334333,0,0.381676,1.13014,0.0639752,1.71653,0.324827,2.10427,0.110494,0.858228,1.3996,0.262847
29.628662132,0.387827,0.265476,0.618341,0.667539,0.310017,1.6082,0.378935,2.16448,0.103938,0.794297,1.3326,0.454572
29.675102041,0.501614,0.351107,0.777988,0.588691,0.395791,1.02208,0.558763,2.54114,0.110332,0.175569,1.28862,1.29105
29.721541950,0.481029,0.137515,0.504767,0.944524,0.0864118,0.116995,0.822988,3.12394,0.123926,0.0906526,1.06176,1.16637
29.767981859,0.255274,0,0.842843,1.23047,0.187369,0.156136,0.796234,3.07859,0.167168,0.07937,1.24329,1.05378
29.814421769,0.0907259,0,1.01965,1.41943,0.0523253,0.107984,0.630542,2.90107,0.182014,0.0857137,1.59381,0.83471
29.860861678,0.0524201,0.0349969,0.489859,1.13793,0,1.20857,0.385468,2.61492,0.199174,0.397137,1.93518,0.52306
29.907301587,0.0215914,0.0805313,0.0865135,1.07537,0,2.43251,0.00147467,1.8846,0.226737,0.695503,2.16135,0.367899
29.953741497,0.107976,0.0704701,0.141621,0.97669,0.0143445,2.63969,0.0179949,1.55081,0.248293,0.547776,1.98155,0.48204
30.000181406,0,0.0547691,0.74987,1.4014,0.0184244,2.44755,0.0132597,1.85488,0.282374,0.45396,1.48444,0.782693
30.046621315,0,0.660254,0.705678,1.63413,0.030621,1.6921,0.068753,2.57474,0.245294,0.099713,1.59575,0.404031
30.093061224,0.133619,0.929349,0.340503,1.54801,0.0516883,0.975616,0.0319008,2.3179,0.228754,0.0694639,1.62486,0.304837
30.139501134,0.318069,0.862655,0.413672,1.39172,0.111438,0.871278,0.165688,1.99353,0.0894178,0.0114048,1.46825,0.226992
30.185941043,0.320274,0.719331,0.456212,1.47017,0.132332,0.477619,0.123522,2.28504,0.122428,0.0133943,1.95084,0.105694
30.232380952,0.198521,0.291216,0.825589,1.65455,0.0961737,0.0770285,0.0610316,2.42935,0.253894,0.0964509,2.10507,0.0491718
30.278820862,0.0980175,0.181213,1.48979,1.60197,0.0308031,0.0558938,0.330832,2.4308,0.461825,0.281486,1.69067,0.0410669
30.325260771,0.177885,0.0593312,0.903406,1.32948,0.284768,0.388879,0.329074,1.68712,0.751139,0.25992,1.74017,0.245648
30.371700680,0.369577,0.135174,0.617975,0.802556,1.37045,0.465105,0.249745,1.01649,0.775712,0.52994,1.17342,0
30.418140590,0.161259,0.281692,0.162115,1.28497,1.17013,0.274477,0.128298,0.902784,0.450192,1.75909,0.951346,0
30.464580499,0.0788611,0.204146,0.111711,1.56475,0.850398,0.0578056,0.000110672,0.591304,0.203368,2.04742,1.06312,0
30.511020408,0.0274269,0.186569,0.0809243,1.53043,0.68425,0.115396,0.0061732,0.525859,0.323656,1.57358,1.18799,0.0698436
30.557460317,0.229845,0.524741,0.121436,1.46989,0.518085,0.0527579,0.172549,0.75408,0.18093,0.965281,1.22526,0.00900828
30.603900227,0.310309,0.579956,0.308056,0.885076,0.436572,0.059852,0.313808,1.35893,0.172935,0.632535,1.23534,0.0511002
30.650340136,0.0661263,0.4169,0.462345,1.52596,0.558413,0.140613,0.251766,2.43759,0.166184,0.186087,0.801363,0.136216
30.696780045,0.0418311,0.185503,0.478902,1.74033,0.408657,0.00577526,0.0530162,2.78014,0.174181,0.0782422,1.40072,0.308825
30.743219955,0.0511147,0.0200672,0.708008,1.9807,0.229081,0.043313,0.191111,2.83106,0.192149,0.0289875,1.65574,0.272171
30.789659864,0.133555,0.000888536,0.849166,2.01185,0.200679,0.00723547,0.223033,2.7556,0.133135,0.0095392,1.82942,0.326865
30.836099773,0.0682867,0,0.969216,2.07631,0.123631,0.0478894,0.44553,3.13951,0.116168,0.0320027,1.48882,0.320287
30.882539683,0.0628537,0,1.31369,2.1812,0.0155018,0.100377,0.449517,3.3307,0.0549196,0.227995,0.718698,0.409633
30.928979592,0,0.00152001,1.57852,1.37715,0.100556,0.211569,0.0507773,3.28487,0.171367,0.418588,0.619138,0.802314
30.975419501,0,0.0628028,1.34023,1.10378,0.234963,0.312902,0.0361974,3.31482,0.453013,0.368084,0.881783,1.14095
31.021859410,0,0.104571,0.397589,1.80269,0.313897,0.35889,0.0403356,3.16977,0.601712,0.201123,1.17218,1.27653
31.068299320,0,0.155336,0.23334,2.14835,0.248346,0.177648,0.608298,2.77182,0.467485,0.0904487,1.41329,1.18935
31.114739229,0.00635731,0.201976,0.458955,2.58298,0.155432,0.0257793,0.638662,2.53727,0.415302,0.0580451,1.26826,0.811207
31.161179138,0.138462,0.108507,0.527279,2.45768,0.0532299,0.0307589,0.32513,2.73323,0.554146,0.0905504,1.14271,0.466606
31.207619048,0.422395,0.161437,0.436288,2.19703,0.0290028,0.0454425,0.0716027,2.75872,0.608995,0.160075,0.765835,0.472623
31.254058957,0.452075,0.106664,0.42324,1.54336,0.00717077,1.02416,0.420466,2.3524,0.714039,0.287432,0.832114,0.560351
31.300498866,0.593152,0.14818,0.583742,1.52515,0.0271956,1.45926,0.447033,1.88069,0.569279,0.287723,0.975243,0.344012
31.346938776,0.500711,0.0466095,0.722378,1.29974,0.00290353,1.16877,0.56835,1.81126,0.586795,0.33024,1.28065,0.748412
31.393378685,0.104584,0.0596584,0.776727,1.24642,0,0.880699,0.774344,2.36001,0.392831,0.100474,1.35932,1.0567
31.439818594,0.00569198,0.0934997,0.875879,1.23,0,0.30027,0.893176,2.82547,0.276424,0.0812579,1.53782,1.19947
31.486258503,0,0.0498592,1.07784,1.35566,0.000774044,0.097107,0.861878,2.76151,0.19572,0.103479,1.58973,1.14506
31.532698413,0.000185689,0.0678712,0.91406,1.85189,0.0983334,0.266919,0.700994,2.7002,0.145034,0.0803383,1.41702,1.01944
31.579138322,0.000178908,0.0490489,0.927799,2.06067,0.155032,0.889245,0.54089,2.5887,0.139311,0.0972386,1.49568,0.800962
31.625578231,0.00276445,0.0431831,0.463238,2.15511,0.0275921,1.59385,0.265997,2.27756,0.130432,0.346812,1.87501,0.2448
31.672018141,0.403367,0.0593947,0.291584,2.14875,0.0425569,1.49669,0.33226,2.18505,0.142633,0.384822,2.27302,0.0813058
31.718458050,0.167005,0.0895138,0.408248,2.21845,0.043562,1.01525,0.568563,2.2203,0.171421,0.15361,2.47481,0.0986499
31.764897959,0.146791,0.726576,0.113905,1.83494,0.0823179,0.670263,0.687447,1.85558,0.265542,0.111846,2.17699,0.175584
31.811337868,0.195466,0.808345,0.103218,2.23718,0.223389,0.718315,0.340231,1.70027,0.44417,0.113274,1.69924,0.374185
31.857777778,0.273649,0.872336,0.0779114,2.71843,0.231898,0.794462,0.0487435,2.01831,0.00331089,0.0873724,1.51521,0.51162
31.904217687,0.285023,0.699309,0.325275,2.60389,0.0579987,0.609154,0.0208512,2.42266,0.161178,0.066479,1.55242,0.676176
31.950657596,0.189531,0.118886,0.767327,2.12807,0.0965994,0.055954,0.0294096,2.94973,0.210704,0.203836,1.72857,0.525989
31.997097506,0.079887,0.357886,0.787783,1.70494,0.041274,0.0286181,0.0788026,2.68514,0.379827,1.07884,1.43543,0.150527
32.043537415,0.0474429,0.406761,0.908815,1.16292,0.108343,0.414328,0.334309,1.89404,0.293637,0.873476,1.48858,0.0316663
32.089977324,0.089519,0.708303,0.564932,1.04964,0.717156,0.308532,0.460084,1.06794,0.141277,0.669137,1.57398,0.0265879
32.136417234,0.147671,0.34263,0.50854,1.04586,0.832147,0.104557,0.352985,1.11962,0.170731,0.643513,1.33061,0.0301221
32.182857143,0.085062,0.223292,0.0279913,1.50155,0.602962,0.0740069,0.0310549,1.45696,0.183329,0.938863,1.06326,0.073241
32.229297052,0.112031,0.286712,0.0876485,1.48897,0.357673,0.101952,0.0218477,1.65398,0.250129,0.706906,1.33911,0.0764004
32.275736961,0.177191,0.360223,0.138842,1.37855,0.119127,0.249349,0.137702,1.69398,0.227458,0.504537,1.45752,0.00461929
32.322176871,0.0777393,0.224944,0.348715,1.38361,0.0824089,0.39581,0.189636,1.87498,0.189368,0.264147,1.31884,0
32.368616780,0.0708882,0.0270175,0.851106,1.3885,0.0883391,0.195978,0.23512,2.662,0.19024,0.104572,0.992964,0
32.415056689,0.023043,0,0.897864,1.47802,0.257688,0.0271889,0.195208,3.11817,0.169139,0.143894,0.760576,0.30975
32.461496599,0,0.00831325,0.95406,1.39741,0.235052,0.0158105,0.204884,3.18506,0.178014,0.312538,0.890944,0.445082
32.507936508,0,0.0590365,1.1348,1.2156,0.134232,0.0128101,0.134271,3.13239,0.205528,0.1725,1.11231,0.746508
32.554376417,0.0129283,0.127804,1.17088,1.13147,0.0962084,0.0422783,0.018871,3.47143,0.301499,0.0545917,1.08843,0.748142
32.600816327,0.0152276,0.0962395,1.215,0.99705,0.0245519,0.133205,4.27715e-05,3.6073,0.482452,0.0548485,0.935724,0.908611
32.647256236,0.0230121,0.295778,1.04135,0.964466,0.0387847,0.264237,0,3.72567,0.443367,0.0938959,1.03931,0.888841
32.693696145,0.062427,0.394274,0.865656,1.2989,0.0428674,0.462687,0,3.5893,0.268811,0.236438,1.27987,0.793202
32.740136054,0.131,0.477784,0.840319,1.7032,0.0491112,0.404419,0,3.27405,0.245867,0.361974,1.43553,0.620697
32.786575964,0.138814,0.267734,0.75207,2.05294,0.0344645,0.06948,0.0217783,3.37758,0.18633,0.441603,1.35129,0.601639
32.833015873,0.150131,0.00164332,0.660286,1.99163,0.04144,0.0447472,0.0418672,3.1858,0.19364,0.468413,1.00711,0.473293
32.879455782,0.713059,0.00188387,0.13828,1.26148,0.244145,0.0113848,0.0870418,2.26973,0.627337,0.577048,0.999895,0.451609
32.925895692,0.95011,0.127832,0.159762,0.775572,0.281486,0.684269,0.22703,1.2816,0.820473,0.878526,0.972245,0.31052
32.972335601,0.722439,0.436045,0.156108,0.49235,0.762267,1.24813,0.359275,0.940154,0.481163,1.19786,0.965994,0.226894
33.018775510,0.34047,0.618069,0.287125,0.342542,0.932185,1.17464,0.384857,0.393943,0.120728,1.92242,1.45157,0.222222
33.065215420,0.039971,0.520436,0.410731,0.276205,0.778092,1.55069,0.509368,0.597705,0.299042,1.35979,1.71877,0.244939
33.111655329,0.0211004,0.460767,0.475897,0.353159,0.203756,1.24028,0.43465,1.13907,0.502676,0.227214,2.70788,0.451136
33.158095238,0.0780817,0.0768042,0.509619,0.273312,0.0390635,0.658289,0.35544,1.20477,0.559973,0.0768528,3.32057,0.248751
33.204535147,0.0806998,0.0108875,0.611782,1.42343,0.0479939,0.642253,0.250398,1.04364,0.54918,0.0825876,3.09358,0.0226054
33.250975057,0.0496041,0.0328163,0.768536,1.59197,0.0714087,0.969658,0.18425,0.593944,0.548353,0.119972,3.13279,0
33.297414966,0,0.0361532,0.844158,1.15637,0.0724668,1.47963,0.096113,0.0753284,0.540648,0.366566,3.10443,0
33.343854875,0,0.00723573,0.873217,0.597113,0.0169984,1.73801,0.0221903,0.117627,0.509227,0.553403,2.64945,0.0877876
33.390294785,0,0,1.0109,0.230419,0.0502334,1.71572,0.0297658,0.0464028,0.574365,0.137632,3.14854,5.98316e-05
33.436734694,0,0,0.989978,0.223724,0.0598795,1.72427,0.213219,0.0254046,0.545283,0.0708548,3.75001,0.000167319
33.483174603,0.0201823,0,0.927662,0.314591,0.0782515,2.0049,0.517305,0.000709659,0.566133,0.0628919,3.82455,0.000155731
33.529614512,0.0372131,0,0.906539,0.466287,0.0348991,2.00553,1.02579,0.30578,0.71644,0.0477708,3.70448,0.0326432
33.576054422,0.133635,0,0.628554,0.48965,0.0279635,2.02933,0.623844,1.18645,0.567776,0.00505487,3.75616,0.0877461
33.622494331,0.138837,0,0.351469,1.04702,0.0327661,1.89564,0.489682,1.46031,0.288465,0.0598494,3.47312,0
33.668934240,0.165036,0,0.301817,1.36157,0.0407441,1.75911,0.393589,1.30774,0.135557,0.160249,3.46602,0
33.715374150,0.133613,0,0.489015,0.778595,0.0372077,1.56043,0.33898,1.08388,0.255274,0.164553,3.74521,0.00768449
33.761814059,0.214872,0,0.527264,0.806818,0.254318,1.22254,0.354681,0.743189,0.214511,0.124422,3.80633,0.0303271
33.808253968,0.248498,0,0.399433,1.04047,0.174337,1.39626,0.329547,0.845921,0.209628,0.123606,3.88496,0.024651
33.854693878,0.119189,0,0.244256,1.39026,0.0165303,1.54288,0.26654,0.995075,0.200771,0.116423,3.72791,0
33.901133787,0.0592352,0.000145862,0.440965,1.62491,0.0558866,1.66179,0.0644517,0.932057,0.16034,0.146563,3.69272,0.0145671
33.947573696,0.111229,0,1.05828,1.65642,0.0209589,1.68326,0.0824748,0.590982,0.0554706,0.152671,3.45582,0.154073
33.994013605,0.118669,0,1.72305,1.1176,0.0395184,1.59325,0.0864566,0.737795,0.0497341,0.119466,3.35181,0.414292
34.040453515,0.148103,0,1.85735,0.298221,0.0251162,1.53391,0.0708525,1.70135,0.199018,0.105206,3.27307,0.548389
34.086893424,0.301573,0.0601121,1.91982,0.0174964,0.00820485,1.59739,0.0362115,2.27505,0.216914,0.132127,3.01277,0.347374
34.133333333,0.0133834,0.121658,2.07753,0.314396,0.0124364,1.36562,0.0233524,2.74599,0.109178,0.220559,2.80233,0
34.179773243,0.0691429,0.278702,1.67725,0.709394,0.0189418,0.92944,0.00935658,2.03325,0.1661,1.46074,2.46221,0.131418
34.226213152,0.0566431,0.361789,1.79718,0.460206,0.0802445,0.961576,0.00540955,1.28106,0.297944,2.04964,1.88682,0.315837
34.272653061,0.0349184,0.127774,2.63849,0,0.1303,1.04413,0.0426503,0.983027,0.272947,2.09102,1.77532,0.325517
34.319092971,0.0315818,0.00738954,2.79064,0.0124127,0.237429,1.21452,0.0222955,0.9773,0.182573,2.26391,1.57814,0.258332
34.365532880,0,0.0222119,2.25335,0.202549,0.470442,1.28556,0.034558,1.78902,0.142458,1.83614,1.29044,0.245136
34.411972789,0,0.0339556,1.80761,0.193667,0.452119,0.801877,0.0370596,2.45597,0.315272,1.34411,1.57197,0.405483
34.458412698,2.34209e-05,0.0370648,2.11379,0.105458,0.33651,0.510601,0.0378803,3.05642,0.370754,0.440189,2.16288,0.528608
34.504852608,0.000306037,0.0359482,2.47166,0.197494,0.245082,0.210464,0.0258621,3.31097,0.322435,0.0530501,2.12495,0.774576
34.551292517,0.000579668,0.0765791,2.55949,0.240052,0.244819,0,0,3.71397,0.0493962,0.108039,1.86384,0.830305
34.597732426,0.126447,0.100979,2.3131,0.191936,0.0555248,0,0.0200582,3.54661,0,0.172007,2.63393,0.464804
34.644172336,0.207276,0.0986324,2.34904,0.13815,0,0.210272,0.439516,2.38567,0,0.0793819,3.39864,0.0545558
34.690612245,0.249944,0.126981,2.123,0.620478,0.00860659,1.06396,0.249852,1.21516,0,0.298532,3.29853,0
34.737052154,0.252042,0.327351,1.51974,0.688293,0.0219633,1.55348,0.100387,1.07977,0.00286904,0.498271,2.99087,0.105436
34.783492063,0.625175,0.326497,1.518,0.218969,0.140131,1.64696,0.117773,0.713836,0.0765694,0.884019,2.40965,0.256482
34.829931973,1.03817,0.228732,1.56181,0.0207373,0.347786,2.05143,0.363848,0.384855,0.147307,2.29054,0.902002,0.216363
34.876371882,1.25492,0.196543,1.44343,0.0251046,0.321233,2.44944,0.513531,0.183164,0.133887,2.83411,0.07648,0.108697
34.922811791,1.62346,0.116436,1.25628,0.00489434,0.261886,2.4732,0.167253,0.0891576,0.393751,2.76525,0,0.164086
34.969251701,1.81242,0.00127991,1.09943,0,0.562987,2.42383,0.106658,0.0303756,0.60113,1.9725,0,0.2181
35.015691610,1.93613,0.113412,0.913526,0,0.521124,2.73843,0.164686,0.0304039,0.511512,0.640898,0.314668,0.23998
35.062131519,2.04286,0.270109,0.795837,0.0511545,0.0248452,2.87776,0.145281,0.286174,0.377055,0.151693,0.307432,0.39612
35.108571429,2.03419,0.558102,0.807857,0.043118,0.194427,3.05799,0.00644966,0.320495,0.377775,0.2686,0.121769,0.469253
35.155011338,2.25731,0.505527,0.833174,0.0161811,0.450879,3.02256,0.00295367,0.504184,0.242005,0.232158,0.0929632,0.137498
35.201451247,2.28976,0.129496,0.821708,0.0338683,0.510041,2.9615,0.247533,0.75848,0.302714,0.0904362,0.0604341,0.137742
35.247891156,2.3683,0.0965365,1.05024,0.111503,0.620225,2.29721,0.210072,0.535013,0.663238,0.0867238,0.0533596,0.271887
35.294331066,2.40077,0.227993,1.3985,0.351023,0.0313096,2.61578,0.00765051,0.405668,0.406735,0.620891,0.200195,0.507188
35.340770975,2.36084,0.0328703,1.50638,0.261758,0.0313548,3.04489,0,0.386847,0.0262191,1.13401,0.432667,0.444673
35.387210884,2.56477,0.0128797,1.36561,0,0.181212,2.63424,0.0136913,0.350125,0.0130892,1.77169,0.785272,0.139104
35.433650794,2.32143,0.156362,0.98382,0,1.19757,1.65903,0.166209,0.609146,0.0387437,1.88242,0.521092,0.144277
35.480090703,1.41106,0.421563,0.522275,0,1.54407,1.22728,0.442543,0.730403,0.0987961,2.51532,0.330534,0.208729
35.526530612,0.660714,0.359194,0.442873,0,1.09146,1.94229,0.104731,0.635197,0.108811,2.96753,0.353369,0.0933708
35.572970522,0.302061,0.280223,0.383516,0,1.05118,2.06753,0.205651,0.416142,0.112497,3.16859,0.335161,0
35.619410431,0.990642,0.426549,0.415379,0,1.16819,1.79555,0.260401,0.214872,0.162047,3.20684,0.122356,0
35.665850340,1.34435,0.561354,0.21356,0.135773,1.00607,1.70854,0.188349,0.434201,0.158856,3.13532,0.12537,0.0061186
35.712290249,1.54674,0.436718,0.209187,0.34873,0.728485,1.90539,0.176517,0.516158,0.277198,2.6216,0.121873,0.0204647
35.758730159,1.74315,0.103883,0.340663,0.388482,0,2.92502,0.144067,0.379286,0.245727,1.81572,0.3636,0.0471974
35.805170068,1.5908,0,0.536655,0.0537609,0,3.74594,0.106139,0.207987,0.229577,1.8104,0.45149,0.0329849
35.851609977,1.52536,0,0.609049,0.0436103,0,3.83733,0.00470485,0.0579063,0.232416,1.89804,0.50775,0.123765
35.898049887,1.74178,0.000579272,0.651867,0.00795491,0,4.07327,0,0.0140563,0.250474,1.80314,0.311082,0.260011
35.944489796,1.92656,0.0551938,0.512171,0.00977136,0,3.95641,0.0136906,0.0443283,0.253438,1.62597,0.28583,0.259036
35.990929705,1.90292,0.081398,0.248586,0.00183202,0.0374671,3.84266,0.0192282,0.136156,0.465136,1.19355,0.242982,0.214921
36.037369615,1.67508,0.0937945,0,0,0.0239483,3.73132,0,0.134472,0.507891,0.673686,0.144068,0.183986
36.083809524,1.20756,0.313223,0.0518763,0.18133,0.0241074,3.34419,0.0439556,0.0749048,0.439309,0.717641,0.211613,0.182535
36.130249433,1.11669,0.360663,0.194714,0.323126,0.0223186,2.69123,0.16967,0.0639568,0.343317,0.884899,0.20858,0.233111
36.176689342,1.42898,0.126364,0.457496,0.335292,0.0297986,2.70673,0.123095,0.334319,0.250693,0.835352,0.464834,0.345004
36.223129252,1.77914,0.0248145,0.732633,0.0592293,0.0511281,2.90176,0.0561365,0.523072,0.298104,0.714148,0.731498,0.34769
36.269569161,2.23589,0.0221878,0.61383,0.0583617,0.097989,2.37631,0.0809725,0.360042,0.223398,0.614069,0.677978,0.233093
36.316009070,2.55425,0.0079931,0.296977,0.092004,0.356352,1.83698,0.453847,0.341271,0.2463,0.857482,0.234603,0.107943
36.362448980,2.51182,0,0.298097,0.120708,0.19162,1.84641,0.592265,0.460255,0.19675,1.66505,0.113538,0.314593
36.408888889,2.12539,0.0759829,0.0576029,0.0810448,0.0350783,2.0221,0.470473,0.539142,0.159097,2.25154,0.215329,0.339124
36.455328798,1.56529,0.279025,0.12125,0.0334004,0.126255,2.39903,0.462832,0.475483,0.105076,2.57022,0.35337,0
36.501768707,1.19069,0.353119,0.233718,0,0.288242,2.68212,0.530095,0.431637,0.099262,2.71282,0.209541,0.154285
36.548208617,1.03388,0.460466,0.262654,0,0.287777,2.44946,0.491815,0.351927,0.160668,2.70733,0.167034,0.269433
36.594648526,0.952906,0.496083,0.267165,0.00389841,0.206212,2.31745,0.394428,0.26095,0.177422,2.43256,0.69811,0.222709
36.641088435,0.834236,0.554166,0.399032,0.0189918,0.108069,2.44765,0.186847,0.150285,0.209085,2.25885,1.15862,0.184109
36.687528345,1.38546,0.213449,0.864817,0.0223401,0,2.7431,0.158443,0.40541,0.210191,1.96025,1.36361,0.115374
36.733968254,2.15318,0,0.624491,0.0181988,0,2.97898,0.033386,0.704547,0.20624,1.99138,1.52363,0.0304598
36.780408163,2.13795,0,0.385614,0.023534,0.0372006,2.90104,0.0332627,0.534384,0.200068,2.25851,1.49481,0.0892457
36.826848073,2.13087,0,0.329001,0.0190286,0.0566397,2.83101,0.0588069,0.440675,0.201058,2.4862,1.28671,0.00385194
36.873287982,2.10202,0.0347755,0.456637,0.00474259,0.0200264,2.79131,0.0570353,0.662937,0.286781,2.40801,0.964871,0
36.919727891,1.79171,0.503386,0.883554,0.205188,0.0181718,2.58883,0.219367,1.05798,0.27418,1.58297,0.149635,0.119249
36.966167800,1.74785,0.610915,0.851133,0.335099,0.112041,2.34605,0.241252,1.25649,0.13344,1.54279,0.0131021,0.371144
37.012607710,2.07435,0.574146,0.607603,0.27513,0.373586,2.33383,0.0696947,1.3186,0.183388,1.48205,0,0.396389
37.059047619,2.45986,0.255937,0.289723,0.444245,0.361762,2.49596,0.0334344,1.01932,0.0640867,1.44323,0.119947,0.334592
37.105487528,2.57123,0.0270733,0,0.207949,0,2.32984,0.070546,0.920733,0.0526061,2.10924,0.298876,0.715454
37.151927438,2.32354,0.0231388,0,0.661597,0.00750383,1.91748,0.20251,0.558473,0.919033,2.3158,0.201085,0.495988
37.198367347,1.68397,0.177727,0,0.206329,0.527938,1.64668,0.264469,0.21358,0.988348,2.32871,0.131241,0.421664
37.244807256,0.939591,0.207098,0,0,0.784773,1.80705,0.248227,0.180073,0.915764,2.48151,0.201724,0.122981
37.291247166,0.941564,0.262503,0.137574,0,0.881033,1.93705,0.04934,0.17428,0.469696,2.57439,0.209659,8.42532e-05
37.337687075,1.13285,0.430982,0.241626,0,1.20194,1.70499,0.0228173,0.0586873,0.447737,2.22557,0.296684,0.00708468
37.384126984,1.06941,0.447027,0.487945,0,1.34595,1.74132,0,0.0722221,0.701461,1.80929,0.303823,0.167675
37.430566893,1.3149,0.168169,0.525957,0.0193801,1.16071,1.85247,0.222231,0.0724764,1.02413,1.89227,0.218944,0.142197
37.477006803,1.71348,0.0263406,0.518856,0.612934,0.459302,1.90847,0.393129,0.18878,0.211703,2.20766,0.50328,0.045067
37.523446712,1.74948,0.00455006,0.304572,0.52745,0.553509,1.81278,0.265621,0.145852,0.54079,1.95617,1.23881,0.158613
37.569886621,1.14544,0.193855,0.15536,0.658999,0.703275,1.98599,0.0293857,0.0264907,0.518674,1.86254,1.44609,0.611216
37.616326531,1.15631,0.274265,0.0742789,0.637834,0.55573,2.39409,0.0389377,0.0472888,0.521386,1.483,1.10937,0.622203
37.662766440,1.29926,0.0864558,0.00752012,0.552263,0.310174,2.79636,0.0577857,0.0752661,0.467023,1.68717,0.955326,0.548103
37.709206349,1.61836,0.0441431,0,0.602905,0.0334916,2.99846,0.0968295,0,0.21713,1.8968,1.25294,0.0724147
37.755646259,1.6241,0.0351449,0.0427254,0.117857,0.032005,3.78999,0.0858039,0.176673,0.0938495,1.90454,0.680687,0.0325098
37.802086168,1.5461,0.0616452,0.30681,0.259955,0.0316462,3.85158,0.115089,0.24264,0.311286,1.81879,0.420242,0.0173182
37.848526077,1.44149,0.153917,0.196366,0.348849,0.0317354,3.41922,0.0881924,0.342552,0.592699,1.87009,0.404872,0.0265144
37.894965986,1.53508,0.0377922,0.0699575,0.39593,0.0337174,3.3138,0.0828556,0.280879,0.707077,2.18805,0.233944,0.0951018
37.941405896,2.20538,0,0.129516,0.146494,0.0351112,3.57803,0.0245191,0.0493385,0.587775,2.35038,0.151864,0.135632
37.987845805,2.1009,0,0.277137,0.0811653,0.219191,3.60144,0.0105302,0.0495436,0.753723,2.0727,0.41584,0.147876
38.034285714,1.96688,0.0797502,0.317949,0.192492,0.532466,3.35955,0.0716506,0.0114103,0.745503,1.82536,0.56069,0.155946
38.080725624,1.76695,0.123191,0.474773,0.232829,0.497838,2.88461,0.222766,0.0119441,0.67333,1.85413,0.402091,0.142931
38.127165533,1.54328,0.100514,0.636906,0.230188,0.0833534,2.69435,0.292008,0.0814515,0.485118,2.50946,0.0716953,8.93755e-05
38.173605442,0.646615,0.616868,0.342451,0.151938,0.161196,2.3568,0.310872,0.194619,0.531588,3.06859,0.131658,5.46871e-05
38.220045351,0.768521,0.420373,0.114284,0.16522,0.209479,2.38677,0.320343,0.200725,0.482325,3.25852,0.0648047,0.0356346
38.266485261,0.820202,0.503464,0.0529996,0.178939,0.231411,2.45049,0.134549,0.279608,0.334849,3.27906,0.142068,0.0849511
38.312925170,1.27357,0.522879,0.044636,0.184707,0.257263,2.42715,0.077927,0.348886,0.286325,3.21952,0.239553,0.123871
38.359365079,1.72957,0.225175,0.0252702,0.142752,0.267605,2.56042,0.0373284,0.367519,0.228685,3.00796,0.286765,0.0928972
38.405804989,2.22266,0.00855706,0.0993144,0,0.288322,2.84188,0.00844746,0.266353,0.20064,2.43062,0.524119,0.246296
38.452244898,2.44723,0.000571034,0.168216,0.0163007,0.139036,2.86159,0.00393476,0.275739,0.21161,2.06876,0.618527,0.555353
38.498684807,2.44926,0,0.276999,0.0193684,0.0908644,3.11509,0.0353963,0.544878,0.228599,1.50676,0.226256,0.611666
38.545124717,2.42589,0,0.17061,0,0.0926161,3.26107,0,0.708369,0.238178,1.67649,0.198851,0.612725
38.591564626,1.95465,0.349078,0.051677,0.00372897,0.0250573,3.14211,0,0.689014,0.191934,1.70523,0.236247,0.499008
38.638004535,1.80374,0.502781,0.102845,0.0126405,0.0125491,2.8297,0.0968345,0.529613,0.228914,1.57594,0.016622,0.716183
38.684444444,1.7325,0.500473,0.240886,0.0149979,0.00563576,2.33911,0.173531,0.606848,0.196219,1.42705,0.0482787,0.558628
38.730884354,1.91781,0.362754,0.40755,0.00812662,0.0150893,2.05551,0.385108,0.591776,0.319783,1.12961,0.269012,0.229902
38.777324263,2.13295,0.106323,0.538909,0.110995,0.0518893,2.20049,0.355407,0.934352,0.24373,0.564346,0.473517,0.00525714
38.823764172,2.23988,0.0361091,0.575123,0,0.0761715,1.67412,0.261962,0.35625,0.631324,1.01058,0.310084,0.0251372
38.870204082,1.67148,0.09392,0.235091,0.215429,0.5406,1.92457,0.143449,0.150344,0.655357,1.01364,0.0756667,0.099938
38.916643991,1.3301,0.221678,0.227545,0.147347,0.826079,1.78789,0.305532,0.132883,0.547752,1.7139,0.258152,0.232931
38.963083900,1.17368,0.417231,0.25041,0.0552879,0.875908,1.64613,0.38243,0.113859,0.255351,2.69182,0.346788,0.263001
39.009523810,1.01557,0.497219,0.413424,0.102035,1.07131,1.66083,0.195614,0.0593451,0.147132,3.13586,0.289158,0.239009
39.055963719,1.1001,0.569198,0.0540646,0.179575,1.2467,1.54764,0.0160128,0.0432974,0.144502,3.42377,0.126439,0.0551147
39.102403628,0.975786,0.581337,0.0404377,0.258542,1.41092,1.59969,0.140462,0.073404,0.239453,3.08026,0.0977003,0.0567051
39.148843537,1.23662,0.540098,0.0782041,0.222702,1.49185,2.12358,0.207281,0.12631,0.247041,1.94013,0.00714485,0.0569226
39.195283447,2.08747,0.0247272,0.225577,0.199022,0.701673,2.2092,0.158689,0.162283,0.230936,1.2999,0.0592315,0.109982
39.241723356,2.20695,0.0843058,0.267561,0.0530445,0.36788,2.60747,0.117581,0.192718,0.244668,1.40139,0.448332,0.0236406
39.288163265,2.17328,0.0833568,0.119992,0.086503,0.354317,2.95765,0.0337368,0.280967,0.172396,1.50403,0.519416,0
39.334603175,2.32406,0.0155997,0.00848294,0.0125722,0.317121,3.29078,0.0129457,0.342704,0.159831,1.36657,0.36218,0.0201337
39.381043084,2.30146,0.0266148,0.00149756,0.0090156,0.219675,3.48322,0.022466,0.385707,0.172977,1.01583,0.363391,0.0672192
39.427482993,2.34904,0.0340213,0.00264287,0.0129793,0.14425,3.58726,0.0133019,0.504507,0.221239,0.700581,0.37937,0
39.473922902,2.21698,0.211171,0.0973241,0.033248,0.0917119,3.80448,0.00928139,0.498089,0.36054,0.447143,0.321786,0
39.520362812,1.98666,0.470782,0.182549,0.0463744,0.0588297,3.67179,0.0509997,0.33504,0.415893,0.279714,0.153478,0.00223967
39.566802721,1.67405,0.572658,0.232774,0.11035,0.14958,3.44257,0.0703894,0.271845,0.446979,0.0589209,0.154262,0.11367
39.613242630,1.78337,0.600705,0.240925,0.318348,0.281823,3.12735,0.0407958,0.311045,0.205586,0.190736,0.161758,0.264845
39.659682540,2.15271,0.262806,0.385029,0.0825889,0.272627,2.61158,0.133415,0.367956,0.556171,0.569853,0.624962,0.238154
39.706122449,2.79483,0.204803,0.396822,0,0.289392,2.21709,0.0821422,0.51865,0.277617,0.502172,1.00224,0.0800369
39.752562358,2.22944,0.649634,0.258735,0,0.0378198,1.92876,0.115575,1.30639,0.203021,0.178576,0.857188,0.552794
39.799002268,1.49367,0.679898,0.417347,0,0,1.60812,0.174524,2.14462,0.131385,0.138147,0.633156,0.783847
39.845442177,1.26405,0.458997,0.596763,0,0.00891685,1.30865,0.329503,2.26724,0.338334,0.100014,0.757373,0.788666
39.891882086,1.20553,0.286219,0.673748,0,0.0338446,1.44826,0.294346,1.73369,0.834193,0.346059,0.616964,0.732736
39.938321995,1.50666,0.350821,0.984265,0,0.0337351,1.65277,0.15415,0.824471,0.900204,0.497748,0.600237,0.618312
39.984761905,1.98185,0.141444,0.745872,0.0787013,0.151826,1.83971,0.19071,0.266873,0.667823,1.24662,0.409707,0.388602
40.031201814,2.11589,0.0634548,0.562602,0,0.712502,2.30035,0.272613,0.114508,0.317295,2.13017,0.226471,0.147136
40.077641723,2.20622,0.00495151,0.619404,0.00672581,0.911285,2.4609,0.209312,0.0855314,0.206248,2.70346,0.38426,0
40.124081633,1.82503,0.0130632,0.628706,0.0170222,0.452632,2.88698,0.506854,0.0394102,0.251415,2.81244,0.393983,0.0080412
40.170521542,1.17532,0.0717366,0.99794,0.0344695,0.0553381,2.66533,0.786879,0.0289058,0.290788,2.74964,0.891651,0.0161869
40.216961451,0.822011,0.141351,1.33117,0.0397304,0.246213,2.24691,0.645496,0.159262,0.271394,2.42858,1.40647,0.0832497
40.263401361,0.68077,0.145674,1.30774,0.0356503,0.499444,2.0199,0.545755,0.385586,0.294717,2.3205,1.70931,0
40.309841270,0.744674,0.0872018,0.880962,0.0270365,0.805866,1.88834,0.489258,0.433445,0.339437,2.32385,1.75973,0
40.356281179,0.936452,0,0.347191,0.0149142,0.919226,1.96407,0.570867,0.355162,0.335344,2.56911,1.45123,0
40.402721088,1.17604,0.0895548,0.382508,0.00490033,0.678203,2.1481,0.548296,0.218438,0.25657,2.76069,0.767697,0
40.449160998,1.42376,0.0832561,0.564432,0.00409016,0.477886,2.29596,0.565082,0.228096,0.20532,2.61735,0.00607113,0.0133643
40.495600907,1.66616,0.000700272,0.539934,0.0315511,0.566701,1.98525,0.613337,0.374307,0.201696,2.58962,0.0560102,0
40.542040816,1.496,0,0.5262,0.0161879,1.20759,1.56782,0.777879,0.148735,0.256949,3.0007,0.101239,0
40.588480726,1.16665,0.286492,0.80141,0.0100677,1.54353,1.48684,0.454591,0.141483,0.129236,2.76077,0.0603319,0
40.634920635,1.01844,0.530065,1.09082,0.0185622,1.69919,1.41716,0.481333,0.235443,0.156547,2.2892,0.0774527,0.0131352
40.681360544,0.865287,0.602136,1.13726,0.0212759,1.77102,1.31355,0.439931,0.34297,0.1217,2.31845,0.569849,0.0769586
40.727800454,0.590185,0.462907,1.2829,0.0193943,1.76028,1.69816,0.0124384,0.0486463,0.0993025,2.59468,0.80149,0.150894
40.774240363,0.636318,0.205941,0.891001,0.0259826,1.81627,1.77875,0.0185206,0.0889879,0.285048,2.8566,0.70311,0.161042
40.820680272,1.03671,0.0578908,0.525654,0.0716665,1.67949,1.81852,0.0342813,0.105524,0.307091,3.08612,0.394309,0.195605
40.867120181,1.34282,0.0336504,0.562968,0.233751,0.779519,2.44454,0.179681,0.100187,0.179648,3.14165,0.168393,0.473066
40.913560091,1.39999,0,0.505633,0.199381,0.00194703,3.11797,0.234451,0.0850128,0.122586,3.15553,0.247988,0.348718
40.960000000,1.37027,0,0.880751,0.121309,0.00731386,3.40372,0.334146,0.0897285,0.119095,2.54497,0.343908,0.116241
41.006439909,1.05875,0.000540536,1.45887,0.0393562,0.0193417,3.68801,0.295933,0.0398494,0.113284,1.91891,0.043621,0.373215
41.052879819,1.13226,0.0095325,2.09736,0.0542787,0.00727901,2.698,0.398503,0.595743,0.168819,1.60826,0.12717,0.45762
41.099319728,1.23009,0.00126727,2.22857,0.0622815,0.14481,1.78026,0.389437,1.10731,0.175506,1.84544,0.149536,0.4277
41.145759637,1.01011,0,2.27873,0.0882405,0,1.56428,0.506204,1.37221,0.261932,2.03072,0.115917,0.45382
41.192199546,0.409361,0.00500373,2.48539,0.119045,0.0281828,1.66664,0.591371,1.66236,0.304191,2.17461,0.108334,0.288391
41.238639456,0,0.0206627,2.33178,0.510983,0.0277951,1.57808,0.29724,1.90096,0.135514,2.02034,0.111977,0.131843
41.285079365,0,0,1.60357,0.698371,0.373432,1.22027,0.0909472,2.47733,0.0337303,1.74891,0.168591,0.084111
41.331519274,0.205779,0,0.869756,0.697734,0.546005,1.23546,0.0741154,2.86519,0.010337,1.84322,0.0996324,0.367319
41.377959184,0.372567,0.0128442,1.10233,0.299253,0.595619,1.22841,0.0258102,2.93646,0.0174463,1.86673,0,0.54028
41.424399093,0.208694,0.0950922,0.939988,0.539099,0.676226,1.12933,0.0438439,2.77134,0.0308835,1.82664,0.997468,4.0265e-06
41.470839002,0.112667,0.328435,0.582748,0.850647,0.487815,1.46723,0.0576194,1.83155,0.175283,1.26239,1.603,0
41.517278912,0.148402,0.224304,0.545017,1.00056,0.0254608,1.89311,0.300822,1.08002,0.23524,0.789762,2.12854,0
41.563718821,0.0301155,0.00137647,0.743539,0.727697,0.0237502,2.42635,0.331462,0.425779,0.291305,1.01127,2.60752,0.0351864
41.610158730,0.129394,0.0207052,0.755462,0.474872,0.033446,2.82438,0.218294,0.234675,0.29687,1.25437,2.31891,0.155951
41.656598639,0.245967,0.0529209,0.749081,0.0852782,0.00540091,2.84553,0.0792926,0.557148,0.509216,1.11625,2.49662,0.431659
41.703038549,0.264537,0.0161929,0.61208,0.195365,0,2.18403,0.0226545,1.22979,0.325549,1.01403,3.20779,0.484323
41.749478458,0.114751,0,0.622986,1.24538,0,1.72837,0.0252562,1.60193,0.246703,0.966337,3.34674,0.397984
41.795918367,6.93947e-05,0,0.703456,1.76973,0.00545362,1.84002,0.0311191,1.12135,0.230857,0.785454,3.23517,0.295653
41.842358277,0.0313464,0.000514798,0.620082,1.77731,0.00851391,2.15824,0.0426228,0.55836,0.195028,0.554929,3.19669,0.120785
41.888798186,0.0845276,0.000418522,0.268652,1.6538,0.0921983,2.14923,0.0546583,0.430077,0.116854,0.147326,3.121,0.0278312
41.935238095,0.119164,0.0111226,0.0179501,1.51271,0.134417,2.0299,0.112208,0.576124,0.213146,0.108665,3.2068,0
41.981678005,0.392097,0.0120352,0.160052,1.31957,0.0918481,1.92148,0.102205,0.384373,0.15315,0.0617678,2.93165,0.328812
42.028117914,0.390449,0,0.263048,1.06381,0.0540254,1.71131,0.281353,0.196772,0.215715,0.0556024,2.90668,0.111427
42.074557823,0.0935886,0,0.159061,1.34433,0.0743189,1.58,0.406142,0.359822,0.415798,0.101074,3.11816,0
42.120997732,0.0187032,0.10714,0.573209,1.29039,0.306579,1.43165,0.0695237,0.357913,0.440201,0.0718508,3.22032,0.163799
42.167437642,0.0215418,0.0983278,0.800271,1.75757,0.450318,1.42214,0.047781,0.857159,0.204774,0.037208,3.06783,0.176363
42.213877551,0.000380701,0.00112406,0.862973,2.14805,0.321183,1.0879,0.0920225,1.66713,0.161869,0.30438,2.71578,0.0168716
42.260317460,0.0361523,0.0226801,0.927485,2.15305,0.51334,0.538445,0.0362762,2.11166,0.0878091,0.735876,2.34909,0.0482081
42.306757370,0.0236979,0.023789,0.806292,1.91835,0.693533,0.104905,0.114005,2.6856,0.174817,0.830624,2.18346,0.0689067
42.353197279,0.254125,0.0298779,0.573595,2.08344,0.606445,0.0474514,0.212492,2.73056,0.189201,0.364896,2.14802,0.0989909
42.399637188,0.125907,0.0460427,0.57631,2.49558,0.358903,0.0469089,0.246289,2.56046,0.204945,0.125177,2.2992,0.258211
42.446077098,0.0245132,0.046118,0.116316,3.24325,0.261757,0.0139889,0.384938,2.52728,0.178942,0.414828,2.49746,0.281614
42.492517007,0,0.0471618,0.0450367,3.81368,0.28148,0.0109729,0.471316,2.76683,0.205407,0.708352,2.24881,0
42.538956916,0,0.0231661,0.119534,3.73092,0.0836285,0,0.408618,2.56756,0.224331,0.459494,2.4209,0.227158
42.585396825,0,0.106256,0.217832,3.5746,0.000462874,0,0.295587,2.34091,0.256104,0.143686,2.72205,0.147614
42.631836735,0.0717826,0.134407,0.386198,3.44056,0,0.156209,0.214469,2.18386,0.23067,0.153839,2.68047,0.0549245
42.678276644,0.0166391,0.11507,0.367468,3.47124,0.0317296,0.342496,0.16047,2.58025,0.198059,0.141751,2.53388,0.0175418
42.724716553,0,0.149701,0.338358,3.48105,0.114331,0.270393,0.0157535,2.49849,0.14897,0.43407,2.52149,0.0280666
42.771156463,0,0.194972,0.247113,3.37189,0.389258,0.103232,0.00561874,2.31339,0.233459,0.354309,2.58386,0.0696531
42.817596372,0,0.160896,0.558941,3.10897,0.395227,0.0387459,0.0324986,2.11775,0.320981,0.0880919,2.57114,0.0313247
42.864036281,0,0.0480948,0.851325,2.89868,0.186493,0.0453998,0.0354604,1.9739,0.475507,0.0884399,2.5152,0
42.910476190,0,0.0210857,1.05996,2.80866,0.028454,0.132972,0.323692,1.98061,0.541906,0.0143278,1.84235,0
42.956916100,0.0274494,0.160167,1.11797,2.56178,0.0347392,0.741738,0.0703779,2.16264,0.428483,3.20063e-05,1.735,0.143567
43.003356009,0.0808285,0.238656,0.879805,2.19663,0.0403047,0.823508,0.138283,2.46212,0.0209033,0.00449209,2.00452,0.223684
43.049795918,0.0812976,0.245114,0.947887,1.76203,0.0408929,0.625771,0.0106434,2.47508,0.0588144,0.0078139,2.41772,0.262995
43.096235828,0,0.0292563,0.521478,1.45521,0,0.158527,0.062561,2.83916,0.106073,0.136726,2.68943,0.573079
43.142675737,0.0493728,0,0.234636,1.10771,0.0190567,0.289038,0.828807,2.08133,0.394202,0.210845,1.44747,0.539527
43.189115646,0.0841588,0.0207613,0.124508,1.11202,0.0807983,0.138674,1.00561,1.79,0.334064,0.359609,0.980894,0.126815
43.235555556,0.138365,0.146537,0.00343611,1.14099,0.143243,0.350964,0.925923,1.5375,0.162185,0.426222,0.917484,0
43.281995465,0.173108,0.137247,0.102831,0.846547,0.214193,0.893161,0.597527,1.2978,0.108617,0.381005,1.98873,0
43.328435374,0.488291,0.138787,0.793294,0.593772,0.560574,1.18026,0.295423,0.938357,0.10896,0.0760019,2.75068,0
43.374875283,0.618604,0.0897811,0.922378,0.48367,0.664416,1.08132,0.2422,1.07612,0.261383,0.0653727,3.2336,0.109994
43.421315193,0.72631,0.0301169,0.833712,0.869388,0.547028,0.865274,0.282018,1.3071,0.491391,0.0906712,3.18236,0.0168106
43.467755102,0.52196,0.000364624,0.849267,1.21537,0.25069,0.869423,0.322126,1.8931,0.277307,0.0871582,2.59972,0.0670516
43.514195011,0.139428,0.0368409,0.700789,1.54241,0.0292173,0.443677,0.333642,2.78435,0.258563,0.0684712,1.4989,0.296549
43.560634921,0.0803199,0.0535963,0.577123,1.27326,0.0870511,0.840508,0.262693,2.50785,0.172319,0.461294,1.84562,0.184988
43.607074830,0.0584344,0.0196799,0.769237,0.940788,0.103947,1.43714,0.00941009,1.95826,0.175606,0.661735,2.15944,0.0438217
43.653514739,0.0215256,0,0.616086,0.697252,0.289269,1.55202,0.0106282,1.97187,0.211515,0.409547,2.20348,0.0825738
43.699954649,0.0152547,0.00222493,0.599998,0.827953,0.210817,1.39341,0.025864,2.41235,0.277867,0.148001,2.26972,0.151132
43.746394558,0,0.0454017,0.940353,1.17178,0.137126,1.07387,0.00159707,3.12176,0.34413,0.100134,2.02551,0.391924
43.792834467,0.0818194,0.0511315,1.19748,1.13609,0.0736902,0.58546,0,3.43717,0.280757,0.0932457,2.21696,0.506776
43.839274376,0.144,0.0108535,1.39168,0.994403,0.104416,0.666105,0.123517,3.36258,0.0448384,0.00688214,2.03626,0.623162
43.885714286,0.132653,0.00229578,1.11656,1.27499,0.21238,0.59451,0.195997,3.18899,0.00803425,0.00743321,1.39714,0.490108
43.932154195,0.0374062,0.0265132,0.834768,1.40236,0.211442,0.649079,0.0463337,3.06758,0.00355871,0.0374769,0.982436,0.282054
43.978594104,0.0420567,0.124184,0.899467,1.4432,0.180114,0.631323,0.0579163,2.82332,0.0852287,0.120862,0.847643,0.313665
44.025034014,0.0324647,0.650836,1.10119,1.08961,0.104147,0.563728,0.280967,2.11757,0.145579,0.121499,1.18716,0.0951816
44.071473923,0.112337,1.05188,1.19633,1.10206,0.0959377,0.602859,0.526306,1.70491,0.152169,0.273755,0.994988,0.0525673
44.117913832,0.111122,0.953724,0.93685,1.30166,0.0976505,0.409022,0.382206,2.05128,0.141448,0.443675,0.716597,0
44.164353741,0.812052,0.455653,0.861478,1.62918,0.224943,0.401986,0.0908437,2.22486,0.126055,0.141526,1.06294,5.79262e-05
44.210793651,0.990168,0.206129,0.880326,1.67697,0.164306,0.466333,0.470511,2.04709,0.356727,0.126646,1.42211,0.131196
44.257233560,0.890683,0.0391504,0.959345,1.66558,0.0183954,0.86174,0.739538,1.48081,0.358979,0.207089,1.10926,0.33392
44.303673469,0.531482,0.0080042,1.01412,1.65105,0,0.589199,0.451191,1.88642,0.337786,0.343158,1.2052,0.21488
44.350113379,0.0647114,0.265333,0.939294,1.71283,0.00439122,0.598062,0.524004,2.78589,0.263975,0.252869,1.07035,0.147031
44.396553288,0.0452189,0.000704861,0.557541,2.50332,0.219692,0.208137,0.670676,2.78062,0.316236,0.181076,1.49592,0.212146
44.442993197,0.0130494,0.00147044,0.376243,3.00837,0.474237,0.00138642,0.598377,2.53442,0.323083,0.133811,1.69902,0.339737
44.489433107,0.0218021,0.000775,0.490159,2.89354,0.489737,0,0.25692,2.30572,0.308011,0.102477,1.82497,0.489154
44.535873016,0.011384,0,0.623496,2.89971,0.402457,0.0360564,0.259383,2.65848,0.235625,0.0931153,1.93143,0.506715
44.582312925,0.003593,0,0.736616,3.0871,0.0609343,0.126577,0.479111,2.97123,0.0704592,0.272834,1.25536,0.361044
44.628752834,0.00743636,0.00286712,0.466836,2.63118,0.109868,0.32344,0.0747073,2.94261,0.105589,0.594394,0.985043,0.253307
44.675192744,0.0437922,0.106166,0.523701,1.76205,0.302318,0.337956,0.0376914,2.96648,0.452909,0.494975,1.26843,0.367011
44.721632653,0.108942,0.157947,0.325262,2.07626,0.373481,0.249068,0.0716006,2.76528,0.668445,0.329695,1.67194,0.20298
44.768072562,0.16004,0.0836827,0.440297,2.57291,0.276675,0.200047,0.0514,2.35846,0.438598,0.390827,1.87451,0.123667
44.814512472,0.246863,0.00591627,0.631588,2.70277,0.104071,0.0314988,0.0211599,1.8585,0.42863,0.151909,2.05376,0.175835
44.860952381,0.309466,0.069372,0.586759,2.5395,0.306706,0.0250835,0.192085,1.42931,0.625484,0.0244092,1.80336,0.234948
44.907392290,0.249965,0,1.13738,2.17231,0.111355,0.0266508,0.47909,1.30758,0.725652,0.274767,1.04372,0.266488
44.953832200,0.181787,0.00323719,1.24892,1.77227,0.0719406,0.878865,0.56751,1.24149,0.768655,0.558129,0.872259,0.225343
45.000272109,0.0266422,0.0675153,0.832935,1.55967,0.029456,1.22094,0.440796,1.30932,0.62735,1.00641,1.42487,0.189455
45.046712018,0,0.0814988,0.903264,1.44912,0.0163592,1.01392,0.181567,1.12431,0.590142,1.00897,1.72536,0.242563
45.093151927,0,0.0755928,0.855235,1.41239,0.0241422,0.701766,0.282471,1.55622,0.431116,0.71424,2.42852,0.479385
45.139591837,0,0.0921372,0.732805,1.47568,0.178859,0.229219,0.487309,2.53805,0.215125,0.278117,2.58157,0.590382
45.186031746,0,0.0354941,0.846248,1.43619,0.165068,0.227478,0.401082,3.07256,0.191004,0.0908128,2.45925,0.691299
45.232471655,0.000137482,0.0301521,0.712755,1.9946,0.134728,0.177561,0.109307,3.13493,0.160471,0.0797691,1.98162,0.614778
45.278911565,0.000215163,0.181952,0.632883,2.16679,0.124166,0.196337,0.0319019,3.41438,0.124633,0.0878021,1.6485,0.597574
45.325351474,0,0.229336,0.498757,1.80334,0.0195129,0.514602,0.038253,3.41224,0.11473,0.0846641,1.78413,0.637087
45.371791383,0.0846972,0.106482,0.384822,1.07421,0.0432274,1.00905,0.060085,3.00881,0.122811,0.0559239,2.15857,0.702976
45.418231293,0.145009,0.0707467,0.610916,0.7893,0.0420749,0.837966,0.0615644,3.08621,0.139313,0.0118758,2.12187,0.899968
45.464671202,0.0967896,0.055455,0.869837,0.398995,0.0257948,0.881919,0.0464079,3.13261,0.0924747,0.000184685,2.00298,1.31066
45.511111111,0.0504192,0.0548324,1.25069,0.501767,0.00281265,1.1536,0.0352299,2.87081,0.125613,0.0824661,1.73123,1.51127
45.557551020,0.000222556,0.0615101,1.29555,0.860626,0.00207638,0.955671,0.0225548,3.05952,0.00395149,0.106845,1.82798,1.38137
45.603990930,0.000258123,0.0359557,1.48556,1.14823,0.0541562,0.763548,0.00851684,2.99497,0.0217336,0.0270539,1.86672,1.17332
45.650430839,0.00466847,0.128429,1.24587,1.34668,0.17938,0.268205,0.0402754,2.78164,0.208338,0.0793326,1.78523,0.694738
45.696870748,0.0296443,0.177485,0.980206,1.1302,0.299812,0.146589,0.0579573,2.76396,0.16387,0.107594,1.50365,0.346748
45.743310658,0.0778535,0.0794083,1.2563,0.345129,0.21492,0.339685,0.323824,2.39988,0.179376,0.724743,1.44331,0.296315
45.789750567,0.0895317,0.00624048,1.58204,0.48862,0.169367,0.452172,0.495529,1.9505,0.21531,1.01963,1.57781,0.357395
45.836190476,0.118793,0,1.38085,0.935876,0.120969,0.534911,0.549518,2.1386,0.285043,1.08882,1.83546,0.267105
45.882630385,0.0430753,0.026802,0.939244,1.92128,0.0609654,0.506254,0.42371,2.26372,0.716438,0.834031,1.65494,0.0164593
45.929070295,0.0450842,0.0439554,0.765268,2.27763,0.0427151,0.211416,0.0225758,2.47541,1.33697,0.12736,1.49622,0.254665
45.975510204,0.125512,0,0.857529,2.387,0.0313695,0.00418261,0.306809,2.35682,1.38145,0.0617977,1.19044,0.166166
46.021950113,0.134069,0,0.950424,2.41616,0.00895909,0,0.451792,2.40945,0.989617,0.110974,1.27463,0.0677228
46.068390023,0.0849046,0,0.995215,2.49263,0.00078876,0.0115227,0.299899,2.9269,0.348051,0.163859,1.29199,0
46.114829932,0.0476498,0.000657515,1.11995,2.55633,0,0.25211,0.226585,3.28837,0.169744,0.110144,1.3858,0.00693309
46.161269841,0.0170119,0.0373306,1.13049,2.43318,0.00214483,0.201171,0.0483079,3.33939,0.181933,0.339707,1.52278,0
46.207709751,0,0.0821461,1.01852,2.0962,0,0.144316,0.00107871,3.41183,0.242074,0.224368,1.77405,0.111287
46.254149660,0,0.0613268,1.12382,2.04644,0.0047591,0.137109,0.027616,3.45363,0.248863,0.0985143,1.69315,0.0512778
46.300589569,0,0.0441853,1.13472,2.17938,0.0292612,0.0611645,0.00518273,3.35731,0.47653,0.126583,1.4485,0.0165735
46.347029478,0,0.038981,1.13269,2.02753,0.147955,0.616577,0.149218,2.87514,0.585155,0.141104,1.44861,0.00209236
46.393469388,0,0.0831941,1.11939,1.34335,0.160752,0.476159,0.123397,2.85634,0.523976,0.0993939,1.83603,0.0575291
46.439909297,0,0.144205,1.17647,1.44297,0.116289,0.460443,0.0829505,2.923,0.0260259,0.0410335,1.88056,0.197554
46.486349206,0.0266726,0.0115344,1.06697,1.73104,0.11006,0.740768,0.0404805,2.95566,0.337218,0.127868,1.66133,0.241775
46.532789116,0.369501,0.256814,0.450166,1.53877,0.0868066,0.210336,0.0605191,2.91178,0.43044,0.266414,1.38175,0.304167
46.579229025,0.715677,0.703835,0.176838,0.996934,0.432564,0.0778473,0.121484,2.74095,0.365261,0.520958,0.935942,0.308747
46.625668934,0.52051,0.977887,0.021551,0.635473,0.27155,0.35944,0.191573,2.35757,0.620445,0.566283,1.05331,0.219995
46.672108844,0.227803,0.409675,0.0460478,0.579987,0.127869,1.20514,0.559931,1.73689,1.06807,0.649559,1.06423,0.205019
46.718548753,0.23064,0.312458,1.0162,0.740672,0.0184084,1.23328,0.568757,1.29572,1.07519,0.584068,1.30957,0.279931
46.764988662,0.0537097,0.231096,1.58099,0.432583,0.0377505,1.3027,0.530719,1.58358,0.538348,0.892983,0.899799,0.243437
46.811428571,0,0.496505,1.25261,0.328167,0.0220514,0.928046,0.554047,1.96977,0.146432,0.722622,1.27775,0.158723
46.857868481,0.017469,0.591754,0.593952,0.340032,0.0837373,0.0782489,0.50048,2.37471,0.183728,0.340778,2.01066,0.276471
46.904308390,0.0322921,0.133246,0.353887,1.40391,0.126247,0,0.37798,2.32934,0.298885,0.106427,1.94375,0.223293
46.950748299,0.0214346,0.0178192,0.733001,1.80638,0,0.0137876,0.207327,2.35519,0.404347,0.123506,2.10983,0.142365
46.997188209,0.265789,0.0534601,0.889234,1.72491,0,0.662081,0.159817,1.94114,0.334988,0.867103,2.03634,0
47.043628118,0.366588,0.0144244,1.2114,1.47785,0.00442631,1.58598,0.04561,1.34433,0.231634,0.791051,1.95504,0.099169
47.090068027,0.352694,0.00532676,1.45429,0.931788,0.0256972,1.6209,0.0935801,1.10918,0.239847,0.464881,2.66324,0.0500085
47.136507937,0.244758,0,1.75846,0.780393,0.0295137,1.45654,0.364403,1.0736,0.204877,0.12971,3.06369,0
47.182947846,0.221426,0.000759907,1.80748,0.614856,0.0260791,1.14065,0.473753,1.37952,0.200842,0.0666403,3.40098,0
47.229387755,0.138586,0.100836,1.70539,0.291728,0.030157,0.917699,0.655024,1.51369,0.357026,0.0538574,3.55738,0.0373298
47.275827664,0.0321477,0.175762,1.56313,0.654664,0.0553815,0.88583,0.514122,2.06766,0.299067,0.00529187,2.88591,0.110182
47.322267574,0.00848503,0.0938909,1.4258,1.11916,0.0342407,0.652865,0.542269,2.75665,0.194141,0.00827498,2.07274,0.216732
47.368707483,0.119477,0.259744,0.905313,1.46538,0.0284369,0.608358,0.419296,3.11163,0.092836,0.222655,1.81312,0.312174
47.415147392,0.339982,0.371875,0.317484,0.989782,0.0306096,1.46864,0.352075,2.15917,0.33695,0.394945,1.67213,1.45151e-05
47.461587302,0.0715462,0.0923221,0.869016,0.775691,0.0649078,1.41161,0.224216,1.26549,0.425378,0.285164,2.7532,0.0302961
47.508027211,0.0812606,0,0.928221,0.89652,0.0560103,1.39423,0.244677,1.01199,0.437252,0.126177,3.12005,0.109373
47.554467120,0.0641118,0,0.774715,1.23418,0.0379341,1.49874,0.387702,0.970693,0.416497,0.111288,3.05037,0.060873
47.600907029,0.0373031,0.000596726,0.76605,1.52062,0.0232348,1.46305,0.447552,0.85618,0.350937,0.238416,3.28393,0.000437097
47.647346939,0,0,0.899423,1.5539,0.0230479,1.50005,0.561528,1.0259,0.302823,0.480332,3.39406,0.000236188
47.693786848,0.0785943,0.0340861,1.51573,0.923147,0.0132889,1.42902,0.369936,1.06166,0.299113,0.0108441,3.59981,0.245626
47.740226757,0.348484,0.101026,1.8714,0.0340194,0.0146232,1.49638,0.127018,1.45172,0.283665,0.0924813,3.25467,0.35372
47.786666667,0.556,0.120775,1.72978,0.0108214,0.0169963,1.39107,0.0328251,2.13741,0.220862,0.100766,3.09774,0.355553
47.833106576,0.22559,0.13378,1.73616,0.110791,0.0170502,1.10418,0.0249324,2.91583,0.115343,0.137138,3.2038,0.000160673
47.879546485,0.104902,0.330578,1.67943,0.462107,0.0267666,0.799488,0.0586546,2.6026,0.0856372,0.139569,3.07908,0
47.925986395,0.292087,0.474958,1.70412,0.599918,0.203701,0.501358,0.128599,1.8337,0.0698401,1.7684,1.90148,0
47.972426304,0.484555,0.247455,1.72224,0.220152,0.762964,0.318354,0.0721211,1.4508,0.0376859,2.81986,1.15539,0
48.018866213,0.57724,0.143161,2.10683,0.00959702,1.09246,0.196668,0.0184925,1.42161,0.000203448,3.05266,0.809251,0.0300276
48.065306122,0.259244,0.0767081,1.99136,0.0172954,1.25089,0.93158,0.00537924,1.63345,0.143336,2.7255,0.477849,0.0193413
48.111746032,0.00838585,0.0542473,1.93455,0.031919,0.968461,0.892079,0,2.3627,0.330681,1.90027,1.44483,0.0130271
48.158185941,0.00796545,0.0683681,2.03899,0.018891,0.178769,1.09236,0,2.37154,0.465636,0.218365,2.78165,0.0704147
48.204625850,0.0428781,0.0483444,2.09024,0.0532169,0.048568,1.09033,0.00258454,2.22583,0.703616,0.123773,3.4335,0
48.251065760,0.146055,0.178843,2.40778,0.0148008,0.105772,0.535843,0.0186374,2.89635,0.565778,0.000701219,3.20729,0
48.297505669,0.195638,0.25266,2.46053,0.0191787,0.0807091,0.0220618,0.0205352,3.34659,0.113493,0,2.97331,0
48.343945578,0.660841,0.216478,1.99263,0.0852938,0.108412,0.304572,0.036596,3.06366,0.00187293,0.000431194,3.09381,0.0354594
48.390385488,0.665813,0.192159,1.63961,0.284746,0.113299,1.9177,0.0672695,1.82273,0,0.00236859,2.84623,0.0221901
48.436825397,0.79655,0.32375,1.28421,0.377987,0.113889,2.27126,0.276231,1.21801,0,0.0047914,2.77604,0.0827796
48.483265306,0.881162,0.34141,1.18274,0.176463,0.52433,2.15917,0.387925,0.908006,0.0327872,0.324444,2.43446,0.23905
48.529705215,1.30302,0.261107,1.48345,0,0.62684,2.15865,0.313453,0.517014,0.0880828,1.63564,1.31348,0.234156
48.576145125,1.82976,0.104726,1.78138,0,0.545746,1.63812,0.554622,0.43218,0.150416,2.41397,0.161856,1.24938e-05
48.622585034,1.96637,0.0149924,1.7554,0,0.464541,1.41282,0.487091,0.557361,0.265508,2.55944,0.0584874,0
48.669024943,2.13017,0.000854977,1.41201,0.00972543,0.570355,1.93409,0.121198,0.524041,0.276092,2.27333,0.288981,0
48.715464853,2.48152,0.000983669,0.997186,0.0279725,0.486521,1.93672,0.0394764,0.174527,0.250758,1.52432,0.866736,0
48.761904762,2.37992,0.100779,0.678391,0.00619166,0.432263,2.40127,0.135111,0.337045,0.560192,0.379845,1.18111,0
48.808344671,2.38762,0.411215,0.620413,0.0847482,0.208796,2.64928,0.0981838,0.3535,0.37672,0.370218,0.77982,0.0395028
48.854784580,2.63163,0.559801,0.698671,0.115433,0.298113,2.78342,0.0359412,0.54755,0.300226,0.276354,0.221935,0.0948553
48.901224490,2.89266,0.248929,0.68442,0.0598736,0.773247,2.50888,0.0183332,0.779734,0.242996,0.014812,0,0.101988
48.947664399,2.89978,0.0231557,0.592685,0.076706,1.2732,1.83344,0.135975,0.898359,0.341113,0.00137572,0.0427406,0.0841166
48.994104308,2.75477,0.128767,0.909371,0.146524,0.749507,2.18981,0.0320091,0.409064,0.352103,0.432528,0.127598,0.0899388
49.040544218,2.81147,9.57021e-05,1.07301,0.308147,0.16434,2.48005,0.237331,0.509162,0.0407642,1.17062,0.262763,0.0434014
49.086984127,2.84093,0,1.06889,0.00566389,0.12763,2.69446,0.317332,0.260214,0.0789276,1.70679,0.343614,0.0552685
49.133424036,2.41981,0.177705,1.06584,0.00298599,0.350976,2.61813,0.285525,0.252395,0.112403,1.4861,0.57179,0.231168
49.179863946,1.43996,0.656557,0.911244,0,1.37344,1.95254,0.297214,0.138721,0.126695,1.25192,0.837988,0.432249
49.226303855,0.668789,0.562376,0.725947,0.0031089,1.39711,1.93284,0.381278,0.474876,0.138672,1.81992,0.925954,0.364563
49.272743764,0.647971,0.548912,0.584459,0.0143087,1.2613,2.09539,0.40554,0.570134,0.116468,2.47192,0.679819,0.0176005
49.319183673,1.36283,0.562899,0.561284,0.00928227,1.307,1.93186,0.109776,0.47646,0.0641359,2.85009,0.350209,0.00963176
49.365623583,1.67236,0.557071,0.633892,0.0625714,1.43291,1.89094,0.0530579,0.512001,0.00979392,2.5936,0.0862855,0.0689046
49.412063492,2.0678,0.345048,0.701536,0.100097,1.41619,1.82835,0.0619131,0.505419,0.161561,1.95536,0.139018,0.0841678
49.458503401,2.22323,0.293191,0.66394,0.0794835,0.782901,2.01545,0.0568102,0.635388,0.144705,1.91868,0.405128,0.00356511
49.504943311,1.59766,0.123107,0.382884,0.000400317,0.143635,2.92131,0.123179,0.686983,0.215374,2.4247,0.433103,0
49.551383220,1.39719,0,0.293212,0,0.1352,2.98567,0.160002,0.665938,0.189452,2.58363,0.624451,0
49.597823129,1.49293,0,0.425686,0,0.165398,3.16393,0.0553009,0.266858,0.152553,2.70173,0.29593,0.0563168
49.644263039,1.6705,0,0.129989,0.00811658,0.236497,3.15889,0.0314496,0.146166,0.137936,2.44553,0.270189,0.151661
49.690702948,1.61165,0,0.0402813,0.00843639,0.350576,2.97826,0.0424587,0.135336,0.351285,2.22671,0.260145,0.13164
49.737142857,1.19095,0,0.00310862,0.0457722,0.530667,3.13998,0.00227821,0.188966,0.420194,2.25377,0.187839,0.121312
49.783582766,0.369149,0.0928288,0,0.111309,0.841292,3.06493,0,0.16468,0.360103,2.31833,0.248775,0.192281
49.830022676,0.337927,0.137228,0.0792051,0.276397,1.02627,2.76565,0.00377869,0.0613293,0.304683,2.19243,0.133157,0.246231
49.876462585,0.901207,0.205542,0.45836,0.262586,1.2281,2.31456,0.0134313,0.0273773,0.164717,1.98979,0.216774,0.40503
49.922902494,1.49363,0.053405,0.863526,0.0868916,1.51594,2.06954,0.0395969,0.118479,0.154495,1.65825,0.466269,0.43062
49.969342404,1.64502,0,0.763751,0.0242288,1.39549,2.0007,0.073694,0.390493,0.131539,1.4078,0.687145,0.295561
50.015782313,1.60844,0,0.512822,0.00985488,0.770794,2.4334,0.0734082,0.496402,0.160357,1.21501,0.583494,0.348207
50.062222222,1.75904,0,0.538647,0.0116491,0.176676,2.60757,0.375196,0.573411,0.160367,1.38061,0.382633,0.412464
50.108662132,2.11936,0,0.400024,0.0298299,0.0247095,1.49412,0.593478,0.506371,0.162038,2.19527,0.283495,0.442482
50.155102041,1.91979,0.0209143,0.166276,0.075745,0.0704742,1.51662,0.71301,0.598353,0.11654,2.76623,0.303568,0.110754
50.201541950,1.65228,0.19562,0.243055,0.0470721,0.371745,1.69559,0.850115,0.595999,0.105437,2.99004,0.28802,0.128668
50.247981859,1.30825,0.355098,0.268622,0.00955909,0.4375,1.92461,0.70928,0.480979,0.233603,2.98731,0.290593,0.253148
50.294421769,0.931491,0.435515,0.392313,0.00651731,0.373335,2.54055,0.651937,0.302026,0.369544,2.80184,0.249264,0.142637
50.340861678,0.714257,0.487399,0.517255,0.0149255,0.262912,2.60819,0.198882,0.175575,0.370788,2.50587,0.706073,0.116532
50.387301587,1.07876,0.446904,0.744346,0.0249369,0.267011,2.23515,0.173157,0.365196,0.214357,2.22042,1.21763,0.0275811
50.433741497,1.85225,0,0.784478,0.0298846,0.39347,2.73423,0.101605,0.698514,0.189976,1.99517,1.4577,0
50.480181406,1.89034,0,0.397313,0.0363945,0.447555,2.89819,0.0316782,0.527378,0.166447,2.17164,1.38872,0.0432602
50.526621315,1.85659,0,0.203356,0.0318116,0.378312,2.9091,0.0457135,0.578987,0.165275,2.45035,1.29044,0
50.573061224,2.01249,0.040129,0.336683,0.0156561,0.019539,2.92968,0.0384479,0.716907,0.176936,2.41333,1.20083,0
50.619501134,2.06606,0.225234,0.764884,0.00700932,0.0235722,2.72409,0.085963,0.986574,0.272195,1.69844,0.429876,0.0858444
50.665941043,1.80623,0.557744,0.980665,0.295627,0.0132535,2.47168,0.235862,1.21658,0.138821,1.41676,0.0838638,0.198773
50.712380952,2.06747,0.50281,0.859883,0.243191,0.199625,2.47532,0.102142,1.34747,0.0979169,1.37808,0.00517104,0.295545
50.758820862,2.32793,0.302149,0.595316,0.413198,0.386719,2.59097,0.0907376,1.10406,0.037485,1.54715,0.0358897,0.103189
50.805260771,2.58963,0,0.205088,0.0870778,0.306977,2.59861,0.0999069,0.876067,0.142856,2.31829,0.0963412,0.35562
50.851700680,2.83801,0,0.220762,0,0.074296,2.39425,0.183961,0.288971,0.114143,2.56872,0.127852,0.270973
50.898140590,2.62123,0.0132555,0.196569,0.413445,0.00121549,1.62047,0.331464,1.0808,0.269944,2.04414,0.131785,0.356942
50.944580499,2.21707,0.088497,0.202016,0.595177,1.13005,1.34284,0.515658,1.068,0.134543,1.77889,0.185902,0.076575
50.991020408,2.13936,0.192532,0.215536,0.339631,1.34752,1.55939,0.736158,0.786737,0.12204,2.19807,0.143595,0.000324328
51.037460317,1.97384,0.555097,0.211557,0.128975,1.34379,1.59807,0.769817,0.396002,0.106737,2.38142,0.287798,0.0346791
51.083900227,1.67181,0.866207,0.169676,0,1.52874,1.37075,0.433314,0.381342,0.114767,2.35859,0.37602,0.251377
51.130340136,1.6445,0.73506,0.32471,0.0112476,1.60933,1.09226,0.503547,0.136948,0.124355,2.31544,0.277651,0.199245
51.176780045,1.7911,0.46595,0.34119,0.000274736,1.65617,0.695637,0.579748,0.181852,0.398454,2.18402,0.227392,0.254144
51.223219955,1.61588,0.0213531,0.550175,0.507727,0.537187,1.55067,0.412258,0.236935,0.183042,2.09587,0.506467,0.199613
51.269659864,1.21238,0.0549407,0.621803,0.48518,0.536857,1.77689,0.0287223,0.192454,0.32638,1.5618,1.11207,0.563183
51.316099773,0.897945,0.284591,0.454954,0.368517,1.33136,1.73339,0.0661409,0.0848002,0.324212,1.34322,1.12223,0.626862
51.362539683,0.33865,0.208691,0.256161,0.121009,1.12681,1.89768,0.0797437,0.0792006,0.348001,2.07641,0.78634,0.234471
51.408979592,0.302663,0.324739,0.419549,0.0155606,0.57018,1.90305,0.0951871,0.0421465,0.375808,2.69626,0.864863,0.00592687
51.455419501,0.815662,0.496357,0.326728,0.00407016,0.563633,1.61579,0.0444092,0.00244362,0.353517,2.93167,0.821379,0
51.501859410,1.00399,0.689186,0.427339,0.00875143,0.742212,1.59377,0.140874,0.107964,0.428097,2.76207,0.659488,0
51.548299320,1.21422,0.703647,0.539134,0.00181513,1.07138,1.64655,0.113236,0.192958,0.474969,2.59554,0.463113,0.066438
51.594739229,1.35138,0.389132,0.375801,0.022776,0.814771,2.10364,0.121598,0.0584145,0.614478,2.82435,0.23243,0.101701
51.641179138,1.705,0.0939525,0.540417,0.00872527,0.319172,2.49424,0.106806,0.00696811,0.634283,2.8141,0.00860375,0.170766
51.687619048,1.97037,0.0905405,0.631845,0.0594832,0.0404148,2.60679,0.053822,0,0.688102,2.68556,0,0.286962
51.734058957,1.77353,0.00179252,0.134809,0.191518,0.518095,2.45001,0.0360316,0,0.661913,2.47402,0.489809,0.264883
51.780498866,1.06855,0.0777771,0.264205,0.281612,0.457396,2.36973,0.0522441,0,0.664636,2.16701,0.920495,0.0405242
51.826938776,0.824741,0.032871,0.448116,0.279296,0.338812,2.45748,0.0577644,0.12713,0.577443,2.83601,0.538987,0.000194059
51.873378685,0.464463,0.427847,0.351026,0.144502,0.176539,2.66575,0.0753244,0.523481,0.284772,3.12168,0.129223,0.0550897
51.919818594,0.370221,0.742839,0.243937,0.138101,0,2.67267,0.0625571,0.445492,0.297144,3.30258,0.122569,0.114473
51.966258503,0.680865,0.396243,0.148921,0.134014,0.000254074,2.91506,0.173844,0.107465,0.488799,3.50437,0.0611458,0.112379
52.012698413,1.10849,0.44404,0.209921,0.0905021,0.112207,2.90203,0.187748,0.0700521,0.720586,3.43892,0.0157094,0.081925
52.059138322,1.5919,0.508829,0.173298,0,0.141442,2.85088,0.191269,0.0551099,0.687509,3.13359,3.67877e-05,0.137907
52.105578231,2.32878,0.0859544,0.156673,0,0.0184945,2.79781,0.358015,0.235023,0.420919,2.73532,0,0.160191
52.152018141,2.42166,0.00109619,0.304469,0.0173865,0,3.17815,0.169922,0.374161,0.19501,2.08956,0.130359,0.212413
52.198458050,2.0554,0.00155696,0.305754,0.0256703,0.0177397,3.44797,0.00595047,0.37599,0.304407,1.88542,0.236708,0.28399
52.244897959,1.98046,0,0.274068,0.0175441,0.0274469,3.59059,0,0.495506,0.417608,1.671,0.290747,0.42386
52.291337868,1.79048,0.174732,0.227725,0.00419209,0.0318693,3.47043,0.0214002,0.606881,0.194622,1.60093,0.313778,0.120046
52.337777778,1.80513,0.536503,0.179333,0.00407312,0.0271443,2.91998,0.107957,0.592296,0.181796,1.30169,0.100916,0.571103
52.384217687,1.74146,0.498129,0.254373,0.010907,0.0361987,2.33444,0.276334,0.505461,0.287038,1.13255,0.0327729,0.521792
52.430657596,1.84575,0.407968,0.436783,0.0517571,0.093052,2.14591,0.378624,0.470869,0.485754,1.00304,0.0315321,0.266076
52.477097506,2.17808,0.219047,0.378175,0.0148285,0.194741,2.30737,0.437107,0.70065,0.373875,0.527258,0.188727,0.118977
52.523537415,2.29926,0.0157162,0.231958,0.00333054,0.108924,2.42016,0.308469,1.14293,0.230356,0.628081,0.679736,0.181693
52.569977324,2.30281,0,0.323228,0,0.0146173,1.97202,0.243314,0.553626,0.275599,1.74879,0.549016,0.211542
52.616417234,1.92151,0,0.266234,0.00100413,0.651319,1.86326,0.459593,0.126048,0.325431,2.30048,0.136416,0.537763
52.662857143,1.34836,0.0485373,0.389949,0,0.986408,1.64308,0.444359,0.0967973,0.246783,2.77808,0.0673778,0.556778
52.709297052,1.13152,0.369291,0.291005,0,1.00852,1.56757,0.30977,0.0628444,0.116939,3.30888,0.139764,0.34289
52.755736961,1.30329,0.511075,0.0376977,0.00861171,1.21025,1.69145,0.182506,0.160488,0.0508545,3.60514,0.127925,0
52.802176871,1.28036,0.556363,0.0244931,0.0349978,1.37657,1.85094,0.165564,0.197167,0.003776,3.44575,0.0584881,0.0126362
52.848616780,1.39961,0.458197,0.0384297,0.0709305,1.49407,1.71535,0.304155,0.311778,0.103197,3.10606,0.117436,0.0104603
52.895056689,1.74478,0.420506,0.00745055,0.0734609,1.375,1.71043,0.281107,0.261709,0.221393,2.71254,0.233263,0
52.941496599,2.1192,0.0687572,0.0427415,0.0699498,0.646005,1.96286,0.188156,0.303054,0.125293,2.66888,0.269899,0.0396025
52.987936508,2.0424,0,0.0513095,0.0282835,0.167272,2.71966,0.10493,0.327845,0.125565,2.6344,0.177571,0.0770295
53.034376417,1.9682,0,0.0509697,0.0353876,0.281558,2.9895,0.082667,0.365677,0.130103,2.38776,0,0.031496
53.080816327,1.91868,0,0.201508,0.0392091,0.329859,3.10462,0.097721,0.344741,0.155953,2.09097,0,0.0713245
53.127256236,1.91043,0,0.535975,0.0331609,0.304004,2.91112,0.118629,0.312639,0.212181,1.99004,0,0
53.173696145,2.01876,0.142863,0.728802,0.0137291,0.239216,2.91535,0.0923814,0.250581,0.376343,1.72458,0.0386376,0
53.220136054,2.23414,0.432304,0.542053,0.179927,0.40616,2.44568,0.725415,0,0.257318,0.809428,0.28773,0
53.266575964,1.8559,0.675836,0.279364,0.582454,0.598933,2.46161,1.24082,0,0.0736791,0.785355,0.202038,0.0721969
53.313015873,1.69396,0.672073,0.435903,0.75707,0.780796,2.6243,0.931142,0,0.162865,1.3454,0,0.196141
53.359455782,2.15637,0.265632,0.867847,0.230084,0.703436,2.44243,0.124171,0,0.471244,1.42018,0,0.18037
53.405895692,1.96219,0.448547,0.684738,0,0.571449,2.09001,0.0621174,0.34686,0.578683,1.16311,0.486068,0.142286
53.452335601,1.41583,0.494071,0.210489,0.236772,0.288412,1.56067,0.101635,0.955631,0.219395,1.08779,0.646214,0.0442959
53.498775510,1.40115,0.364292,0.0623931,0.295763,0.000552307,1.2493,0.12015,1.86265,0.13379,0.905136,0.919821,0.543703
53.545215420,1.44827,0.0904801,0.0864507,0.326643,0,0.79037,0.181874,2.69281,0.11329,0.456851,1.12695,0.832796
53.591655329,1.87546,0.107386,0.104606,0.211716,0.0180375,0.642321,0.207264,2.48245,0.103023,0.249293,0.928931,0.993792
53.638095238,2.33267,0.0860069,0.444005,0.034277,0.11712,1.04689,0.368335,1.57465,0.570017,0.688103,0.291932,0.953091
53.684535147,2.4928,0.0171677,0.527174,0.0172883,0.495623,1.05045,0.379812,0.774488,0.76482,1.15386,0.340563,0.516326
53.730975057,2.12205,0,0.688155,0.137961,0.668684,1.72237,0.397408,0.109671,0.56575,1.68262,0.444546,0.19416
53.777414966,2.04447,0.0214651,0.805343,0.140924,0.790722,2.14055,0.342612,0.129308,0.311064,1.97774,0.405982,0.0769264
53.823854875,2.08726,0.0437334,0.840199,0,0.14384,2.6517,0.572886,0.215983,0.153969,2.08412,0.739048,0.217698
53.870294785,1.7507,0,0.726964,0,0.963698,2.1338,0.263343,0.946223,0.125807,1.57602,1.0032,0.342163
53.916734694,1.37385,0.0731641,0.904398,0.0147936,1.16078,1.97008,0.0247565,1.0591,0.151088,1.59444,1.22338,0.10488
53.963174603,1.10658,0.175102,0.804068,0.0279629,1.3379,1.87196,0.0441,1.08087,0.162549,1.69472,1.34898,0.00105925
54.009614512,1.13787,0.228234,0.596869,0.0324755,2.0193,1.44757,0.0191415,1.01429,0.245578,1.87714,1.53627,0.000125815
54.056054422,1.03285,0.216529,0.151373,0.0390109,2.06763,1.487,0.000950942,0.995867,0.227829,2.42599,1.4916,0.0686579
54.102494331,1.31596,0.0748911,0.00331337,0.0294056,1.90299,1.75546,0.00627587,0.893134,0.198957,2.88859,0.919717,0.203943
54.148934240,2.16411,0,0.102022,0.00246339,1.6101,2.13043,0.0255912,0.411959,0.0867111,3.21829,0.00427543,0.130927
54.195374150,2.47367,0.000679145,0.216953,0.0859696,1.45893,2.21933,0.575278,0.220864,0.0562026,2.71484,0.0523037,0.117331
54.241814059,2.30647,0,0.455091,0,0.942514,2.07104,0.88985,0.270473,0.130969,2.62681,0.0960721,0.208284
54.288253968,1.90794,0.0840305,0.490342,0.0156894,1.15466,1.8223,0.941429,0.33526,0.127178,2.86286,0.0438435,0.225687
54.334693878,2.03225,0.399286,0.818119,0.0274151,1.2551,1.66989,0.776191,0.322749,0.153476,3.06672,0.0334949,0.162925
54.381133787,1.85492,0.297461,1.16739,0.0309203,1.39912,1.64931,0.666061,0.354689,0.155387,2.96466,0.156171,0.0789813
54.427573696,1.55823,0.219754,1.63354,0.0301405,1.51954,1.98635,0.578366,0.165246,0.131764,2.86576,0.123663,0.0164349
54.474013605,1.99608,0.120195,1.22173,0.0174254,1.48536,2.23825,0.288063,0.165599,0.0450578,3.05234,0.0656312,0.0203522
54.520453515,2.16207,0,0.607201,0.203654,1.03921,2.51312,0.0554551,0.186198,0.134085,3.23377,0.0745565,0.148667
54.566893424,2.2581,0,0.517002,0.255267,0.304236,2.90027,0.0691946,0.110518,0.232396,3.21201,0.0466326,0.29155
54.613333333,2.08325,0,0.434067,0.211433,0.111548,3.14041,0.178191,0.0877351,0.168811,3.09226,0.173415,0.200723
54.659773243,2.07128,0,0.433313,0.133446,0.244306,3.03024,0.239785,0.0751045,0.160356,2.8473,0.255879,0.0373692
54.706213152,1.59408,0,0.92739,0.0281731,0.684969,3.27808,0.333444,0.0284312,0.240651,1.97316,0.167714,0.00930103
54.752653061,1.38059,0.0478243,1.65363,0.0453385,0.392637,2.88459,0.146839,0.0314167,0.349068,1.57783,0.0962437,0.132111
54.799092971,1.34297,0.0295932,2.23592,0.0563364,0.0977197,2.07573,0.145832,0.92312,0.497204,1.69258,0.158516,0.243577
54.845532880,1.20312,0.00070372,2.33107,0.0563398,0.0554898,1.69273,0.465874,1.4695,0.566614,1.62761,0.172165,0.275451
54.891972789,0.924236,0,2.36924,0.134653,0.0153716,1.75007,0.634125,1.64951,0.431978,1.67444,0.384022,0.26798
54.938412698,0.407253,0,2.14179,0.36317,0.0379814,1.9726,0.362887,1.89413,0.189857,1.59113,0.524535,0.0971368
54.984852608,0.222424,0,1.68319,0.651891,0.134957,1.67339,0.0555717,2.56411,0.0240689,1.26109,0.358018,0
55.031292517,0.254441,0.000147875,1.34948,0.67812,0.860961,1.00712,0.043544,2.74,0.0137297,1.28428,0.23549,0.318389
55.077732426,0.109938,0.000739247,1.42205,0.489136,1.14266,1.02029,0.0451625,2.67434,0.00963361,1.21625,0.0129203,0.474911
55.124172336,0.138308,0.0490937,1.38018,0.16887,1.11234,1.30043,0.03206,2.73137,0.0401207,1.27154,0,0.403229
55.170612245,0.41946,0.0250034,0.533188,0.558144,0.978468,1.82053,0.0146586,2.56362,0.0966661,1.58565,0.0578206,0.258837
55.217052154,0.734939,0.0690483,0.422572,0.833159,0.860663,2.15377,0.171766,1.97549,0.0576402,1.73751,0.0531666,0.074903
55.263492063,0.728426,0.0166728,0.288313,0.852457,0.682715,2.50368,0.33954,1.40432,0.0969664,2.13575,0,0.0136554
55.309931973,0.42442,0.0333385,8.62221e-05,0.712514,0.275569,2.81262,0.204459,0.956017,0.0945538,2.41259,0.13875,0.147909
55.356371882,0.408994,0.0650319,0.341997,0.276877,0.00114483,2.61278,0.228569,0.752999,0.108061,2.25197,0.543018,0.206883
55.402811791,0.624517,0.231428,0.487597,0.373123,0,1.76525,0.694165,0.76454,0.121649,1.5754,0.964936,0.26536
55.449251701,0.611056,0.241268,0.685837,1.31313,0.00480425,0.278875,1.79046,0.890432,0.125871,0.892718,0.989687,0.431515
55.495691610,0.464949,0.221886,0.774453,2.00383,0.0129687,0.0527644,1.67377,1.30494,0.312456,0.4861,1.18255,0.639142
55.542131519,0.141773,0.176692,0.479833,2.49911,0.331397,0.134878,0.947486,2.13768,0.131744,0.315232,1.3965,0.423074
55.588571429,0.251043,0.00189678,0.557687,2.5308,0.321601,0.358042,0.12797,2.42325,0.135072,0.242196,1.57515,0.0504219
55.635011338,0.545099,0,0.469427,2.3535,0.116493,0.503654,0.0341902,2.54442,0.155448,0.0577419,1.80024,0.125579
55.681451247,0.722704,0,0.574474,2.29034,0.171853,0.450179,0.0449126,2.85871,0.107646,0.0677569,1.88041,0.371634
55.727891156,0.510814,0,0.872864,2.06,0.128605,0.409623,0.0324754,3.10748,0.110522,0.104784,1.63877,0.314606
55.774331066,0.874225,0.0359636,0.782279,2.12385,0.0838137,0.0220534,0.131394,3.22225,0.0189029,0.15679,0.585728,0.412978
55.820770975,2.39932,0.0486173,0.473501,2.1074,0.480184,0.0973439,0.0493818,2.7659,0.0397237,0.12026,0.118993,0.250861
55.867210884,2.71873,0.0419648,0.0389713,2.08746,0.664976,0.20603,0.0743578,2.03914,0.0454982,0.0737377,0.413354,0.0380264
55.913650794,2.62108,0,0.00964418,1.85003,0.742368,0.307816,0.0347764,2.18486,0.0800263,0.0045824,0.782591,0.140237
55.960090703,2.50935,0,0.0207088,1.46735,0.666704,0.140309,0.00752406,2.41665,0.0842375,0.0560349,1.38171,0.165659
56.006530612,2.57713,0,0,1.29566,0.79364,0.0276105,0.0677211,2.46943,0.126796,0.110446,1.53562,0.128117
56.052970522,2.5776,0,0,1.44076,0.60143,0.00892975,0.207053,2.41722,0.124039,0.100885,1.43766,0.0763563
56.099410431,2.28233,0,0,1.67509,0.639633,0.00186448,0.277221,2.21718,0.122352,0.0924788,1.0546,0.00144882
56.145850340,1.77471,0.354679,0.011067,1.47016,0.406273,0,0.211657,2.19271,0.121989,0.591147,1.03273,0.17378
56.192290249,1.21464,0.314078,0.827742,1.60778,0.0780836,0.0749066,0.324979,2.06375,0.244759,1.31158,0.935088,0.0256819
56.238730159,0.674614,0.0511686,1.67299,1.08041,0.0138502,0.000515159,0.510332,1.81289,0.517209,1.49438,1.45521,0.0362824
56.285170068,0.205475,0,2.16663,0.775151,0,0.0103487,0.608205,1.61501,0.506062,1.54075,1.74273,0.0121893
56.331609977,0.197775,0.000218429,2.22968,1.21442,0,0.00350304,0.532477,1.38728,0.260016,1.54775,1.43387,0.0072891
56.378049887,0.0946661,0.000980898,2.29744,1.48087,0.0432947,0.0012657,0.4903,1.42127,0.156397,1.57524,1.36104,0
56.424489796,0.19398,0.0482738,2.51603,1.57169,0.110932,0.00486487,0.64498,1.48554,0.133689,1.73081,1.31779,0
56.470929705,0.258477,0.00298803,2.46867,1.4845,0.0239461,0.0188269,0.791315,1.39666,0.153057,1.72198,1.46262,0
56.517369615,0.378329,0,2.41639,1.35505,0.0327811,0.0169603,0.794224,1.09808,0.158929,1.30883,1.49183,0.0353043
56.563809524,0.341206,0,2.56168,1.4456,0.0489036,0.0261132,0.732115,0.863436,0.332552,1.20556,1.3834,0.04911
56.610249433,0.292236,0,2.6845,1.57727,0.0654547,0.0282775,0.697469,0.762303,0.257455,1.13332,1.22056,0.11925
56.656689342,0.284553,0,2.70777,1.67859,0.0768987,0.296576,0.683566,0.943383,0.0342968,1.05697,1.01129,0.167952
56.703129252,0.210478,0,2.79747,1.57509,0.0613103,0.457672,0.752906,1.00956,0.0625122,1.12914,1.01047,0.203568
56.749569161,0.240685,0,3.18628,1.3301,0.0481095,0.416596,0.738539,0.890195,0.120551,1.10108,1.1695,0.0575502
56.796009070,0.231106,0,3.60889,0.807897,0.0149082,0.163347,0.84507,1.03048,0.10897,1.02405,1.35134,0
56.842448980,0.188318,0,3.40364,0.630901,0.00351345,0.00430295,0.909948,1.25629,0.185391,1.17952,1.11679,0.00751824
56.888888889,0.248846,0,3.24893,0.755327,0,0.00977415,0.938108,1.25598,0.190997,1.32691,0.996613,0
56.935328798,0.506419,0,3.24278,0.484677,0,0,0.848026,1.21425,0.114155,1.45946,1.36855,0
56.981768707,0.486254,0,3.22358,0.287346,0.0331586,0.184009,0.630948,1.34073,0.107169,1.33811,1.51008,0
57.028208617,0.36987,0.00122177,3.41542,0.021339,0.371753,0.303843,0.378112,1.44437,0.108422,1.18344,1.38858,0
57.074648526,0.298936,0.0325975,3.44011,0.00643514,0.74872,0.369067,0.375492,1.59574,0.138447,0.941951,1.23918,0
57.121088435,0.58275,0.00641201,3.29169,0,0.772135,0.0484988,0.392238,1.85534,0.270381,0.904957,1.11656,0.0102763
57.167528345,0.489541,0,2.93701,0.0749074,0.605516,0.00599539,0.415962,2.29163,0.332282,0.895836,1.13262,0.160099
57.213968254,0.149148,0,2.57031,0.628177,0.318101,0.0144267,0.430579,2.88124,0.131396,0.897599,1.25659,0.135032
57.260408163,0.439696,0,2.44597,0.810719,0.165639,0.0166562,0.349743,2.69071,0.136141,0.590265,1.27829,0
57.306848073,0.583611,0.00466692,2.46418,0.532028,0.200709,0.798579,0.0996716,1.74799,0.164579,0.404084,1.16798,0
57.353287982,0.566456,0,2.39905,0.3206,0.197093,1.32486,0.0669366,0.819178,0.206539,0.182399,1.42101,0.0393838
57.399727891,0.558395,0.152675,2.58981,0.246959,0.220085,1.44362,0.041079,0.730527,0.367761,0.0775677,1.16893,0
57.446167800,0.464766,0.484482,2.8019,0.545085,0.178879,1.10549,0.0320803,1.02405,0.366427,0.250976,1.00525,0
57.492607710,0.366483,0.596625,2.95576,0.295091,0.176205,1.0264,0.160765,1.34452,0.322897,0.42057,1.07446,0
57.539047619,0.0628355,0.529894,3.15931,0.00909537,0.172185,0.882366,0.00674235,1.77838,0.422749,0.538238,1.09238,0
57.585487528,0.0613784,0.0631518,3.0597,0.0067227,0.129886,0.753117,0,2.13471,0.240583,0.509003,1.20488,0.0453114
57.631927438,0.236344,0.00116668,2.80996,0.640927,0.112165,0.278447,0.0471898,2.07738,0.0992971,0.432458,1.62883,0
57.678367347,0.888721,0.00297546,2.93423,1.02802,0.162861,0.00496246,0.405225,1.90239,0.281098,0.214933,1.57053,0
57.724807256,1.42319,0,2.76845,0.689471,0.167188,0.0229644,0.623367,1.66238,0.574436,0.204565,1.42065,0
57.771247166,1.61273,0,2.67996,0.487687,0.151306,0.425898,0.476973,1.58968,0.509026,0.220974,1.04801,0
57.817687075,1.87062,0,2.50986,0.553626,0.14009,0.195305,0.403863,1.66148,0.417938,0.325297,0.961924,0
57.864126984,2.05689,0,2.52852,0.741377,0.138893,0.0123132,0.479151,1.93447,0.14559,0.325145,1.07861,0
57.910566893,1.88717,0,2.62878,0.859011,0.151011,0.00398625,0.438752,2.30482,0.132799,0.585865,1.02699,0
57.957006803,1.77491,0,2.68736,0.797633,0.134008,0,0.416713,2.12165,0.142054,0.492356,1.04635,0.0705811
58.003446712,1.88684,0.00367166,2.74617,0.748405,0.100685,0,0.31368,2.00756,0.159832,0.611301,0.845721,0.126612
58.049886621,1.9017,0.0399274,2.53298,0.815334,0.082538,0,0.306366,2.3801,0.158384,0.898399,0.55921,0
58.096326531,1.48414,0.091608,2.18273,0.870118,0.0386612,0,0.225384,2.35593,0.362157,1.1563,0.757252,0.00765315
58.142766440,0.768102,0.125897,1.66839,0.821598,0.0255087,0.0023096,0.0540746,1.97553,0.496141,1.28747,1.45674,0.176036
58.189206349,0.202098,0.169179,1.494,0.994745,0.0691855,8.94746e-05,0.0103233,2.09191,0.489214,1.22561,1.5826,0.148685
58.235646259,0.0751668,0.178276,1.75444,1.43741,0.0775902,0,0.0287244,2.16743,0.31799,0.890845,2.22583,0.115447
58.282086168,0.046593,0.0990057,2.31364,1.57842,0.086655,0.0456695,0.023989,2.44786,0.0716458,0.40758,2.67328,0.0454463
58.328526077,0.0780933,0.00293332,2.58794,1.40157,0.0876658,0.380385,0.0386495,2.27461,0.00694835,0.478043,2.66066,0.0151113
58.374965986,0.160249,0.160344,2.6572,0.964089,0.108907,0.330158,0.0368291,1.75703,0.136955,0.549556,2.8191,0
58.421405896,0.18531,0.19704,2.34215,0.815031,0.131879,1.17072,0.146594,1.23565,0.411742,0.908509,2.56942,8.99538e-05
58.467845805,0.281615,0.139342,2.15279,1.05521,0.156136,1.94202,0.199709,0.316338,0.504367,1.08403,2.08644,0.0106564
58.514285714,0.639217,0,1.7215,1.30599,0.0444261,2.01719,0.169798,0.111198,0.459235,1.30936,2.02837,0.000505126
58.560725624,0.714737,0,1.0697,2.09064,0.0403873,1.87386,0.0771836,0.519761,0.389614,0.961848,1.81497,0.000383707
58.607165533,0.677226,0,0.316011,2.3391,0.0362302,1.72771,0.0395515,0.837105,0.409557,0.369769,1.53886,0.0857893
58.653605442,0.886531,0,0.184151,2.25021,0.0301661,1.88717,0.0686411,0.632816,0.313474,0.49114,1.14468,0.379385
58.700045351,0.910381,0,0.276567,1.37124,0.00258771,2.21057,0.0520619,0.883918,0.448842,0.595678,1.22688,0.488364
58.746485261,0.644772,0.189183,0.598938,1.27099,0,2.19192,0.0571834,0.739062,0.305525,0.746739,1.49051,0.343558
58.792925170,0.0287337,0.20092,0.520071,1.50906,0,1.76417,0.104534,0.439041,0.399267,0.772637,1.88312,0.273863
58.839365079,0.00397079,0.162349,0.366228,1.7935,0.0152349,0.989729,0.556322,0.551711,0.290521,0.37526,2.36892,0.438908
58.885804989,0.0877726,0.150115,0.618329,1.52231,0.0352102,0.426646,1.70864,1.16047,0.14042,0.106778,2.38858,0.466363
58.932244898,0.00340911,0.12428,0.76681,1.81077,0.0664619,0.270361,1.66351,1.85902,0.120294,0.0588275,2.16592,0.434544
58.978684807,0,0.129268,0.737231,2.11946,0.0846238,0.275443,0.71716,2.79572,0.118501,0.0618364,1.83914,0.588973
59.025124717,0,0.0837147,0.784832,2.18025,0.0663958,0.637748,0.0709588,3.02198,0.111564,0.078296,1.65507,0.524679
59.071564626,0.0569517,0,0.664192,1.82137,0.0253262,1.13571,0.133521,3.13392,0.129059,0.130672,1.37168,0.314538
59.118004535,0.0381426,0,0.708622,1.73481,0.0218922,0.773868,0.0131106,3.35006,0.186752,0.0802014,0.988542,0.462594
59.164444444,0,0,0.732734,1.78155,0.0273575,0.0928231,0.139125,3.53222,0.202785,0.00601814,0.731468,0.479144
59.210884354,0,0,0.865533,1.80412,0.0329151,0.0885997,0.245633,3.54231,0.0765166,0.00834553,0.760086,0.68682
59.257324263,0,0.0193744,0.713451,1.99748,0.0554655,0.304635,0.103657,3.38297,0.0344778,0.00870205,1.06236,0.715665
59.303764172,0.0601527,0.0240133,0.611997,2.13798,0.119219,0.463964,0.0256339,3.11505,0.0100726,0.0111039,1.18096,0.735742
59.350204082,0.0940578,0,0.601634,2.08505,0.0298247,0.339859,0.110252,2.88648,0.0970748,0.076035,1.24475,0.956481
59.396643991,0.0867309,0,0.49253,1.82856,0.029818,0.164857,0.116822,3.12173,0.221283,0.605849,1.16991,0.759441
59.443083900,0.104549,0.0767459,0.542815,1.19172,0.142372,0.405181,0.328026,3.15281,0.141243,0.990627,1.11185,0.242827
59.489523810,0.129255,0.134168,1.06779,1.11948,0,0.619198,0.430797,2.78337,0.342151,1.00896,1.03286,0.401832
59.535963719,0.126651,0.146387,1.23156,1.14427,0,0.553918,0.404727,2.64983,0.442577,0.951012,1.15464,0.447066
59.582403628,0.151784,0.0453056,0.648113,2.28049,0.0252193,0.233809,0.0970932,2.88667,0.124156,0.745051,0.888934,0.3388
59.628843537,0.103726,0.216229,0.399435,2.6116,0.0306015,0.00948851,0.0822071,3.03166,0.123507,0.255861,1.18997,0.277053
59.675283447,0.248627,0.449096,0.268068,2.49971,0.0219126,0.0103929,0.234223,3.15786,0.314205,0.161034,1.13509,0.343201
59.721723356,0.312805,0.403819,0.38305,2.42331,0.000428917,0,0.319264,3.25606,0.403518,0.220874,1.00828,0.270788
59.768163265,0.205724,0.264695,0.525252,2.37768,0,0,0.265512,3.301,0.225231,0.158192,1.03054,0.277337
59.814603175,0,0.260253,0.523093,2.55474,0,0.0266933,0.19504,3.33721,0.118599,0.128829,1.20405,0.269543
59.861043084,0,0.153887,0.586029,2.69948,0,0.0448786,0.00837269,3.20319,0.127052,0.425651,1.06692,0.264143
59.907482993,0,0.0807448,0.526271,2.62605,0,0.0350875,0,3.24371,0.188131,0.360856,1.26005,0.32339
59.953922902,0.07805,0.0448853,0.581506,2.58266,0.0240158,0.049708,0.00381687,3.12197,0.194504,0.187782,1.49124,0.346039
60.000362812,0.05589,0.017369,0.749735,2.45997,0.0318269,0.086261,0.0107262,2.92329,0.276924,0.0674658,1.73445,0.435431
60.046802721,0,0,0.791179,2.09638,0.0877406,0.213475,0.119128,2.84413,0.383633,0.194264,1.71931,0.469332
60.093242630,0,0.227867,0.576669,1.94057,0.0315352,0.280804,0.06735,2.77875,0.370233,0.458044,1.82256,0.341907
60.139682540,0,0.395858,0.372663,1.83288,0.0354875,0.598063,0.0248503,2.76248,0.407762,0.421689,1.91687,0.333363
60.186122449,0.0100967,0.277737,0.536127,2.35142,0.184209,0.376069,0.0228282,2.86168,0.255116,0.119947,1.80202,0.178611
60.232562358,0.130744,0.317374,0.515621,2.5645,0.1136,0.0701607,0.231688,2.95069,0.0457347,0.0823943,1.3964,0.146321
60.279002268,0.0960313,0.687121,0.18152,1.59492,0.200015,0.0310543,0.342453,2.73156,0.144716,0.331482,1.35953,0.0142503
60.325442177,0.0809155,0.890894,0.0716072,1.47968,0.0524273,0,1.00201,1.82275,0.121985,0.777711,1.33324,9.02159e-05
60.371882086,0.664734,0.448384,0,1.51305,0.0936847,0.462059,0.869522,1.62212,0.179006,1.03828,1.00334,0.000182011
60.418321995,0.987185,0.15159,0,0.613507,0.360179,1.10194,0.493657,2.03819,0.163407,0.970179,1.35595,0.065133
60.464761905,1.92589,0.0466868,0.0872217,0.626213,0.481859,1.30649,0.0719826,1.72765,0.224691,0.539882,1.14239,0.174899
60.511201814,2.61693,0.00154173,0.139179,0.696302,0.637732,1.17874,0.061689,1.58475,0.692859,0.156455,0.70256,0.10529
60.557641723,2.51181,0.0227326,0.179838,0.357142,0.758033,0.422894,0.187534,1.9591,0.853986,0.160372,0.945339,0.064695
60.604081633,2.22023,0.0122711,0.734313,0.464741,0.811949,0.0179873,0.30634,1.85568,0.72514,0.137489,0.961963,0.00273676
60.650521542,1.89835,0.0107316,0.921922,0.817545,0.685861,0.00368901,0.37041,1.74335,0.665751,0.355184,0.845528,0
60.696961451,1.14081,0.034016,1.72997,0.96698,0.20129,0.936702,0.392522,1.79081,0.570663,0.646678,0.781246,0
60.743401361,0.801315,0,2.43607,0.774328,0.0894538,0.971475,0.259487,1.44774,0.29304,1.54384,1.11416,0
60.789841270,0.672297,0,2.7192,0.530136,0.20458,0.96229,0.217664,1.14626,0.178805,1.48819,1.21244,0.107497
60.836281179,0.366229,0.454402,2.61229,0.476982,0.171953,0.949853,0.486546,1.07459,0.187289,1.48603,1.10596,0.0357409
60.882721088,0.0810895,0.699987,2.70216,0.561289,0.0808516,1.0067,0.396521,1.0737,0.14955,1.57694,0.993656,0.401024
60.929160998,0.0419346,0.429686,3.21094,0.51122,0.0249163,0.303355,0.856557,0.306374,0.086071,1.71181,1.13925,0.549061
60.975600907,0.0154676,0.085233,3.31661,0.57089,0.0200252,0.256018,0.868127,0.710106,0.119424,1.44608,1.12531,0.510651
61.022040816,0.0183898,0,2.98506,0.484064,0,0.438871,0.414389,1.68956,0.253058,1.19999,1.18364,0.474437
61.068480726,0.0259159,0.000681258,2.41278,0.467323,0,0.47442,0.190307,2.4556,0.246272,0.953042,1.25271,0.278335
61.114920635,0.725765,0,1.93079,0.255769,0.00957323,0.0552891,0.205132,3.2556,0.160389,0.555789,1.43743,0.235042
61.161360544,1.45781,0,1.80326,0.281966,0.180117,0.0110249,0.370793,2.74686,0.229855,0.207883,1.94088,0.0953575
61.207800454,1.51598,0,2.0948,0.08003,0.141822,0.000335442,0.430556,2.51487,0.161945,0.13972,2.19833,0.0465732
61.254240363,1.36276,0,2.13305,0.449508,0.153393,0.00980552,0.357064,2.55501,0.136821,0.111318,1.97264,0.0106765
61.300680272,1.09841,0.000223014,2.43617,0.766321,0.164136,0.00963253,0.113825,2.36061,0.116421,0.0874533,1.76212,0.0025654
61.347120181,0.939119,0.067518,2.51167,0.630958,0.154465,0.00976132,0.0336262,1.52146,0.1645,0.277763,1.91129,0.0260506
61.393560091,0.87429,0.028103,2.92342,0.238514,0.149881,0.0945916,0.160777,1.06994,0.445008,0.1372,2.37719,0.0520423
61.440000000,0.697377,0,2.69792,0.0471669,0.140459,0.441373,0.166585,1.79739,0.39646,0.16971,2.53182,0
61.486439909,0.541663,0.00447774,2.33714,0.193092,0.139852,0.737858,0.0735948,2.71112,0.115495,0.265705,2.3948,0
61.532879819,0.173397,0.0150301,2.23899,0,0.15723,0.633127,0.00312712,3.21346,0.100687,0.379617,2.48024,0
61.579319728,0.16538,0.0133235,2.46651,0.0879008,0.167824,0.364381,0,2.84208,0.630849,0.346986,2.24226,0.409987
61.625759637,0.445757,0.222809,1.9999,0.128961,0.106134,0.458685,0.0351278,1.92325,0.906927,0.0615472,2.19709,0.64848
61.672199546,1.10898,0.248926,1.19664,0.166824,0.0305915,0.711113,0.296913,1.49086,0.675657,0.281032,1.97443,0.726001
61.718639456,2.28851,0,1.11568,0.0183371,0.0790781,0.616296,0.431085,1.5432,0.0765771,0.394694,1.71448,0.351156
61.765079365,2.6049,0,1.34798,0.00633091,0.286761,0.758681,0.957753,1.53113,0.0161027,0.293313,1.17268,0
61.811519274,2.07939,0,1.33551,0.0755034,0.356937,0.618079,0.522339,1.88947,0.107731,0.256055,1.86533,0
61.857959184,1.40686,0.0699668,1.93606,0.0244686,0.256023,0.61612,0.263388,2.43939,0.418097,0.0876905,2.92909,0.0205694
61.904399093,0.234768,0.0996468,2.40286,0.070414,0.0668799,0.694046,0.112904,2.90062,0.354636,0.0196795,3.30271,0.0572355
61.950839002,0.000513131,0.183308,2.67005,0.0502432,0.0245276,0.472739,0.0100965,3.26799,0.363961,0.0593184,2.79966,0.114932
61.997278912,1.10945,0.315828,2.59621,0.258233,0.0174343,0.0272895,0.0339408,3.44376,0.342661,0.0133968,2.02378,0.0804224
62.043718821,2.02546,0.250321,1.805,0.247422,0.198777,0.0222076,0.029753,3.38023,0.28085,0.017368,2.22147,0
62.090158730,2.20512,0.177689,1.3059,0.391998,0.433075,0.0245281,0.0211196,3.35014,0.240595,0.0175322,2.42037,9.90884e-05
62.136598639,2.2157,0.193336,1.26758,0.58102,0.523251,0.0254773,0.00292873,3.16042,0.319151,0.0151587,2.33648,0.00477334
62.183038549,1.8782,0.182362,1.52985,0.367924,0.54965,0.0386619,0.0820278,2.66123,0.341623,0.0226384,2.13024,0.166579
62.229478458,1.63773,0.310614,1.81819,0,0.501154,0.760955,0.240447,1.95856,0.420101,0.124414,1.53699,0.261076
62.275918367,1.90245,0.280452,1.72015,0.181541,0.417648,1.27958,0.570527,1.34903,0.2618,1.22428,0.357384,0.0327388
62.322358277,2.12724,0.0395973,1.40416,0.239079,0.372815,1.55767,0.65494,1.24223,0.245549,1.568,0.078624,0
62.368798186,2.43832,0.0010572,1.10956,0.238473,0.378396,1.66904,0.572654,1.12893,0.163106,1.55635,0.264702,0
62.415238095,2.48416,0.00124989,0.885122,0.2182,0.430921,1.75983,0.11483,1.06353,0.101638,1.41691,0.26875,0
62.461678005,2.15272,0.00147719,0.780367,0.161007,0.566705,1.92367,0.0280211,1.26171,0.03252,1.47913,0.300129,0.0184648
62.508117914,1.89517,0.164804,0.883107,0.0791433,0.671041,2.11628,0.00915608,1.50752,0.131149,1.36096,0.151372,0.0339343
62.554557823,1.71152,0.491654,0.959086,0.015248,0.626204,2.09562,0.0031847,1.84902,0.142217,1.52207,0.146028,0.057749
62.600997732,1.96761,0.46704,0.930425,0.0096569,0.57655,1.77937,0.00680386,1.91367,0.21809,1.53985,0.122273,0.11051
62.647437642,2.0218,0.108637,0.86295,0.1683,0.525237,1.5379,0.332617,1.77907,0.247478,1.50397,0.101551,0.158402
62.693877551,1.99451,0.0923505,0.913201,0.333659,0.538529,1.65651,0.334248,1.67881,0.154268,1.37318,0.113466,0.390721
62.740317460,2.05716,0.0294567,0.955154,0.445006,0.525611,2.00501,0.290962,1.52374,0.00162582,1.3029,0.111968,0.496033
62.786757370,2.43228,0,0.656641,0.257325,0.509417,2.12256,0.0206704,1.4795,0.00113219,1.35751,0.093692,0.384738
62.833197279,3.06915,0,0.322071,0,0.863264,1.93245,0.0298307,1.55041,0,1.24083,0.28558,0.223965
62.879637188,2.95418,0,0.339965,0,0.945827,1.63472,0.0314588,1.82154,0.0758071,1.11318,0.467811,0.247845
62.926077098,2.68136,0,0.488391,0,0.707663,1.46975,0.236442,1.98724,0.118416,0.981463,0.728731,0.0492991
62.972517007,2.24497,0,0.796158,0,0.440214,1.82539,0.0433662,1.9955,0.1197,0.684049,1.03479,0.00587265
63.018956916,2.4948,0.000120511,0.968231,0,0.397502,1.86187,0.222841,1.56755,0.122563,0.70649,0.808408,0
63.065396825,2.83969,0.0310453,1.06681,0,0.389997,1.79291,0.231299,1.3567,0.0895823,1.35419,0.308936,0.0187784
63.111836735,2.89188,0.278949,1.09233,0.00133739,0.446021,1.72254,0.0899861,1.40053,0.108687,1.62301,0.227671,0.0932186
63.158276644,2.89278,0.201125,0.865865,0,0.560464,1.84891,0.0700626,1.32801,0.1411,1.64569,0.421981,0
63.204716553,2.80315,0.0831625,0.609433,0.0626343,0.63688,2.02286,0.0677906,1.4138,0.125331,1.52486,0.49053,0
63.251156463,2.69409,0,0.424057,0.147872,0.599003,2.06042,0.0472366,1.60831,0.45236,1.11916,0.523813,0
63.297596372,2.54402,0,0.524979,0.160423,0.394436,2.22138,0.00437635,1.39514,0.794327,0.898383,0.357401,0
63.344036281,2.5554,0.00739899,0.443258,0.13468,0.390172,2.23935,0.000138862,1.49431,0.943616,0.580682,0.123847,0.164018
63.390476190,2.66159,0.016708,0.251655,0.161287,0.32387,2.04988,0.0249325,1.58116,0.953836,0.306993,0.104438,0.147625
63.436916100,2.71415,0.0254399,0.263954,0.106139,0.251686,1.90948,0.00392586,1.70126,0.891449,0.105535,0.101393,0.136161
63.483356009,2.54321,0.0300165,0.216302,0.0235528,0.332659,1.86065,0,1.7995,0.426393,0.0261142,0.104388,0.137193
63.529795918,2.34438,0.0655213,0.0187205,0.00846015,0.391592,1.7241,0.0020875,1.80648,0.27325,0.312196,0.122609,0.134585
63.576235828,2.20705,0.0158981,0.136944,0.090588,0.358528,2.00711,0.0265461,1.59531,0.0839778,0.664263,0.204958,0.126217
63.622675737,2.59691,0,0.332183,0.186862,0.30964,1.89399,0.0320678,1.32716,0.135886,0.690714,0.590571,0.0546112
63.669115646,2.76597,0,0.618294,0.0043773,0.244454,1.90269,0.0532392,1.3701,0.175354,0.640324,0.61983,0.107586
63.715555556,2.68064,0,0.65578,0,0.204105,1.79869,0.0807357,1.45993,0.156462,0.657706,0.475124,0.0947189
63.761995465,2.50443,0,0.676569,0.0335011,0.151689,1.56748,0.691512,1.25478,0.149598,0.689768,0.596644,0.00460238
63.808435374,1.79628,0,0.658271,0.176155,0.0926236,1.66193,0.697438,0.79695,0.2994,0.840354,1.43923,0.12912
63.854875283,1.06592,0,0.832964,0.247552,0.00696505,2.07957,0.514565,0.121372,0.373764,1.05181,2.16445,0.0378795
63.901315193,0.887383,9.0521e-05,0.692452,0.213939,0.0331499,2.54432,0.621971,0.112964,0.320592,1.44424,2.27144,1.13529e-05
63.947755102,1.10279,0,0.539784,0.23081,0.0246006,2.78189,0.574567,0.252611,0.172308,1.68057,2.05177,0.0825962
63.994195011,1.16714,0,0.505587,0.216326,0.208054,2.72054,0.697126,0.288553,0.100589,1.40803,1.57157,0
64.040634921,1.00255,0,0.324184,0.239286,0.88766,2.14738,0.364645,0.181872,0.0946397,1.78257,1.3773,0
64.087074830,1.01035,0,0.042652,0.241111,1.07129,1.97306,0.269343,0.0462034,0.104442,2.57501,0.954886,0
64.133514739,1.12201,0,0,0.241107,1.09262,1.99319,0.201463,0.00752086,0.113725,3.36759,0.759328,0
64.179954649,1.13765,0.0121882,0.0464105,0.245329,1.09061,2.10143,0.0240702,0.0126755,0.114144,3.65469,0.734911,0.0576074
64.226394558,1.08764,0.106227,0.0332482,0.240926,0.983462,2.18816,0.0291258,0.0482609,0.110757,3.63724,0.704415,0.0902732
64.272834467,1.0644,0.172977,0,0.213487,0.766852,2.35088,0.0841336,0.149174,0.118784,3.48658,0.628287,0
64.319274376,1.24431,0.347656,0,0.191075,0.473205,2.15103,0.24032,0.158227,0.110407,3.48605,0.266388,0
64.365714286,1.00189,0.285795,0,0.460647,0.389705,2.00709,0.367697,0.182181,0.0925837,3.20588,0,0
64.412154195,0.855994,0.0782295,0.000258685,0.404916,0.362474,2.06461,0.266445,0.146916,0.0955976,2.80809,0,0.0778151
64.458594104,0.930842,0.149718,0.129971,0.462901,0.654139,2.20423,0.127171,0.169072,0.0656512,2.51847,0.0192104,0.143126
64.505034014,0.960465,0.0687553,0.343654,0.353381,1.10632,2.12508,0.118628,0.0275331,0.100275,2.32913,0.0400891,0.36912
64.551473923,1.43485,0,0,0.134714,1.08643,2.26577,0.122677,0.175659,0.121375,2.58544,0.0864271,0.40178
64.597913832,1.7748,0,0.000352077,0.115025,0.80808,2.48356,0.100984,0.401591,0.133462,2.56135,0.00586724,0.503829
64.644353741,1.4698,0,0.260253,0.0850255,0.197262,2.6448,0.116999,0.352424,0.131761,2.58929,0.0059039,0.225847
64.690793651,1.46732,0.0609355,0.449033,0.103722,0.259202,2.61573,0.164971,0.246139,0.147041,2.8693,0.0463868,0
64.737233560,1.38107,0.253123,0.527464,0.185361,0.543711,2.03067,0.31023,0.2339,0.134935,3.35502,0.230731,3.61215e-05
64.783673469,1.13429,0.585124,1.04183,0.15098,0.686699,1.48673,0.325696,0.08621,0.22238,3.2261,0.372814,0.0786425
64.830113379,0.783894,0.50998,1.67453,0.0744134,0.761305,1.64756,0.283286,0.0775138,0.194971,3.19739,0.266424,0.111739
64.876553288,0.543237,0.256217,2.24539,0.0401718,0.742052,1.7294,0.472258,0.051739,0.130296,3.09506,0.183882,0.0963409
64.922993197,0.444375,0.171352,2.17278,0.170377,0.941678,1.80762,0.43016,0.0408164,0.114774,3.00355,0.217584,0
64.969433107,0.184078,0.0659692,1.68958,0.352123,1.02855,2.0697,0.0550002,0.0156187,0.263384,2.96533,0.548257,0.0679022
65.015873016,0.33195,0.011104,0.810349,0.732524,0.935767,2.12452,0.0147369,0.0251656,0.155275,2.69559,0.855474,0.025079
65.062312925,0.168953,0.113277,0.356013,0.860369,0.927986,2.15829,0.0142315,0.0389483,0.357439,2.22947,0.583656,0.144565
65.108752834,0,0.279367,0.337809,1.04012,0.41692,2.04564,0.00880334,0.0754264,0.416367,2.43504,0.416821,0.12333
65.155192744,0,0.352966,0.241595,0.732389,0.0286302,1.98689,0,0.489038,0.160317,2.80206,0.328381,0.0872821
65.201632653,0.116225,0.380527,0.201945,0.146761,0.0295095,1.9283,0.0328604,0.839433,0.542532,2.51373,0.148853,0.0606377
65.248072562,0.225131,0.503005,0.100823,0.188199,0.0277071,1.94811,0.0298652,0.821674,0.84012,2.38125,0.135862,0.0205871
65.294512472,0.327433,0.601423,0.0710255,0.447097,0.136678,2.39496,0.00295849,0.590234,0.999528,2.57039,0.154783,0
65.340952381,1.20334,0.299925,0.0493589,0.627782,0.213428,2.73336,0.000933051,0.0869764,0.843565,2.84635,0.0802901,0.0130928
65.387392290,1.27859,0.0992395,0.153511,0.209042,0.175164,2.88473,0.00498318,0.0221647,0.586326,3.12016,0.170118,0.106068
65.433832200,0.98411,0.316398,0.547773,0.126887,0.117245,2.52372,0.0169984,0.209095,0.692497,2.72146,0,0.136292
65.480272109,1.22388,0.187065,0.974405,0.0737086,0.374558,2.02614,0.0200733,0.487951,0.565283,2.25689,0,0.141901
65.526712018,1.701,0.0349431,1.25421,0.0281758,0.589165,1.87056,0.040369,0.582661,0.456603,2.28874,0,0.0864484
65.573151927,2.22824,0.00153009,0.964913,0.00166569,0.288654,1.83203,0.190437,0.652905,0.31241,2.57022,0.0707369,9.75793e-05
65.619591837,2.55461,0,0.406595,0,0.162279,1.96609,0.238025,0.641547,0.204808,2.91638,0.107273,5.95348e-05
65.666031746,2.54201,0.236091,0.068819,0,0.282142,1.98377,0.188721,0.661776,0.184296,3.1267,0.0900858,3.05849e-05
65.712471655,2.5572,0.230276,0,0,0.361915,1.82022,0.019045,0.751398,0.123227,3.0645,0.247228,0
65.758911565,2.42051,0.0297868,0,0,0.254309,2.1806,0.00868426,0.825305,0.104442,2.72172,0.31211,0
65.805351474,2.42303,0.0502748,0.0767056,0,0.204062,2.18275,0.00644032,0.670353,0.0968686,1.96592,0.414424,0
65.851791383,2.62492,0.00109868,0.108327,0,0.137436,2.18323,0.00568568,0.517184,0.103305,1.35983,0.541048,0.254493
65.898231293,2.76475,0.000809915,6.22526e-05,0,0.154306,2.16956,0.000130684,0.452843,0.111419,1.06461,0.618895,0.301431
65.944671202,2.5859,0,0,0,0.175342,2.47426,0,0.482276,0.124805,1.10745,0.538852,0.431202
65.991111111,2.51011,0,0,0,0.176047,2.6964,0,0.533177,0.135773,1.14607,0.258863,0.154518
66.037551020,2.49772,0.311855,0,0,0.172752,2.58272,0.0200276,0.542231,0.277427,1.18527,0.171519,0.410975
66.083990930,2.66575,0.302518,0.0418794,0.398995,0.125919,2.03477,0.0851564,0.48659,0.168324,1.22578,0,0.562577
66.130430839,2.67768,0.292351,0.0201087,0.633807,0.138298,1.57747,0.370198,0.489844,0.116479,1.14944,0.105674,0.519904
66.176870748,2.60576,0.300466,0.10844,0.674675,0.312086,1.69703,0.206982,0.672741,0.0518119,0.889249,0.0843148,0.205811
66.223310658,2.4307,0.182307,0.0410713,0.206709,0.161358,2.09415,0.028748,0.901051,0.146551,0.755359,0.391068,0.115337
66.269750567,2.47424,0.0876001,0,0,0.0678262,2.20395,0.0357367,1.58452,0.129448,0.332983,0.394889,0.121088
66.316190476,2.50782,0.0768633,0.0392571,0,0.0635306,2.54734,0.163361,1.2864,0.16541,0.274531,0.0717175,0.54124
66.362630385,2.42816,0.0735041,0.109462,0,0.0634938,2.70284,0.250313,1.05739,0.287584,0.438595,0.185786,0.726746
66.409070295,2.31632,0.109262,0.319589,0,0.115738,2.68255,0.297831,0.829037,0.163144,0.868407,0.30297,0.806495
66.455510204,2.11204,0.0343235,0.223149,0,0.209252,2.74215,0.276083,0.616899,0.100561,1.14042,0.436238,0.701435
66.501950113,2.54381,0,0.201424,0,0.202774,2.56251,0.138383,0.7079,0.108896,0.926709,0.75,0.313101
66.548390023,2.58386,0,0.437882,0.000136483,0.17129,2.33496,0.151597,0.763564,0.335139,0.908175,0.343469,0.0358843
66.594829932,2.63777,0,0.506915,0,0.162161,2.09911,0.251384,0.679333,0.302777,1.11449,0.215049,0.040483
66.641269841,2.53353,0,0.430334,0.00731877,0.132476,1.97791,0.264883,0.635017,0.0888247,1.19606,0.321656,0.109157
66.687709751,2.07341,0.015613,0.0517566,0.0709958,0.00385684,1.93494,0.341553,0.904935,0.0787195,1.0554,0.357978,0.268406
66.734149660,1.68634,0.254615,0.699289,0.0747862,0.0118273,1.79422,0.171557,0.825992,0.0933275,0.704564,0.441002,0.231941
66.780589569,1.73942,0.315766,1.3155,0.0716296,0,1.45511,0.118132,0.995367,0.297874,0.453218,0.549613,0.125377
66.827029478,2.14539,0.115868,2.0489,0.0573546,0.0286443,1.66095,0.0942462,0.635439,0.35076,0.418911,0.476036,0.0315257
66.873469388,1.96375,0.358415,2.27411,0.0782007,0.0103093,1.82558,0.0826297,0.15292,0.311835,0.712817,0.1532,0.000268319
66.919909297,1.87722,0.442057,2.0135,0.170272,0.0289024,1.78252,0.190092,0.104597,0.220838,1.05025,0.101285,0.000462494
66.966349206,1.50964,0.278847,1.55919,0.496091,0.0271462,1.64134,0.290258,0.303726,0,1.42662,0.123823,0.000441875
67.012789116,1.46905,0,1.6324,0.848097,0.0259137,1.7247,0.241823,0.326295,0,1.58216,0.142005,0.000390119
67.059229025,1.37644,0.51527,1.5217,1.03383,0.0140087,2.03781,0.0744685,0.158281,0,1.37435,0,0.0685022
67.105668934,1.32321,0.791363,1.42492,0.8012,0.0357254,1.98856,0.0776868,0.0526465,0.183154,0.995243,0.000390502,0.174817
67.152108844,1.35915,0.784963,0.751942,0.764838,0.175548,1.99773,0.327407,0.232477,0.419262,0.738243,0.0210795,0.256848
67.198548753,1.69211,0.600301,0.52607,0.619771,0.190327,2.57288,0.815879,0.0813244,0.64821,0.233213,0.0141305,0.386705
67.244988662,1.96939,0.269096,0.0479757,0.852026,0.518488,1.94783,0.875264,0.0943747,0.774112,0.252489,0.338405,0.155163
67.291428571,1.97637,0.0506682,0.18524,0.826178,0.512638,1.8619,0.710419,0.125962,0.640361,0.45962,0.58082,0.110547
67.337868481,1.74168,0.122997,0.796051,0.418014,0.526161,1.59246,0.328202,0.481992,0.564244,0.234084,0.797218,0.0199695
67.384308390,1.65463,0.200723,0.701507,0.138704,0.568892,1.51883,0.30517,0.945499,0.976232,0.0720636,0.81765,0.0750902
67.430748299,1.75761,0.167691,0.72235,0.135791,0.581485,1.26499,0.392549,0.919248,1.38522,0.065325,0.681324,3.63527e-05
67.477188209,1.47766,0.593131,0.834891,0.109336,0.33488,1.86994,0.415919,0.0892394,1.58708,0.0512515,0.844703,0.00020559
67.523628118,2.06935,0.305991,0.58766,0.0180788,0.168655,2.28462,0.114218,0.193774,1.37877,0.0677147,0.838284,0.00835374
67.570068027,2.21097,0.124571,0.243226,0,0.263548,1.81071,0.365227,0.0959866,1.586,1.17315,0,0
67.616507937,2.21322,0.0195644,0.219987,0,0.474686,1.19834,0.24866,0.129849,0.864326,1.94141,0,0
67.662947846,1.75684,0.213989,0.261509,0,0.695965,0.9404,0.303604,0.116544,0.440379,2.59685,0.0125495,0
67.709387755,1.42817,0.509658,0.236242,0.000573047,0.655307,1.02134,0.239836,0.0105082,0.165093,2.94691,0.130074,0
67.755827664,1.30181,0.586571,0.0413743,0,0.529184,1.03239,0.376492,0.00266495,0,3.22863,0.141324,0
67.802267574,1.26982,0.568112,0.0002513,0,0.422911,1.07835,0.569883,0,0,3.2222,0.13646,0.0270676
67.848707483,1.32912,0.515334,0.0803678,0.00785518,0.345725,1.04245,0.543221,0,0,3.11298,0.0568703,0.0987855
67.895147392,1.31242,0.502599,0.0492997,0.00203515,0.32275,1.36051,0.35006,0.0620557,0,3.26163,0,0.142214
67.941587302,1.20176,0.607915,0.0195343,0,0.687626,1.93633,0.153548,0.0472187,0.0134321,2.91463,0,0.133502
67.988027211,1.09873,0.494969,0.148707,0.154474,0.666942,2.25627,0.185767,0.126787,0.226669,1.97433,0.0891292,0.119294
68.034467120,0.9909,0.371488,0.146224,0.171323,0.6635,1.6467,0.326993,0.0952799,0.391145,2.00612,0.109955,0.112108
68.080907029,0.840288,0.460169,0.110621,0.17438,0.531497,1.25523,0.432508,0.183519,0.267453,2.91334,0.125777,0.0897766
68.127346939,0.489952,0.760944,0.0191535,0.259235,0.468672,1.05349,0.308443,0.226295,0.0989263,3.77844,0.0773627,0.0645686
68.173786848,0.489248,0.874363,0.00313742,0.242926,0.830664,0.733634,0.0432999,0.157931,0,4.29229,0.0646163,0.0751298
68.220226757,0.532149,1.01083,0.00599115,0.113848,1.12786,0.891167,0.0157145,0.0366666,0.115367,4.4098,0.167674,0.0334022
68.266666667,0.497891,1.05209,0.0464992,0.015559,1.34156,0.842448,0.00273491,0.0133882,0.193263,4.39565,0.142591,0
68.313106576,0.403661,0.876943,0.160577,0.0169757,1.39112,0.985913,0.0380912,0.00865713,0.163474,4.25241,0.0688983,0
68.359546485,0.449815,0.875228,0.105129,0.030246,1.24366,1.09358,0.0115478,0.00642976,0.212232,4.3325,0,0
68.405986395,0.614875,0.873971,0,0.0200561,1.12002,0.736835,0.0209408,0.0154719,0.072079,4.30063,0.0464064,0
68.452426304,0.516875,0.99495,0.000421246,0.0132783,1.17208,0.1157,0.02448,0.0202451,0.0470319,3.44922,1.02815,0
68.498866213,0.343753,0.786188,0.00324764,0.108964,0.780174,0.0823381,0.116719,0.0356527,0.0708003,2.09107,1.822,0
68.545306122,0.421136,0.411919,0.187507,0,0.613647,0.249334,0.184529,0.0865659,0.336629,0.659897,2.53442,0.0430317
68.591746032,0.194322,0.276935,0.406081,0.00409252,0.436298,0.530079,0.405687,0.735359,0.347509,0.0423701,3.12029,0
68.638185941,0.185809,0.572118,0.319729,0.0093511,0.294644,1.43206,0.422798,0.944532,0.210321,0,2.79684,0.059506
68.684625850,0.424421,0.674408,0.0611951,0.0363929,0.290809,1.94024,0.745446,0.806361,0.0844913,0,2.40096,7.67014e-05
68.731065760,0.530174,0.5946,0,0.0428538,0.367119,2.01356,0.939736,0.545776,0.153094,0.0453283,2.39891,0.000176053
68.777505669,0.477085,0.352263,0.0342312,0.0268956,0.452231,1.84392,0.909264,0.352601,0.17959,0.0237176,2.99754,0.000169361
68.823945578,0.272481,0.131222,0.402266,0.0439665,0.363437,1.4663,0.686725,0.10903,0.159683,0,3.78991,0.000122447
68.870385488,0.022772,0.0227562,0.60803,0.0908772,0.0682324,1.27508,0.336937,0.555403,0.123794,0.222249,4.21542,0.126386
68.916825397,0.0324797,0,0.8837,0.0536123,0.0225038,1.30581,0.1738,0.806602,0.141264,0.436934,4.31425,2.57464e-05
68.963265306,0.169069,0.0442946,1.01405,0.0366136,0.0249409,1.23565,0.0195079,0.457112,0.158577,0.260823,4.12554,0
69.009705215,0.530476,0.233533,0.82931,0.177157,0.0395913,0.889706,0,0.210062,0.0852294,0.396316,3.70245,0.0423656
69.056145125,0.761198,0.100665,0.769856,0.912719,0.160403,0.761389,0.201076,1.19071,0.0835146,0.360396,2.921,0.146528
69.102585034,0.743148,0.0012863,0.471938,1.24207,0.311722,0.202087,0.293501,2.38013,0.0923138,0.273992,2.40533,0.0842905
69.149024943,0.724538,0.000927256,0.714257,1.30299,0.235886,0.0109515,0.0167004,2.90915,0.130975,0.11877,1.82406,0.657946
69.195464853,0.427628,0.000525369,0.789032,1.5361,0.0163775,0.0167069,0.00937895,3.28106,0.110561,0.306557,1.17043,0.959695
69.241904762,0.117908,0.00224388,0.669636,1.50071,0.0238398,0,0,3.46815,0.11488,0.400291,1.3671,0.973114
69.288344671,0.30643,0.0207946,0.255244,1.92225,0.0318202,0.00966942,0,3.11435,0.127202,0.439386,1.82418,0.663324
69.334784580,0.859985,0.0221492,0.00105532,2.35956,0.0344985,0.843237,0.0316161,2.13128,0.116619,0.318972,1.9516,0.0141998
69.381224490,0.734992,0,0.0028301,2.28457,0.00699463,1.20584,0.152263,2.01764,0.3457,0.0891798,2.04112,0.137135
69.427664399,0.567688,0,0.00228229,2.33672,0.00847184,1.36504,0.265646,1.96496,0.465744,0.0574102,2.11109,0.138305
69.474104308,0.321968,0.00616481,0.00571781,2.51826,0.013222,1.04298,0.246888,1.93764,0.42415,0.24538,1.93577,0.109073
69.520544218,0.0593497,0.0423656,0.0293691,2.86468,0.0154376,0.469954,0.145176,2.01021,0.160478,0.426013,1.29574,0.233106
69.566984127,0.0300587,0.290151,0.0484849,3.09942,0.0139035,0.531383,0.0608286,2.34683,0.0295716,0.433181,0.838567,0.451961
69.613424036,0.135581,0.337897,0.0106428,3.03677,0.0115974,0.400985,0.00939699,2.63225,0.181141,0.364129,1.22136,0.406899
69.659863946,0.25204,0.11476,0.322639,3.08171,0.0182425,0.130955,0.151349,2.84385,0.17235,0.10462,1.16678,0.339903
69.706303855,0.241696,0.0125662,0.81051,2.13104,0.0123488,0,0.320941,3.13624,0.115033,0.107412,1.39163,0.221254
69.752743764,0.0667297,0,1.08071,1.8041,0,0,0.280159,3.40215,0.118215,0.086758,1.79362,0.105956
69.799183673,0,0,1.1513,1.75987,0,0.487174,0.220866,3.01726,0.124304,0.0836344,2.17601,0.050566
69.845623583,0,0.106503,1.36161,1.69156,0.00848574,0.900207,0.449382,2.18625,0.139179,0.0668705,2.31018,0.121044
69.892063492,0.0495174,0.248593,1.45737,1.65879,0.0277754,0.846852,0.28835,2.10236,0.126605,0.268583,2.55443,0
69.938503401,0.204034,0.226922,1.77866,1.80434,0.0254188,0.579326,0.132451,2.08636,0.109896,0.0692657,2.51916,0.104113
69.984943311,0.464509,0.0174128,1.71718,1.84761,0.0100366,0.335593,0.128862,2.62639,0.115459,0.100345,2.45276,0.273386
70.031383220,0.436611,0,1.65259,1.71638,0.00167857,0.124277,0.118174,3.16775,0.129347,0.10693,2.37003,0.290461
70.077823129,0.289389,0,1.66784,1.51494,0,0.0174878,0.0171719,3.31429,0.135719,0.108562,2.37265,0.264896
70.124263039,0.00173332,0,1.64284,1.48241,0.000235237,0.01859,0,3.27959,0.117408,0.103774,2.36348,0.0419527
70.170702948,0,0,1.67229,1.45323,0.0219583,0.0276638,0,3.01621,0.0822427,0.0798658,2.24766,0.0807436
70.217142857,0.0233282,0,1.61242,1.54801,0.0214082,0.0140788,0.0696001,2.7981,0.0441497,0.0644914,2.24435,0.0615721
70.263582766,0.0091039,0,1.78309,1.45525,0.0243406,0,0.204706,2.58863,0.123698,0.0104593,2.51704,0.153592
70.310022676,0,0,2.01447,1.46578,0.00292882,8.76061e-05,0.248861,2.33541,0.0384499,0,2.60667,0.188331
70.356462585,0,0,2.17178,1.41106,0.00554668,0.0185722,0.124815,2.2206,0.000161771,0,2.43092,0.182436
70.402902494,0,0.177277,1.85258,1.38356,0.017083,0.282429,0,2.64276,0,0.0015879,1.78225,0.205552
70.449342404,0.144723,0.433713,1.21484,1.45487,0.0564857,0.252483,0,2.89297,0.015533,0.712213,1.15069,0.280521
70.495782313,0.872879,0.402342,0.800144,1.38787,0.0812775,0.10993,0.0695238,2.93721,0.0597673,1.06209,0.78177,0.1874
70.542222222,1.31021,0.28674,0.377898,1.20158,0.128506,0.677797,0.0909662,3.00104,0.151921,1.28473,0.59233,0.0519461
70.588662132,1.07949,0.2673,0.392139,1.05132,0.0646599,1.48234,0.0796157,2.7516,0.175244,1.26822,0.412149,0.254683
70.635102041,1.02191,0.22808,0.25157,1.0925,0.0462777,2.11241,0.0953678,2.29046,0.203595,1.05855,0.662024,0.2891
70.681541950,0.740658,0.0863125,0.0929471,0.533763,0.0408239,2.64377,0.111219,2.17987,0.199032,0.891344,1.30874,0.115619
70.727981859,0.663313,0.0379423,0.162389,0.556992,0.0359072,3.02548,0.0425808,1.87565,0.118297,0.924488,1.49663,8.73144e-06
70.774421769,0.974481,0.0215619,0.301777,0.469448,0.115832,3.07052,0.0989663,1.38603,0.0558188,0.943509,1.70129,0.0126072
70.820861678,0.539551,0,0.359787,0.421429,0.441084,2.90703,0.112849,1.85494,0.261881,0.738376,1.4932,0.0118388
70.867301587,0.147376,0.0233251,0.586169,0.520585,0.427555,2.18345,0.0171598,3.22579,0.262382,0.201636,1.34224,0.415463
70.913741497,0.161581,0,0.930691,0.917887,0,1.22401,0.00149778,3.54094,0.152102,0.0894103,1.01193,0.502775
70.960181406,0.178918,0.105905,0.759047,1.00267,0.00494908,0.531365,0,3.43498,0.127628,0.099135,1.10922,0.455301
71.006621315,0.301411,0.632452,0.152191,0.854296,0.0161597,0.699151,0,2.90484,0.118166,0.253513,1.20041,0.26224
71.053061224,0,0.967236,0.00166593,0.773388,0.123795,1.09107,0,2.48708,0.0933567,0.0272329,1.43207,0.0852836
71.099501134,0,1.01847,0.438918,0.647637,0.00462873,1.18349,0,2.17735,0.107133,0.0524465,1.60044,0.0323363
71.145941043,0,0.883303,1.11886,0.529981,0.0130138,0.966211,0,2.284,0.2618,0.0877425,1.67856,0.045169
71.192380952,0,0.531457,1.6034,0.782664,0.0237238,0.752086,0,2.52832,0.076661,0.247413,1.37953,0.29466
71.238820862,0,0.245724,1.75292,0.706769,0.10331,0.512779,0.0145987,2.85992,0,0.291566,1.13744,0.181135
71.285260771,0,0.157541,1.67644,0.898951,0.177496,0.329723,0.014172,3.10193,0,0.00331805,0.954749,0.0655232
71.331700680,0,0.170981,1.45659,1.1206,0.201424,0.266404,0,3.22618,0,0.0468565,1.0797,0.121581
71.378140590,0,0.285078,1.31011,1.23859,0.0188411,0.00978215,0,3.28243,0.0112674,0.147323,1.23284,0.191983
71.424580499,0.0296563,0.132199,1.28818,0.925543,0.00937973,0,0.0187689,3.30735,0.0820427,0.145186,1.42816,0.111544
71.471020408,0.00662756,0.179317,1.51254,0.750242,0,0.376496,0.159583,2.73863,0.133653,0.129027,1.46734,0
71.517460317,0.000674301,0.239543,1.75897,0.697779,0,0.844594,0.133743,2.35732,0.142534,0.116937,1.48059,0.0721573
71.563900227,0,0.216365,1.48599,0.846205,0,1.08713,0.194302,2.30323,0.158749,0.0752291,2.00848,0
71.610340136,0,0,1.45102,0.96201,0.00173298,1.08902,0.648013,2.07591,0.131387,0.00653416,2.81178,0.0186273
71.656780045,0,0,1.60556,0.937965,0.028276,1.08502,0.893191,1.7159,0.134831,0.00944146,3.06263,0.0463146
71.703219955,0,0.31825,1.77043,0.724997,0.00433238,0.770315,0.897197,1.48527,0.150213,0.0530435,3.13887,0.0356876
71.749659864,0,0.322561,1.99029,1.08578,0.00741611,0.947108,0.883281,1.4485,0.141108,0.0959835,2.51809,0
71.796099773,0.0445104,0,2.30532,1.56331,0.0010275,0.968669,0.622644,1.7565,0.124664,0.100358,1.83761,0.165737
71.842539683,0,0,2.45724,1.63687,0,1.06975,0.212201,1.89785,0.115537,0.396397,1.84873,0.012793
71.888979592,0,0,2.42195,1.63313,0.00244068,0.748795,0.0180892,1.82209,0.0756478,0.523208,2.21139,0.0126004
71.935419501,0.0148866,0,2.5086,1.67434,0.0158835,0.388245,0.0466994,1.47656,0.0360221,0.619071,2.33267,0
71.981859410,0,0,2.42895,1.82165,0.0149869,0.0540424,0.0397009,1.79285,0.00928011,0.758216,2.2157,0.0282305
72.028299320,0,0,2.38537,1.95195,0.0137169,0,0.121128,2.0479,0.0203357,0.850449,1.81878,0.381
72.074739229,0,0,2.2672,1.59861,0.011202,0.330539,0.118332,2.39141,0.0709913,0.835494,1.09975,0.515619
72.121179138,0,0,1.6604,1.83063,0.0117423,1.15433,0.00790549,2.30051,0.337224,0.686237,0.777751,0.334656
72.167619048,0.598257,0,1.38821,1.82194,0.0471516,1.62107,0.00806643,1.65239,0.611299,0.97517,0.693338,0.135372
72.214058957,0.966198,0,1.04185,1.99162,0.0112379,1.7604,0.00306011,0.929208,0.698373,1.59758,0.425875,0.196153
72.260498866,1.42087,0,1.41179,1.93231,0.0144681,1.40552,0,0.812123,0.57581,1.91912,0.357586,0.303281
72.306938776,1.70326,0,1.75894,1.91145,0.0217187,1.2756,0,0.768391,0.425699,1.75534,0.316534,0.20485
72.353378685,1.26724,0,1.95758,1.69993,0.0500978,1.64726,0.0479377,0.68561,0.422707,1.62664,0.461849,0.181816
72.399818594,0.966492,0,2.07755,1.15626,0.017947,1.74552,0.00052635,0.548777,0.507803,1.43618,0.707141,0.111316
72.446258503,0.627488,0,2.43677,0.774342,0.0124138,1.78587,0.00348985,0.460945,0.376445,0.891234,0.855579,0.181242
72.492698413,0.536286,0,2.47999,0.785735,0.0247882,1.63292,0.00211844,0.685501,0.314305,0.58764,1.13046,0.253192
72.539138322,0.121742,0,1.9325,0.911403,0.0328447,1.39323,0,2.10777,0.172364,0.320244,1.12456,0.387029
72.585578231,0.084293,0,1.55163,1.01157,0.103441,0.913229,0.0183874,3.05181,0.159336,0.167637,1.0461,0.638492
72.632018141,0.0548662,0,1.26656,2.06364,0.0302612,0.184822,0.0224268,3.26041,0.128717,0.0919249,0.889487,0.641428
72.678458050,0.0444138,0.00515534,0.983222,2.28201,0,0.0144941,0.0166816,3.39161,0.122241,0.0513709,1.05514,0.694599
72.724897959,0.065426,0.120866,0.80582,2.17674,0.0413388,0.310086,0,3.4236,0.102074,0.0189963,1.36236,0.500918
72.771337868,0.249729,0.155085,0.782163,2.1053,0.0323075,0.581449,0,3.24565,0.0670656,0.00670553,1.1678,0.234595
72.817777778,0.526022,0.0349848,0.831228,1.87725,0.0947108,0.860079,0,3.14865,0,0.0343752,0.779795,0.141561
72.864217687,0.0999131,0.00367637,0.949783,1.82071,0.241973,0.300376,0.0258766,3.49571,0,0.0779182,0.911518,0
72.910657596,0.0663953,0,0.990102,2.0298,0.278218,0.107827,0.00860198,3.36827,0,0.0985165,1.03661,0.146344
72.957097506,0.0841994,0,0.907,2.1288,0.243943,0.208512,0.258607,3.20019,0.0154477,0.026491,1.29478,0.468839
73.003537415,0.0547834,0,1.0019,2.14929,0.174191,0.348466,0.293322,3.01907,0.00806408,0.0030047,1.4773,0.469004
73.049977324,0.00203412,0,1.11973,2.03219,0.119368,0.289929,0.0563361,3.10189,0.0488213,0.0464052,1.30159,0.493928
73.096417234,0,0,0.993659,1.78579,0.170915,0,0,3.27469,0.211738,0.0155368,1.42284,0.785965
73.142857143,0.219435,0,1.0349,1.41612,0.0362256,0.0628524,0.0768714,3.34258,0.194163,0.0840456,1.83644,0.710277
73.189297052,0.24116,0.0161078,1.16286,1.22431,0.0871568,0.747713,0.254864,3.10528,0.205491,0.116105,1.92137,0.381925
73.235736961,0.0228437,0.104591,0.885535,0.985568,0.040513,1.34939,0.46648,2.41598,0.205919,0.103967,2.06311,0.264808
73.282176871,0,0.13319,0.711945,1.12006,0.0193125,1.54583,0.622415,1.80513,0.160242,0.100623,2.35782,0.148135
73.328616780,0.030906,0.0353548,1.0422,1.38633,0.0506986,1.67745,0.553269,1.73336,0.141211,0.128011,2.36404,0.00398369
73.375056689,0.0693116,0.00656118,1.50702,1.5272,0.0278065,1.9347,0.397846,1.84764,0.189273,0.0608279,1.8563,7.07317e-05
73.421496599,0.155922,0,1.56325,1.49087,0.0450269,1.38824,0.183276,2.50409,0.13748,0.10772,1.95598,9.20685e-05
73.467936508,0.16984,0,1.61349,1.35949,0.0110718,0.587353,0.0960794,3.12129,0.118316,0.206865,2.08723,0.027082
73.514376417,0,0,1.57992,1.58609,0.0526207,0.170291,0.00674792,3.29839,0.119854,0.071708,1.99348,0.0965987
73.560816327,0,0,1.37037,1.95556,0.0262065,0.185507,0,3.26766,0.121149,0.0361098,1.96222,0.187401
73.607256236,0,0.040737,1.43892,1.91508,0.0117352,0.127426,0,3.34163,0.0917974,0.119018,2.08881,0.256809
73.653696145,0.113223,0.0778545,1.8977,1.47581,0.0162202,0,0,3.19995,0.137006,0.0181259,2.31747,0.188713
73.700136054,0.0842998,0,1.90052,1.25201,0.0145435,0,0,3.0846,0.27016,0.0424503,2.53646,0.0971944
73.746575964,0,0,1.7742,1.2357,0.0156735,0.00180588,0,3.16993,0.24544,0.0423606,2.1529,0.404545
73.793015873,0,0,1.82388,1.10201,0.0511738,0.329626,0,3.052,0.085059,0.0565998,1.78117,0.574138
73.839455782,0.0357578,0.002824,1.85344,1.01743,0.121639,0.677541,0,3.05312,0.0206659,0.0118021,1.55423,0.647436
73.885895692,0.518203,0,1.47934,1.2805,0.204794,0.876273,0,2.99969,0.00788372,0.0426471,1.18518,0.555389
73.932335601,1.56018,0,0.454129,1.56702,0.0314505,0.872703,0.015799,2.73241,0.0767654,0.837884,0.812248,0.539529
73.978775510,2.03449,0.235987,0.131292,1.48306,0.036155,1.02127,0.359486,2.48881,0.177686,1.14033,0.476283,0.0254428
74.025215420,2.04375,0.0537302,0,0.935154,0.0172356,1.12937,0.435973,2.10324,0.21263,1.1544,0.850886,0
74.071655329,1.40784,0.0364597,0,0.586133,0.00420959,2.17151,0.388133,1.71926,0.329727,0.992201,1.21112,0
74.118095238,0.92792,0.0712731,0.00140468,0.223354,0.0431495,2.72308,0.721692,1.43162,0.472498,0.777273,1.5388,0.470443
74.164535147,0.928955,0.390761,0.616933,0.0190802,0.0450207,2.08575,1.12405,0.450431,0.977451,0.0698552,1.77658,0.790656
74.210975057,0.665471,0.598373,0.858832,0.014374,0.00516308,1.70451,1.35786,0.641684,0.896765,0.112145,1.4388,0.761171
74.257414966,0.230157,0.515795,0.767122,0.0102884,0.136923,1.64276,1.2729,0.916485,0.937001,0.411792,1.51053,0.198237
74.303854875,0.163766,0.417453,0.821503,0.460795,0.0170838,1.77075,0.489321,1.25989,0.747005,0.720909,1.25621,0.149887
74.350294785,0.162363,0.173395,0.880576,1.16094,0,1.8142,0.316304,2.02083,0.327323,0.674685,0.972772,0.0884592
74.396734694,0.188805,0.00879156,0.23662,1.26215,0.0196131,1.71692,0.212442,2.23467,0.201948,0.602736,1.13044,0
74.443174603,0.210957,0.540168,0.0287304,0.819571,1.12019,1.33253,0.00209277,1.23827,0.224904,2.41153,1.18773,0
74.489614512,0.0753682,0.765067,0.167193,0.331342,1.17067,1.02114,0.0385104,0.274958,0.243145,3.58164,0.695585,0.00844039
74.536054422,0.0348004,0.560726,0.6363,0.211402,1.04121,0.990218,0.0599413,0.0291128,0.143939,4.082,0.571538,0
74.582494331,0.0163797,0.144444,1.0726,0.514777,0.854694,0.91027,0.0715848,0.0677709,0.0962508,4.21441,0.5174,0.0147125
74.628934240,0,0,1.39535,0.722483,0.703987,0.815558,0.0404368,0.00717068,0.0185343,4.27252,0.179995,0.0295466
74.675374150,0.005719,0,1.49461,0.572085,0.535763,0.181199,0.723056,0.0110429,0.00152494,4.08866,0.109481,0.107635
74.721814059,0,0,1.22223,0.215095,0.846477,0.443466,0.575291,0.827539,0.00865733,3.19909,0.77125,0.233036
74.768253968,0,0.0648831,0.984449,0.278254,0.821178,0.277439,0.00800365,1.81632,0.0203565,1.55922,2.43544,0.528745
74.814693878,0.237915,0,0.615196,0.790823,0.811523,0.0542719,0.00720186,2.31693,0.0759962,0.576649,2.82387,0.506171
74.861133787,1.07471,0,0.187786,1.40166,0.440133,0.0283515,0,1.94682,0.213072,0.109994,2.58405,0.0253292
74.907573696,1.57935,0,0.185369,1.1158,1.57175,0.017966,0.27774,0.798218,0.108382,0.36062,2.48999,0
74.954013605,1.59192,0,0.269293,1.0563,1.50896,0,0.209039,0.622548,0.109951,1.49642,2.13927,0
75.000453515,1.70901,0,0.376653,1.1278,1.43357,0.00764718,0.146637,0.521644,0.125916,2.33304,1.62652,0
75.046893424,1.72436,0,0.646031,1.20924,1.35647,0.00188743,0.0220099,0.26074,0.136126,2.98588,1.02999,0
75.093333333,1.57961,0,0.800285,1.32913,1.41568,0.00277282,0.119524,0.253454,0.13084,3.07237,1.06191,0
75.139773243,1.16373,0,1.55604,0.721059,1.16744,0.0099719,0,0.61777,0.0952454,2.3703,2.00605,0
75.186213152,0.502972,0,2.62415,0,1.09431,0.0369094,0.00308918,0.990679,0.0351305,1.71047,2.57628,0
75.232653061,0.00493637,0.054564,2.38606,0.0767914,0.854666,0.024459,0.0158703,1.58611,0.0438408,1.84536,2.36153,0.0828825
75.279092971,0,0.0665659,2.19506,0.215934,0.844861,0.10988,0.0127997,1.65312,0.081404,1.7041,2.47168,0.319368
75.325532880,0.198308,0.2053,2.0912,0.0899445,0.810469,0.642,0,1.27082,0.361196,1.56769,2.57129,0.0475597
75.371972789,0.575833,0.321083,2.22412,0.0926077,0.641276,0.83539,0,1.3707,0.223189,0.933916,2.46107,0
75.418412698,0.541265,0.277338,2.30084,0.0153996,0.590199,0.798844,0.0325944,1.86402,0.0220018,0.574874,2.27855,0
75.464852608,0.169047,0,2.29446,0.196021,0.60884,0.446238,0.0460969,2.11165,0.0720166,0.618331,2.92231,0
75.511292517,0.161638,0,2.09292,0.406218,0.466782,0.890022,0.0239324,1.85803,0.169776,0.590028,3.20599,0
75.557732426,0.137259,0,1.88464,0.643677,0.370998,1.30473,0,1.31291,0.491816,0.481014,3.20834,0
75.604172336,0.165347,0,1.80428,0.602459,0.179169,1.45575,0.00957294,1.3701,0.666797,0.429363,3.12918,0
75.650612245,0.748464,0.00217476,1.95735,0.185875,0.100589,1.25097,0.0754847,1.88552,0.542577,0.300524,3.02308,0
75.697052154,1.16971,0,2.04045,0.361167,0.00949067,1.10705,0.0166074,2.15463,0.130742,0.278442,2.60211,0
75.743492063,1.50768,0.107152,1.6229,0.684694,0.00432969,0.738685,0.128767,2.12961,0.0320601,0.504181,2.6243,0.0160677
75.789931973,1.41734,0.206131,1.40773,1.30572,0.0110544,0.567555,0.204055,1.81069,0.0213098,0.560294,2.94049,0
75.836371882,0.904781,0.0349903,1.95484,1.46407,0.0913474,0.687579,0.221661,1.42081,0.00851213,0.257904,3.27378,0
75.882811791,0.330343,0.087785,2.10772,1.3583,0.157989,0.770188,0.246127,1.70219,0.0505276,0.189798,3.36118,0.300524
75.929251701,0.142255,0.0719192,2.36566,0.69591,0.161249,0.85744,0.283859,1.32356,0.121982,1.48583,2.79536,0.488352
75.975691610,0.138122,0.285066,2.82014,0,0.215472,1.39114,0.318426,0.489108,0.141611,2.52438,1.21131,0.447248
76.022131519,0.297504,0.730281,2.31083,0,0.267436,1.84626,0.374306,0.0704486,0.149725,2.93078,0.535399,0.311628
76.068571429,0.642402,0.703933,1.466,0,0.57307,2.29167,0.334517,0,0.154945,3.18671,0.536998,0.0841679
76.115011338,1.0643,0.413684,1.06061,0,0.545116,2.73357,0.401449,0,0.115871,3.15018,0.604476,0.0438645
76.161451247,1.2996,0.382612,1.04416,0.00781013,0.244171,3.10557,0.283768,0,0.0652695,3.02472,0.485832,0.113679
76.207891156,1.50575,0.321093,0.894393,0.0500408,0.33396,2.9494,0.171936,0.0462907,0.0383327,3.09859,0.195138,0.21435
76.254331066,1.42291,0.569632,0.796592,0.0425944,0.0979958,2.93699,0.0309824,0.17536,0.0375526,3.03418,0,0.296598
76.300770975,1.32312,0.438995,0.700303,0.00426859,0.0889303,2.73491,0.0303903,0,0.344504,2.96215,0,0.333048
76.347210884,1.20286,0.0256176,0.476748,0.00178823,0.174428,2.44445,0.030032,0.014067,0.307413,2.86933,0,0.343276
76.393650794,1.18165,0,0.501767,0.0790928,0.225014,2.24127,0.0240239,0.0231144,0.290879,2.64167,0,0.386174
76.440090703,1.38116,0,0.743385,0.109096,0.0704577,2.48668,0.0253487,0.0310406,0.299059,2.36697,0.0323273,0.408092
76.486530612,1.55088,0,0.56069,0.0443739,0.0426643,2.97436,0.0349277,0.0373875,0.152826,1.80278,0.456214,0.299437
76.532970522,1.43655,0.0622281,0.447336,0,0.079482,3.61214,0.0401481,0.0342302,0.0801645,1.79944,0.598036,0.28122
76.579410431,1.23778,0.0491136,1.18942,0,0.0283123,3.57819,0.0448688,0.344743,0.135963,1.51198,0.48772,0.298265
76.625850340,0.76975,0,2.11065,0,0.0041199,3.19939,0,0.755221,0.150475,1.26599,0.702168,0.0845515
76.672290249,0.462153,0.000721509,2.40025,0,0,2.55044,0.0830869,0.885494,0.147595,1.19291,1.76571,0.0174241
76.718730159,0.160846,0,2.47785,0,0.0146385,1.9758,0.424259,1.06755,0.118742,0.906499,2.35354,0
76.765170068,0.222131,0,2.68293,0,0.0114729,1.85189,0.717842,0.614926,0.0683323,0.750028,2.29545,0
76.811609977,0.417269,0,2.5897,0,0.00428222,1.949,0.672073,0.455504,0.0592458,0.61071,2.10978,0.114013
76.858049887,0.86876,0,2.32106,0,0.0068008,2.14251,0.615035,0.434896,0.121252,0.355669,1.85633,0.0362005
76.904489796,1.41786,0.0801204,1.71816,0,0.0189091,2.33705,0.323186,0.302875,0.11281,0.111868,1.6645,0.0514857
76.950929705,1.22963,0.155212,1.53426,0,0.021998,2.40221,0.00686052,0.573393,0.0851835,0.368928,1.77498,0.0765856
76.997369615,1.21918,0.0780748,1.44689,0,0.0223397,2.57501,0.0899501,0.514564,0.0696885,0.585585,1.78079,0.0965422
77.043809524,1.19932,0.101067,1.33378,0,0.0193314,2.60914,0.0412063,0.50912,0.0502195,0.570523,2.02206,0.0407788
77.090249433,1.17731,0.107409,1.56901,0,0.0115828,2.71834,0.0375958,0.50775,0.0492295,0.32698,2.09142,0.125535
77.136689342,0.987781,0.0855058,1.85494,0,0.0161111,2.77444,0.034127,0.509341,0.0153188,0.0091402,2.33349,0.148866
77.183129252,0.682694,0.00448895,2.091,0,0.0195556,2.45217,0.0341796,0.823966,0.0374264,0.00721071,2.50056,0.137561
77.229569161,0.206578,0.308984,2.19278,0,0.0206803,2.47742,0.032129,1.15269,0.0713811,0.00792962,2.45523,0.144776
77.276009070,0.47784,0.533558,1.95167,0,0.0145867,3.09736,0.0286444,0.882703,0.0462412,0.589772,1.654,0.151537
77.322448980,1.1591,0.464827,1.0253,0,0.0161118,3.25422,0.0276345,0.271739,0.000831265,1.50415,1.26,0.0865521
77.368888889,1.67262,0.134079,0.520312,0,0.0185454,3.06584,0.0343995,0.0445201,0,1.74301,1.66853,0
77.415328798,1.8587,0,0.933317,0.0640028,0.0392026,3.16313,0.0394024,0.0340252,0,1.68224,1.43357,0.0499054
77.461768707,1.72789,0,1.27017,0.150358,0.0435048,3.37694,0.0504494,0.0198547,0,1.73549,0.827378,0.252953
77.508208617,1.60738,0,1.40961,0.271297,0.0448304,3.12703,0.328245,0.0108954,0,1.90084,0.413022,0.422348
77.554648526,1.26894,0.306381,1.72365,0.229912,0.0625118,2.72757,0.458928,0.0134528,0,2.34421,0.128641,0.434252
77.601088435,1.09504,0.548193,1.8318,0.0971779,0.0974031,2.41265,0.595046,0.0321405,0.250634,2.26598,0.174306,0.119576
77.647528345,1.41822,0.5108,1.66903,0.0832345,0.0950983,1.91302,0.579405,0.354963,0.69681,1.07229,0.609106,0.149986
77.693968254,1.76601,0.306863,1.39602,0,0.0292908,1.72253,0.47352,0.987617,0.849976,0.492685,0.586178,0.0187455
77.740408163,2.30021,0,1.0402,0.0010688,0.0229261,2.44764,0.261681,1.2475,0.577625,0.338087,0.416305,0
77.786848073,2.8113,0,0.768632,0,0.081421,3.04114,0.0717457,1.12725,0.255302,0.273786,0.467144,0
77.833287982,2.95815,0,0.477765,0,0.134715,2.85224,0.0647513,1.22789,0.0606945,0.255204,0.972413,0
77.879727891,2.69573,0.13641,0.751193,0,0.102969,2.89821,0.0601349,1.26561,0.0288701,0.311194,1.10652,0
77.926167800,2.07944,0.1812,1.41452,0,0.0204922,2.66639,0.0590576,1.29656,0.00198631,0.602171,1.00376,0.0118063
77.972607710,1.3329,0.255145,1.9434,0,0.0276673,2.31807,0.1783,1.16263,0.00816162,0.989577,1.09424,0
78.019047619,0.470458,0.9361,2.2017,0,0.025895,2.58366,0.0906053,0.645632,0,1.08629,1.14781,0.00859834
78.065487528,0.587613,0.883899,1.62459,0.0575582,0.143769,2.58984,0.0304851,1.02798,0.00877827,1.30803,0.796073,0.119938
78.111927438,0.992853,0.746698,1.12625,0.0762197,0.309379,2.23864,0.0278732,1.90145,0,0.824036,0.520861,0.185679
78.158367347,1.86573,0.393556,0.954595,0.0986167,0.312465,2.26934,0.0320548,1.93369,0.000417476,0.712948,0.262979,0.293662
78.204807256,2.4774,0.118519,0.857412,0.0196205,0.19176,2.37777,0.0280328,1.78525,0.00929123,0.655334,0.433738,0.13922
78.251247166,2.72316,0.454387,0.425117,0,0.0185311,2.44913,0.0171324,1.4653,0.00760853,0.746965,0.82263,0.20722
78.297687075,1.95171,0.644294,0.8664,0,0.0211918,2.55902,0.0238228,1.19273,0.0129501,0.652472,0.953139,0.185501
78.344126984,1.74081,0.258147,1.39923,0.0208846,0.390194,1.80302,0.760854,0.554513,0.00940162,0.344728,0.878688,0.184601
78.390566893,1.94848,0.0488814,1.95088,0,0.323535,1.91732,0.87422,0.722758,0.0327075,0.12502,0.591907,0.559859
78.437006803,2.32764,0,1.98849,0,0.0121313,2.29129,0.548077,0.719427,0.0429555,0.424305,0.359937,0.259503
78.483446712,2.42484,0,1.89957,0,0.011574,2.30542,0.359583,0.855379,0.0588489,0.436608,0.325868,0.0092551
78.529886621,2.45473,0,1.98605,0,0,2.36396,0.36263,1.01726,0.0963447,0.385666,0.342786,0.314765
78.576326531,2.60642,0,2.05455,0,0,2.25459,0.397257,0.862006,0.109936,0.117748,0.208027,0.47465
78.622766440,2.8464,0,1.65065,0,0.0392015,1.61322,0.295473,0.885838,0.0994401,0.493062,0.919181,0.0201539
78.669206349,2.10542,0.0284878,1.49524,0.018777,0.0441687,1.65669,0.0846818,1.26393,0.0907266,0.653558,1.38872,0.23931
78.715646259,1.74175,0.154072,1.26442,0.417491,0.0225158,1.6819,0.0322603,1.40688,0.0704683,0.685701,1.39368,0.394925
78.762086168,1.23603,0.236814,1.08536,0.532976,0.147501,1.93117,0.0272858,1.54847,0.0448763,0.678856,1.52041,0.297522
78.808526077,0.51468,0.219956,1.54753,0.538628,0.462815,1.72961,0.0366088,1.69708,0.0404825,1.45992,1.58286,0.184229
78.854965986,0.053478,0.113808,2.01456,0.28529,0.68319,1.62028,0.0443146,1.75494,0.0421713,2.18183,1.33425,0.171725
78.901405896,0.176466,0.0583991,2.20271,0,0.98798,1.55533,0.0395367,1.78485,0.0393474,1.91753,1.12743,0.1169
78.947845805,0.198904,0,2.36067,0,1.00886,1.4756,0.0362125,1.74521,0.372983,1.24443,1.00423,0.133136
78.994285714,0.354267,0,2.20806,0,0.23674,1.82331,0.0323029,1.64006,0.523108,0.907813,0.577086,0.322472
79.040725624,0.808385,0,2.13974,0,0.0226857,2.25583,0.0340937,1.67057,0.511397,1.25275,0.351991,0.356821
79.087165533,1.43345,0,1.82578,0,0.0437618,2.33499,0.0354287,1.57032,0.444534,1.64333,0,0.177309
79.133605442,1.73935,0,1.35159,0,0.0430327,2.28654,0.0423391,1.02279,0.414284,1.56622,0,0.275792
79.180045351,1.81843,0,1.20398,0,0.0329869,1.99258,0.0754495,1.37358,0.508642,1.03793,0.335833,0.614209
79.226485261,2.29031,0,0.476408,0.0506413,0.705129,1.71419,0.110837,1.95973,0.184782,0.833466,0.422209,0.344436
79.272925170,2.63904,0,0.182901,0.0757621,0.990567,1.54811,0.0825084,1.98069,0.0367434,1.07539,0.107757,0.0961352
79.319365079,2.98382,0,0.185809,0.058262,0.779499,1.48047,0.262445,1.66188,0.00155959,1.42593,0.108589,0.0936026
79.365804989,3.38057,0,0.16922,0,0.558506,1.34595,0.279769,1.48897,0.0429356,1.74933,0.248478,0.0323046
79.412244898,3.4455,0.0213593,0.0663272,0,0.427771,1.20173,0.14505,1.59074,0.0795629,1.88379,0.527702,0
79.458684807,3.09507,0.0486194,0,0,0.357934,1.48534,0.418322,1.47665,0.0504166,1.83167,0.532139,0
79.505124717,3.00077,0.0692252,0,0,0.34593,1.70677,0.16194,1.36414,0.030169,1.24245,0.536345,0.0317998
79.551564626,2.58059,0.176577,0,0,0.404876,2.23829,0.0439391,1.3029,0.032557,0.668473,0.336572,0.850379
79.598004535,2.41983,0.314942,0,0,0.189894,2.84305,0.0288968,1.39612,0.00816093,0.707965,0.0190035,0.976019
79.644444444,2.3486,0.363004,0.215188,0,0.0247338,3.27008,0.0298073,1.15112,0.0211291,0.771883,0.19537,0.823988
79.690884354,2.19681,0.120287,0.336187,0,0.0212115,3.57906,0.0248992,0.583374,0.0375732,0.721857,0.351525,0.499992
79.737324263,2.28007,0.0495549,0.0229894,0,0.0195713,3.73507,0.0274728,0.423709,0.0853057,0.854731,0.284867,0.129386
79.783764172,2.51109,0.101792,0.0169433,0,0.0209861,3.3354,0.0371528,0.576486,0.0321416,0.738109,0.237669,0.101426
79.830204082,2.5198,0.124406,0.108966,0.213298,0.026531,3.25004,0.410181,0.347346,0.0147881,0.510609,0.262303,0.174634
79.876643991,2.28367,0.10566,0.138782,0.345884,0.0462248,3.4669,0.554877,0.249645,0.00938914,0.230243,0.338864,0.148294
79.923083900,2.23288,0.0313241,0.295477,0.375036,0.139814,3.61376,0.518688,0.140334,0.00325238,0.153747,0.470852,0.0158504
79.969523810,2.05707,0.0118696,0.272137,0.0182733,0.0728532,4.05343,0.0612271,0.0285604,0.133383,0.192695,0.669693,0.0126179
80.015963719,2.19515,0,0.63778,0,0.0731641,3.92662,0.0627449,0.0338427,0.132193,0.231828,0.319943,0.281384
80.062403628,2.47815,0,1.20936,0,0.0642682,3.50653,0.064896,0.425733,0.032137,0.121262,0.358469,0.423167
80.108843537,2.33743,0,1.58527,0,0.0395462,3.08065,0.292006,0.955168,0.0914776,0.0620974,0.336221,0.291294
80.155283447,2.31693,0,1.80792,0,0.0358774,2.79368,0.384905,1.18307,0.0867455,0.0233429,0.306877,0.352647
80.201723356,2.46991,0,1.97492,0,0.0286803,2.56826,0.291539,1.21348,0.0864634,0.177974,0.201899,0.0433469
80.248163265,2.59474,0,1.72948,0,0.0347798,2.60456,0.296093,1.137,0.0818737,0.0463692,0.175454,0
80.294603175,2.86535,0,0.889816,0,0.028356,2.69106,0.140556,1.27949,0.1036,0.121816,0.279774,0
80.341043084,3.00194,0,0.426753,0,0.0344563,3.07849,0.0523046,0.955759,0.0818246,0.165974,0.320513,0
80.387482993,2.83102,0.0229004,0.363748,0,0.0424168,3.51078,0.0471869,0.54176,0.0682878,0.55697,0.180483,0
80.433922902,2.58272,0.0618987,0.439774,0,0.0430555,3.61236,0.0321766,0.243767,0.0427505,1.34879,0.11364,0.0350732
80.480362812,1.90618,0.0208367,0.386637,0,0.0375111,3.88054,0.0351152,0,0,1.60864,0.227675,0.250729
80.526802721,1.59653,0.169628,0.243415,0,0.0338989,4.10155,0.0459382,0,0,1.63018,0.278717,0.299436
80.573242630,1.72652,0,0.267657,0,0.0295177,4.2032,0.0450268,0,0.0367561,1.47152,0.290281,0.272744
80.619682540,2.09363,0.231315,0.402501,0,0.0370005,3.88992,0.0451735,0,0.15047,0.552083,0.426962,0.168552
80.666122449,2.43761,0.462213,0.317778,0,0.140964,3.30126,0.0390282,0.5067,0.444337,0.230117,0.222966,0.0442567
80.712562358,2.39827,0.604146,0.0664931,0.00116555,0.150121,2.9925,0.0673318,0.906229,0.291484,0.266248,0.159306,0.0435532
80.759002268,2.27488,0.641741,0,0.0696105,0.112425,2.96679,0.0590594,0.929122,0.00804627,0.31646,0.192354,0.0832049
80.805442177,2.23945,0.173464,0.0352548,0,0.0747977,3.16032,0.0656618,0.658764,0.0453461,0.178103,0.858733,0.0726998
80.851882086,1.86652,0,0.271949,0,0.0186113,3.26462,0.105955,0.302602,0.433715,0.0267956,1.59198,0.146954
80.898321995,1.08271,0.0316619,1.28029,0,0.0174783,2.72405,0.0469266,0.364194,0.634999,0.0561903,1.51621,0.718282
80.944761905,1.07155,0,1.69057,0,0.0256908,2.35225,0.171687,0.354446,0.508401,0.110614,1.2783,0.602472
80.991201814,1.27278,0,1.83283,0,0.0233587,2.10669,0.308389,0.233344,0.425752,0.0799512,1.08082,0.449407
81.037641723,1.39348,0,2.22075,0,0.0180362,2.15448,0.322284,0.0399488,0.484187,0.311337,0.732188,0.316364
81.084081633,1.34321,0.0606168,2.16546,0,0.0335719,1.89402,0.123614,0.0587954,0.460481,0.466977,0.536881,0.10045
81.130521542,1.33056,0.29201,2.15204,0,0.0441109,2.45223,0.0188231,0.0630721,0.443822,0.311414,0.673446,0
81.176961451,1.69643,0.114341,1.85502,0.0116954,0.0513692,2.64754,0.0875681,0.059862,0.307138,0.366482,1.18675,0.0720947
81.223401361,1.98907,0.0357398,1.37161,0,0.0579853,2.71371,0.0835013,0.0703225,0.122008,0.358274,1.13667,0.138152
81.269841270,1.77752,0.00651044,0.876764,0.114902,0.0605875,3.03095,0.0812925,0.0191575,0.0575505,1.0829,0.689683,0.249689
81.316281179,0.931286,0.477762,0.517388,0.152878,0.0521168,3.04417,0.0840744,0.0418695,0.0010648,1.35657,0.912541,0.402382
81.362721088,0.538171,0.805684,0.676336,0.0462389,0.54231,2.50776,0.0404609,0.233417,0.0117462,1.13023,1.63557,0.12348
81.409160998,0.286976,1.05927,0.670518,0.0477139,0.849141,2.01822,0.198556,0.212699,0.00429683,1.1564,1.59226,0.0300046
81.455600907,0.45269,1.30883,0.670606,0.150525,0.94354,1.69923,0.447599,0.0956305,0.0133913,1.43454,1.53534,0
81.502040816,0.473308,1.47841,0.667408,0.204672,0.743903,1.63255,0.699681,0.193991,0.0163506,1.76922,0.9432,0.0899289
81.548480726,0.523261,1.44954,0.486196,0.434621,0.456092,1.76939,0.724557,0.271832,0.0205256,1.91649,0.312331,0.295309
81.594920635,0.631218,1.14713,0.72598,0.388462,0.238784,2.12063,0.504683,0.295773,0.0564645,1.40665,0.048613,0.326887
81.641360544,0.855926,0.466972,1.13571,0.166769,0.0136365,2.51056,0.336435,0.29822,0.16688,1.2026,0,0.216602
81.687800454,1.23918,0.108067,0.97713,0,0.0488486,2.02961,0.310254,0.354555,0.337439,1.47653,0,0
81.734240363,1.5894,0.0612566,0.663278,0.150034,0.903963,1.48554,0.404578,0.0575045,0.408216,1.69224,0.141666,0
81.780680272,1.29096,0.124534,1.09738,0.0670407,1.20345,1.551,0.351988,0.0374145,0.15743,1.54483,0.479089,0
81.827120181,0.975296,0.115108,1.32852,0,1.30128,1.52074,0.339694,0.0256081,0.0813758,1.81366,0.872027,0
81.873560091,0.68532,0.179823,1.60352,0,1.27921,1.70268,0.214695,0.0048792,0.075501,2.26641,1.11612,0
81.920000000,0.893337,0.239531,1.34742,0,1.2098,1.72818,0.182793,0.125546,0,2.51238,1.14717,0.0133444
81.966439909,1.15152,0.138862,1.07256,0,1.13081,1.84021,0.204322,0.242802,0.0493243,2.35325,0.823272,0.286316
82.012879819,1.45817,0.120992,1.48429,0.00194603,0.649239,2.20742,0.0964364,0.38976,0.102164,1.7792,0.707614,0.408234
82.059319728,1.6647,0.00115645,1.62926,0.00238967,0,2.44515,0.114395,0.393689,0.0902805,1.4628,0.875991,0.180956
82.105759637,1.4956,0.0013268,1.68835,0.00302696,0,2.34242,0.188441,0.604394,0.089143,1.34323,0.780491,0.0067847
82.152199546,1.51322,0.000504884,1.67158,0.0142165,0.0908054,2.39892,0.0508594,0.676323,0.0848075,1.04918,0.986729,0
82.198639456,1.47778,0.000767813,1.69835,0.172006,0.194579,2.07644,0.0335603,0.625784,0.046425,0.669462,1.90487,0
82.245079365,0.805917,0.00155851,2.12272,0.128801,0.129821,2.20595,0.0146319,0.995175,0.0429185,0.326174,2.90309,0
82.291519274,0,0.00191261,2.67529,0.0142396,0,2.13481,0,1.29643,0.237467,0.160541,3.19542,0.0389699
82.337959184,0,0.00231769,2.53207,0.0144632,0,2.23581,0,1.36833,0.277193,0.0788386,2.52149,0.251702
82.384399093,0,0.00260075,1.84505,0.013324,0,2.51073,0,1.97753,0.270475,0.22139,1.51171,0.312981
82.430839002,0.029246,0.086277,1.44796,0.115656,0,2.53128,0,1.98534,0.197822,0.294512,1.31868,0.0397132
82.477278912,0.0813031,0.20419,1.21938,0.268574,0,2.70694,0,2.01761,0.160522,0.568197,1.1413,0
82.523718821,0.115907,0.154509,1.46893,0.133911,0,2.61471,0,2.04145,0.0946581,0.85319,1.13525,1.11671e-05
82.570158730,0.173822,0.0105264,1.17924,0.328814,0,2.65376,0.0384436,1.74275,0.138721,1.32816,0.775978,0.0706888
82.616598639,0.542083,0.00112655,1.04962,0.532709,0,2.82863,0.218603,1.30629,0.176812,1.50348,0.76146,0.586273
82.663038549,0.82083,0.00101905,0.695348,0.695108,0,2.94501,0.198233,0.781588,0.08674,1.66323,0.890689,0.741534
82.709478458,0.806845,0.00172511,0.537243,0.449685,0,2.64559,0.229321,0.398301,0,1.51098,0.975329,0.658914
82.755918367,0.981055,0.00173083,0.420313,0.220507,0.213679,2.15378,0.0329679,0.211314,0.188839,1.2173,0.765924,0.516166
82.802358277,1.06888,0.00156731,0.50552,0.203128,0.123804,1.73685,0.0470439,0.257304,0.336185,1.41394,1.1392,0.192402
82.848798186,0.949589,0.0013982,0.940637,0.214371,0,1.02598,0.359405,0.694331,0.244751,1.97718,1.40379,0.119891
82.895238095,0.83556,0.00807822,0.989237,0.559189,0,0.720513,0.264411,1.45999,0.131707,2.32606,1.64307,0.202235
82.941678005,0.56877,0.00546298,0.685771,1.12411,0.21812,0.884072,0.0171239,1.61485,0.153882,2.03925,1.49836,0.676043
82.988117914,0.343717,0,0.628226,1.29785,0.415309,1.36783,0.0126037,1.23064,0.142948,1.1098,2.03515,0.657443
83.034557823,0.708532,0.29775,0.44767,1.07012,0.23277,2.03055,0.00522919,0.32676,0.154904,0.42851,2.21202,0
83.080997732,0.507808,0.162299,1.15297,0.620918,0.0397152,2.17259,0.0715665,0.1865,0.19427,0.272443,1.9845,0
83.127437642,0.278908,0,1.55052,1.26277,0.0378432,1.75341,0.159254,0.166275,0.15027,0.194099,1.98182,0
83.173877551,0.051107,0,1.78634,1.54429,0.0744554,1.16325,0.259577,0.145728,0.100789,0.159701,2.29713,0
83.220317460,0.0450446,0,1.9998,1.51164,0.115418,1.01713,0.175516,0.196751,0.243474,0.27617,2.61063,0.00275694
83.266757370,0.165237,0,1.84654,1.42845,0.17401,1.40257,0.0493431,0.388793,0.269503,0.108684,2.75646,0.00657232
83.313197279,0.220179,0,1.83486,1.49036,0.0963042,1.43731,0.0579892,0.184729,0.203029,0,3.29101,0.0769956
83.359637188,0.0113439,0.000863676,1.60475,1.34918,0.0361373,1.1742,0.0605177,0.881481,0.344621,0.00273809,3.86098,0.147724
83.406077098,0,0,1.32081,1.3321,0.0301352,0.87111,0.0857146,1.16906,0.369023,0.0443001,3.72774,0.167611
83.452517007,0,0,1.41419,1.37512,0.0279864,1.01356,0.175916,1.52808,0.326901,0.271068,3.10355,0.0267576
83.498956916,0.408617,0.00422549,1.58453,1.35115,0.0273591,0.932725,0.245623,1.67002,0.16491,0.45592,2.15771,0
83.545396825,0.596099,0.0219869,1.50209,1.65905,0.0155228,0.325833,0.247112,1.82915,0.170216,0.490106,1.4727,0
83.591836735,0.437476,0.0273401,1.32084,1.97128,0.176929,0.204455,0.0562053,1.932,0.139682,0.633059,1.1056,0.318534
83.638276644,0.0597593,0.032545,0.734775,2.3241,0.405592,0.389714,0.0080612,2.1011,0.268664,0.771735,1.42065,0.164212
83.684716553,0.0233936,0.0762915,0.0199192,2.0467,0.485065,0.243126,0.298787,2.52498,0.708075,0.250864,1.97494,0.00818629
83.731156463,0.343319,0.170487,0.0276457,2.07693,0.420736,0.645351,0.340446,2.44136,0.452653,0.179117,1.45408,0.00267717
83.777596372,1.50991,0.111447,0.210576,2.1588,0.264483,0.847117,0.190993,2.55935,0.19567,0.125422,0.908531,0.0546197
83.824036281,1.63044,0.111832,0.339352,2.2159,0.15454,0.889165,0.10666,2.83671,0.188891,0.362093,0.983548,0
83.870476190,1.79813,0.0697716,0.269043,2.25232,0.19192,0.932659,0.182594,2.67324,0.199228,0.815315,1.20768,0
83.916916100,1.78791,0,0.277817,2.13879,0.0279057,1.26925,0.376164,2.15642,0.228408,0.61938,1.29368,0.0124924
83.963356009,1.41559,0,0.343015,2.02742,0.0274828,1.61729,0.235423,1.50334,0.212252,0.512382,1.24641,0.0277502
84.009795918,1.06859,0.00367074,0.494673,1.93631,0.0238605,1.79553,0.0492813,1.32192,0.378226,0.670741,1.11468,0.0699578
84.056235828,1.18221,0,0.739938,1.73629,0.0249451,1.41315,0.0303036,0.697234,0.26702,0.970145,0.914725,0.183513
84.102675737,0.866431,0,0.587589,1.6335,0.0229232,1.66568,0.019603,0.390966,0.191207,0.922729,0.85104,0.216787
84.149115646,0.65208,0.0346547,0.173392,1.63225,0.0996172,1.88364,0.0266359,0.497561,0.371557,0.824893,1.10753,0.12766
84.195555556,0.896688,0.00393845,0.121976,1.5418,0.121745,2.33826,0.04648,0.717141,0.220973,0.594695,1.14003,0.0844817
84.241995465,1.05327,0.000950159,0.209277,1.3998,0.0815988,2.53613,0.144243,0.696932,0.097056,0.687253,0.880649,0.0316224
84.288435374,0.966507,0.153752,0.18173,1.57323,0.0207502,2.10618,0.201257,0.640942,0.144535,0.795189,1.10596,0.0129293
84.334875283,1.01664,0.639138,0.183665,1.80918,0,1.29778,0.213018,0.726577,0.122127,0.841194,1.35319,0.00555603
84.381315193,0.777521,0.773709,0.224393,1.39617,0.144041,1.36366,0.276522,1.06532,0.108834,0.647017,1.7352,0.000566413
84.427755102,0.817789,0.416893,0.246198,0.866884,0.567149,1.7009,0.0850391,0.955975,0.109557,0.237872,1.74799,0.000666262
84.474195011,0.616708,0.302906,0.194236,0.278691,0.841329,1.90789,0.0188823,0.914228,0.261157,0.149339,1.87934,0.153342
84.520634921,0.675296,0.290586,0.0852735,0.329878,0.948886,1.81866,0.0567151,0.899276,0.23028,0.136,1.69477,0.258967
84.567074830,0.986803,0.120708,0.0220375,0.777019,0.712118,1.79303,0.0454731,1.56205,0.263173,0.283551,1.28109,0.774084
84.613514739,1.1512,0.019338,0.407408,1.17477,0.722616,1.56419,0.0398649,1.84053,0.287354,0.232244,1.0314,0.742852
84.659954649,0.405678,0,0.569174,1.59892,0.505346,1.86896,0.156205,2.06745,0.222153,0.522635,0.805453,0.498908
84.706394558,0,0.0355385,0.618311,1.62953,0.0195577,2.52349,0.140146,1.5116,0.199888,0.981377,0.952221,0.373964
84.752834467,0.443458,0.0802449,0.555825,0.943862,0.118723,2.97301,0.00614863,0.960663,0.238365,0.944639,1.2002,0.16416
84.799274376,0.66829,0.0909923,0.67597,0.990337,0.103335,2.97438,0.0166518,0.486954,0.244902,0.755311,0.802418,0.210509
84.845714286,0.665441,0.0736848,0.835313,1.33049,0.0836983,2.561,0.319048,0.536977,0.393335,0.462911,1.13168,0.385241
84.892154195,0.304263,0.0326635,1.0477,1.97796,0.0346537,2.19174,0.432018,1.22984,0.49259,0.0991366,1.3916,0.460482
84.938594104,0.0649865,0.0570085,1.00675,1.82147,0.0603709,1.12477,0.417193,1.90385,0.657152,0.0858513,1.57469,0.197753
84.985034014,0.142954,0.177456,1.13378,1.55079,0.146074,0.836839,0.131867,1.90849,0.896503,0.0386894,1.96376,0.16413
85.031473923,0.166814,0.222382,1.06494,2.3406,0.282724,0.694264,0.00519887,2.22907,0.556376,0.0151787,1.94801,0.0165975
85.077913832,0.124927,0.134649,0.858983,3.01887,0.127956,0.0886973,0.161574,2.45502,0.222744,0.0504553,1.95748,0
85.124353741,0.020904,0.0588079,0.742894,2.65023,0.0377708,0.736922,0.285571,1.41716,0.173421,0.910073,2.34797,0
85.170793651,0,0.0336561,0.572483,2.08646,0.00866441,1.15968,0.36956,0.554333,0.195847,0.672599,2.61089,0.00456831
85.217233560,0.316809,0.0118582,0.545104,2.07436,0.00125671,1.19241,0.468651,0.314779,0.207941,0.541929,2.32389,0.00222053
85.263673469,0.543722,0.0039975,0.627758,2.33141,0.00291922,0.857258,0.504922,0.292371,0.199732,0.414671,2.43915,0
85.310113379,0.393464,0.00342416,0.716798,2.7542,0.0121707,0.589944,0.436906,0.819844,0.170367,0.304785,2.63741,0
85.356553288,0.00280738,0,0.717214,2.91945,0.0827757,0.124906,0.469406,1.91751,0.152364,0.300819,2.61981,0
85.402993197,0,0,0.711604,2.66429,0.0939142,0.0695015,0.372672,2.16238,0.20528,0.00511347,2.44961,0.200223
85.449433107,0.0338723,0,0.769152,2.53053,0.109373,0.00701751,0.304827,2.05669,0.262134,0.0739762,2.34387,0.18123
85.495873016,0.0575581,0,0.891029,2.71656,0.168756,0.144757,0.278573,2.08543,0.225178,0.0873089,2.00226,0.036854
85.542312925,0.0970357,0,0.599836,2.70664,0.192978,0.253577,0,2.19381,0.250612,0.0807904,1.98131,0.335652
85.588752834,0.280786,0,0.750724,2.75721,0.18865,0.00610636,0,1.83267,0.310501,0.0544885,2.21905,0.308168
85.635192744,0.295375,0,1.05141,2.70167,0.182059,0,0.00523929,1.71863,0.354209,0.0163351,2.39525,0.202159
85.681632653,0.214934,0,1.17402,2.77029,0.171149,0.0106804,0.0188654,2.03908,0.231728,0.0601573,2.46068,0.0818388
85.728072562,0.00920255,0,1.12319,2.96965,0.0805902,0.0655106,0.0282642,2.53034,0.00356342,0.168613,2.24446,0.05123
85.774512472,0,0.0027596,0.92626,2.82204,0.0360408,0.388221,0.407432,2.25585,0.0106234,0.229743,2.42632,0
85.820952381,0.0639724,0.160582,0.737939,2.10507,0.0407195,0.371774,0.568049,1.78336,0.339781,0.19924,2.2866,0.0462895
85.867392290,0.147115,0.12685,0.907952,1.80923,0.177436,0.122213,0.583109,1.07781,0.758498,0.145157,2.48495,0.0604695
85.913832200,0.165957,0,1.0927,2.08274,0.190694,0.0783938,0.328779,1.03409,0.704582,0.173122,2.76022,0
85.960272109,0.244882,0,0.985752,2.52001,0.0488496,0.0171607,0.120913,0.915369,0.764887,0.297523,2.63501,0
86.006712018,0.776072,0.0665167,0.426224,2.11531,0.0440733,0,0.260383,0.615729,1.04065,0.251519,1.99984,0.153938
86.053151927,0.919135,0.0267451,0.0785512,1.6129,0.0335379,0.0673391,0.203892,0.46852,0.711199,0.480203,1.5165,0.273946
86.099591837,0.966239,0.00064824,0.123884,1.36041,0.147639,0.722744,0.26358,0.673211,0.348955,0.461544,1.3653,0.575329
86.146031746,0.944373,0.0586358,0.641702,0.135197,0.592054,1.21175,0.0569996,0.898074,0.113759,0.359441,1.51681,0.795615
86.192471655,1.06759,0.11501,0.858764,0.175828,0.501281,1.09445,0.0550079,0.473884,0.314393,0.350716,1.14205,0.732142
86.238911565,0.445826,0.28006,0.433402,0.00223918,0.824371,0.915009,0.131048,0.432624,0.948556,0.83694,0.82383,0.292458
86.285351474,0.134568,0.26123,0.283967,0,1.00699,0.586017,0.216515,1.12981,0.947749,1.3169,1.00991,0
86.331791383,0.381513,0.215349,0.4706,0.244442,0.897799,0.0411318,0.0919978,1.54407,0.187471,1.56155,1.2581,0
86.378231293,0,0.179573,0.711186,0.895389,0.653051,0.0579892,0.051666,2.12866,0.118177,1.3068,1.44714,0.0208939
86.424671202,0,0.11756,0.917455,0.946678,0.393165,1.55382,0.0451013,2.07011,0.132839,0.427348,2.48424,0.0546445
86.471111111,0.017298,0.00603452,0.709872,0.731779,0.0181684,2.21445,0.0163683,0.617115,0.141855,0.549548,2.86195,0
86.517551020,0.0398412,0.0224995,0.823704,0.254194,0.0505571,2.33719,0.129906,0.248995,0.153681,0.194119,3.19526,0.064776
86.563990930,0,0.0320574,0.962131,0.22423,0.0651025,2.05431,0.0826177,0.178303,0.178293,0,3.21911,0.145456
86.610430839,0,0,1.07903,0.322598,0.062081,1.91823,0.23298,0.163376,0.155492,0,2.98413,0.143837
86.656870748,0,0,1.24165,0.499033,0.0624201,1.66084,0.270455,0.138956,0.219372,0,3.33963,0.140803
86.703310658,0,0,1.09535,0.943044,0.046417,1.48052,0.166291,0.0886884,0.149392,0,3.67891,0.184855
86.749750567,0.0735883,0,1.24581,0.995354,0.0430779,1.546,0.184515,0.0324865,0.0406929,0.00360904,3.89806,0.114928
86.796190476,0.0914277,0,1.23971,0.977336,0.0447147,1.42262,0.301458,0.470008,0.185251,0.0373074,3.98016,0.000590618
86.842630385,0.117702,0,1.14444,0.961707,0.0895502,1.63448,0.0845286,0.762927,0.190858,0.13335,3.95314,0.00333058
86.889070295,0.142645,0,1.90168,0.0619882,0.103649,1.62136,0.105629,0.960838,0.147389,0.138751,3.84121,0.067196
86.935510204,0.133961,0,2.3907,0.0160951,0.0127616,1.58801,0.168453,1.24542,0.1604,0.625609,2.96198,0.147569
86.981950113,0.108758,0,2.022,0.698411,0.00627573,1.31209,0.150175,1.91035,0.175825,0.913932,2.09371,0.115083
87.028390023,0.0922973,0,1.48849,1.49672,0.0322954,0.790421,0,3.07267,0.14218,0.694951,1.99858,0
87.074829932,0.413483,0,1.24137,2.16099,0.0518982,0.236406,0.242694,2.9245,0.152255,0.324464,2.0291,0.0690497
87.121269841,0.771687,0,0.940276,2.22007,0.141814,0.213238,0.576164,2.05385,0.325031,0.132927,1.69317,0.0235064
87.167709751,0.898449,0,0.85407,1.82417,0.154277,0.177601,0.58255,1.9752,0.281033,0.116998,1.41856,0.0522391
87.214149660,0.505653,0,1.05277,2.13647,0.165389,0.320313,0.374631,2.34188,0.28696,0.107799,1.25836,0.0497374
87.260589569,0.217232,0.0406397,0.806429,2.44869,0.16919,0.357652,0.148996,2.51726,0.547906,0.155144,0.918829,0
87.307029478,0.514305,0.0282445,0.462823,2.21093,0.189436,0.551342,0.00550273,2.40029,0.542754,0.332456,0.625846,0.000466908
87.353469388,0.472502,0,0.565454,1.49056,0.179214,1.33565,0.00110221,2.21677,0.433868,0.206809,0.716948,0.103051
87.399909297,0.553222,0,0.613293,1.22875,0.142342,1.68294,0.00333944,1.808,0.350459,0.20869,0.848904,0.0510643
87.446349206,0.618561,0,0.764081,1.15703,0.096894,1.50562,0.339257,1.55449,0.304059,0.275182,1.20568,0.357906
87.492789116,0.639044,0.130605,0.679002,0.987879,0.139142,1.90052,0.762069,1.40453,0.317772,0.913053,1.24036,0.302172
87.539229025,0.494056,0.192792,0.280891,1.10526,0.0627865,2.3492,0.744205,0.705663,0.407721,1.04877,0.982767,0.266479
87.585668934,0.47948,0.156342,0.283205,1.50105,0.0382112,2.60583,0.56224,0.593867,0.406844,0.909781,1.01042,0.133746
87.632108844,0.441231,0.000419634,0.268173,1.70559,0.213053,2.62387,0.0962535,0.857414,0.0877448,0.948423,1.04686,0.0440231
87.678548753,0.562564,0.0139356,0.243686,1.63036,0,2.14246,0.15073,0.95478,0.074218,0.96675,1.17378,0.0175507
87.724988662,0.319312,0.55663,0.256589,1.60197,0,1.49217,0.269898,0.778861,0.150422,1.01438,1.20212,0.0249622
87.771428571,0.213299,0.867171,0.250986,1.72005,0,1.33743,0.398051,0.565056,0.147058,0.834408,1.26168,0.0646938
87.817868481,0.429013,0.711466,0.34865,1.08689,0.0130773,1.6919,0.364814,0.736199,0.135209,0.432774,1.53871,0.0541574
87.864308390,0.574773,0.179804,0.795503,0.417516,0.0446327,1.96675,0.17117,0.51618,0.380783,0.460069,1.18413,0.184531
87.910748299,0.729363,0.191145,0.815658,0.2359,0.0421533,2.04905,0.0685596,0.346699,0.64886,0.594158,0.682209,0.288616
87.957188209,0.707732,0.247411,0.617633,0.171155,0.0902309,1.99938,0.169919,1.04218,0.686736,0.442367,0.285507,0.244579
88.003628118,0.544362,0.234698,0.298653,0.169762,0.151708,1.46529,0.217429,2.39527,0.640532,0.153942,0.584091,0.387153
88.050068027,0.267193,0.0700845,0.616015,0.693774,0.117797,1.04403,0.307282,2.88246,0.379239,0.123495,0.651837,0.816415
88.096507937,0.0271286,0.0542628,0.993903,1.36763,0.0208621,1.23663,0.357637,2.65707,0.264918,0.173001,0.717715,0.640785
88.142947846,0.0141568,0.0707168,1.12408,1.77222,0,2.22794,0.27383,1.31246,0.195597,0.880962,1.42779,0.0880902
88.189387755,0.15846,0.0967159,1.17125,1.49211,0,2.65039,0.0043681,0.857044,0.204774,0.920682,1.97104,0.0260997
88.235827664,0.147677,0.0932963,1.20255,1.20222,0.177737,2.61568,0.00254151,0.758973,0.221063,0.643211,2.06434,0.08376
88.282267574,0.025033,0.0686357,1.45309,1.30782,0.0589279,2.19895,0.0149496,0.926139,0.220829,0.509151,1.68594,0.145335
88.328707483,0,0.0160942,1.28749,1.38968,0.0328204,1.72916,0.00345391,1.18397,0.140888,0.369592,1.51895,0.756633
88.375147392,0,0,1.17649,1.1301,0.17997,1.12007,0.912256,1.36823,0.134063,0.174292,0.804337,1.27152
88.421587302,0,0.0714534,0.935951,0.76885,0.259292,1.22053,0.713046,1.88445,0.30336,0.0116033,0.196886,1.52438
88.468027211,0.01061,0.159217,1.07985,0.526289,0.200661,1.15912,0.3572,2.3681,0.418932,0.0372814,0.244118,1.35444
88.514467120,0.0637589,0.0138403,1.40952,0.700235,0.127268,0.261366,0.024159,2.82861,0.683776,0.144186,0.61979,1.03381
88.560907029,0.182812,0.034323,0.750301,1.1888,0.041112,0.0266573,0.294377,2.80688,0.378793,0.139996,2.25293,0.279902
88.607346939,0.476558,0.0612197,0.438183,0.955069,0.310935,0.0819726,0.472121,1.64355,0.556454,0.12448,2.92229,0.22436
88.653786848,0.492374,0.229956,0.211881,0.89461,1.07348,0.107707,0.503766,0.876435,0.547785,0.131497,2.79641,0.103593
88.700226757,0.420702,0.196292,0.32827,1.63846,0.978094,0.056789,0.556582,0.598906,0.53409,0.260975,2.23374,0.02492
88.746666667,0.306358,0.295418,0.300138,1.78236,0.349498,0.273394,0.338329,0.765863,0.466504,0.692213,2.27786,0.0581117
88.793106576,0.478064,0.354961,0.604336,1.53675,0.0968308,0.562766,0.132171,0.656197,0.153104,0.154495,3.39513,0.147123
88.839546485,0.540548,0.124966,1.19501,1.00179,0.0339356,0.884319,0.167231,0.702217,0.135575,0.101271,3.76596,0.0239891
88.885986395,0.608521,0,1.20099,0.57837,0.0280903,1.02271,0.0965874,0.984174,0.116899,0.129824,3.85359,0
88.932426304,0.295193,0,0.702495,0.542179,0.0229446,0.961504,0.00481147,2.15238,0.156037,0.116879,3.75649,0
88.978866213,0.000212081,0.000943858,0.932924,0.793301,0.0268057,0.991992,0.000930099,2.87055,0.208616,0.139849,3.34607,0
89.025306122,0.000335949,0.0126069,1.1005,0.80323,0.0321333,0.687542,0,2.90857,0.315257,0.117339,3.38324,0
89.071746032,0.65022,0.109721,0.798354,0.716353,0.0389909,0.598553,0.00600733,1.85902,0.371947,0.0487939,3.12563,0
89.118185941,1.05643,0.0647513,0.613329,0.238226,0.0475038,0.976881,0.0334222,1.17606,0.492694,0.0859238,2.72994,0.0350151
89.164625850,1.71278,0,0.425551,0.00743184,0.245523,1.41687,0.00281633,1.38121,0.569717,0.208155,2.42525,0.0771263
89.211065760,1.89988,0,0.220406,0.00790744,0.445834,2.10258,0,1.64937,0.580048,0.223996,2.12711,0.0907934
89.257505669,1.84186,0,0.231666,0.00634278,0.254546,2.35529,0.00154781,1.32282,0.514682,0.12514,3.00054,0.0659206
89.303945578,1.60315,0,0.410106,0,0.202769,2.51669,0.00461088,1.00359,0.500336,0.0651675,3.43293,0.02248
89.350385488,1.62411,0,0.689369,0,0.228885,2.54916,0.000609657,1.33629,0.533414,0.000845909,3.16394,0.00162871
89.396825397,2.21595,0.290303,1.06921,0.126111,0.264231,2.35069,0.00141402,1.58079,0.39925,0.00401721,2.44982,0
89.443265306,2.76925,0.33867,1.17125,0.0258545,0.178329,1.66684,0.119339,1.59124,0.263075,0.00872524,2.33863,0
89.489705215,2.33748,0.273459,0.968335,0.136882,0.0384613,1.58424,0.190587,2.06187,0.0733358,0.492118,2.67095,0
89.536145125,2.29022,0.262929,0.635524,0.81542,0.0424032,1.49501,0.160074,1.82055,0.0130919,0.602594,2.79358,0
89.582585034,2.77727,0.214666,0.243984,1.10749,0.352382,1.20498,0.0515967,1.38876,0.00885203,0.602213,2.67222,0.023947
89.629024943,3.45931,0.177444,0.178066,0.95241,0.575988,0.734351,0.1316,1.35914,0.0719079,0.956891,1.80866,0.138116
89.675464853,3.58906,0.170878,0.178313,0.479978,0.442336,0.875428,0.41173,1.1063,0.10205,2.11225,0.840131,0.120407
89.721904762,3.37916,0.253647,0.160172,0,0.70462,1.11135,0.742089,0.645612,0.150342,2.72217,0.121622,0
89.768344671,3.17763,0.17157,0.117941,0,0.80929,1.37022,0.492646,0.489794,0.142594,2.69197,0.100872,0
89.814784580,2.763,0.0205324,0.142143,0,0.496553,2.57536,0.026283,0.414359,0.124973,2.53069,0.124367,0
89.861224490,2.92928,0.00149214,0.0661161,0.0658823,0.306915,2.79699,0.027761,0.566927,0.0839775,2.40597,0.354925,0
89.907664399,2.82784,0.00127239,0,0.0848956,0.0506607,2.69239,0.0183239,1.00792,0.276398,1.39228,0.895445,0.0229993
89.954104308,2.72333,0.0144456,0,0.0346061,0.145939,2.77505,0.00504664,1.15334,0.48037,0.733485,0.625687,0.0506927
90.000544218,2.94902,0,0.0274384,0.00831207,0.219152,2.79187,0.00991421,1.21365,0.475677,0.438292,0.127541,0.0632339
90.046984127,3.40676,0,0.156144,0.0102197,0.20516,2.552,0.185486,1.146,0.427484,0.277019,0.000630817,0.107728
90.093424036,3.43612,0,0.0204866,0.17502,0.235797,2.5414,0.412573,1.44917,0.537995,0.240198,0.00167821,0.12176
90.139863946,3.20362,0,0.190783,0.340364,0.605408,2.4622,0.302466,1.47401,0.417295,0.582429,0.00203732,0.0849585
90.186303855,3.11032,0,0.670052,0.478462,0.655439,2.54495,0.191628,1.21563,0.132237,0.664022,0.00125837,0.235892
90.232743764,3.02183,0,0.289977,0,0.620892,2.40209,0.0245203,1.1177,0.00459918,0.958655,0.0975571,0.377916
90.279183673,2.62021,0,0.203457,0,1.12141,2.07341,0.0495616,1.30569,0.0449539,1.07128,0.0384507,0.225753
90.325623583,2.16502,0,0.181964,0,1.36663,1.89496,0.0870422,1.4855,0.123858,1.96282,0.0568811,0.215144
90.372063492,1.05563,0,0.531737,0,1.12814,2.01313,0.234738,1.39963,0.133834,2.74111,0.162758,0.234962
90.418503401,0.570872,0,1.74672,0,0.852379,2.06829,0.36646,0.593805,0.123998,3.28632,0.248695,0.102064
90.464943311,0.282007,0.0244792,2.75559,0,0.967103,2.03518,0.313263,0.20434,0.121932,3.32901,0.220989,0.00598645
90.511383220,0.289458,0.170605,2.7114,0,0.99373,1.76791,0.323283,0.248471,0.105842,3.34079,0.297375,0.157539
90.557823129,0.471868,0.268758,2.31291,0,1.0711,1.66506,0.216298,0.230752,0.187852,3.09094,0.214267,0.215742
90.604263039,0.694182,0.195969,1.85691,0.000422259,1.21619,1.80912,0.23666,0.169952,0.189202,2.80093,0.41829,0.156961
90.650702948,0.814097,0.178497,1.15515,0.000917018,1.13099,1.909,0.302492,0.277249,0.167264,2.57117,0.531909,0.101917
90.697142857,0.969134,0.118141,0.789002,0.0145427,0.85866,1.94668,0.236353,0.472359,0.19695,2.69281,0.686777,0.00875084
90.743582766,1.09801,0.00428429,1.07277,0,0.766867,2.64812,0.0120893,0.890056,0.20202,2.54856,0.433833,0.0314014
90.790022676,1.49316,0,1.01568,0,0.222867,2.73904,0.00671135,1.4527,0.200396,2.07645,0.291073,0.357164
90.836462585,1.84046,0.0824233,0.723906,0.0144595,0.00842685,2.41714,0.0269807,2.09446,0.31825,1.62713,0.0168448,0.369093
90.882902494,1.48223,0.0288533,0.628785,0.0240173,0.0176241,2.65874,0.00469626,2.24104,0.411791,1.25107,0.0092993,0.306212
90.929342404,1.04643,0.0502191,0.964774,0.0706798,0.0828016,2.47912,0.000978738,2.52672,0.435589,0.90467,0.00106916,0.234624
90.975782313,1.08963,0,1.32263,0.104275,0.0623006,2.13562,0,2.71745,0.38627,0.769043,0.000183792,0.330741
91.022222222,1.26158,0,1.34839,0.218033,0.0241759,1.91585,0.00115894,3.00773,0.0349689,0.606024,0.119303,0.528858
91.068662132,1.14279,0,1.32659,0.0515274,0.00491815,1.84844,0.0395089,3.27069,0.131594,0.677492,0.593739,0.628603
91.115102041,0.570019,0.0100803,1.12294,0.0411761,0,2.09281,0.0678348,3.28275,0.17824,0.798075,0.532621,0.76296
91.161541950,0.741434,0.0312085,0.891917,0.0208479,0.00884948,2.28838,0.17967,2.61204,0.181239,0.807457,0.407446,0.89484
91.207981859,0.670249,0.127943,0.939618,0,0.121774,2.1935,0.262189,2.14053,0.173339,0.659825,0.338162,0.91844
91.254421769,0.671471,0.0788087,1.36919,3.78182e-05,0.362163,1.94787,0.358601,1.18523,0.148491,1.36731,0.304673,0.441661
91.300861678,0.611576,0.088744,1.32384,0.024439,0.577708,1.55007,0.489156,0.640777,0.127674,2.01282,0.371,0.165391
91.347301587,0.757306,0,0.948094,0.0879779,0.436877,1.59256,0.377696,0.711201,0.409528,2.31205,0.251883,0.27589
91.393741497,0.69443,0.172002,0.564239,0.220678,0.170849,1.49436,0.245938,1.23967,0.22612,2.06929,0.230618,0.478838
91.440181406,0.492337,0.938514,0.420348,0.201781,0.130143,1.23311,0.505011,1.50933,0.107653,2.04869,0.232165,0.478891
91.486621315,0.203078,1.36823,0.55205,0.0642993,0.0814708,1.22145,0.786151,1.5361,0.0980571,2.07874,0.491472,0.360267
91.533061224,0.199694,1.25312,1.28167,0.0299338,0,1.29527,0.304958,1.65626,0.102789,1.72286,0.779386,0.205893
91.579501134,0.316637,0.271104,1.52829,0.0244851,0,1.82921,0.0953749,2.22217,0.193841,1.41938,1.02463,0.0636697
91.625941043,1.07487,0,1.1804,0.0453243,0.0815667,2.02465,0.00853557,2.10564,0.183222,1.1605,1.30385,0.479541
91.672380952,1.4858,0,0.964175,0.00195821,0.0127909,2.16159,0.0261862,1.69778,0.156957,1.26743,1.36277,0.480177
91.718820862,1.30101,0.0136566,0.865744,0.00124348,0.0195246,2.30454,0.0301941,1.81775,0.171086,1.34248,1.26988,0.00824991
91.765260771,1.23301,0.108286,1.10515,0.0105522,0.0206364,2.02877,0.439249,1.73975,0.132575,1.53164,0.501353,0.168036
91.811700680,1.29311,0.290506,1.12634,0.208294,0.0402215,1.84165,0.557943,1.58103,0.113858,1.3332,0.152693,0.198712
91.858140590,1.37349,0.179556,1.05601,0.196284,0.0803354,1.76058,0.364348,1.66736,0.21427,1.18241,0.116483,0.18388
91.904580499,1.48562,0.0790549,1.09853,0.452205,0.149499,1.93142,0.110697,1.56304,0.216036,1.20327,0.564553,0.0726943
91.951020408,1.73388,0,1.07223,0.0067534,0.13468,2.31975,0.0829846,1.03266,0.326851,1.65758,0.900937,0.375832
91.997460317,2.06564,0,1.05234,0,0.170365,2.8675,0.0416714,0.726532,0.152258,2.00083,0.834787,0.265135
92.043900227,1.78743,0.00287841,1.07487,0,0.23546,2.80963,0.0338727,0.847171,0.209393,1.69335,0.814752,0.446124
92.090340136,1.32302,0.00653606,1.19576,0,0.368966,2.53737,0.163849,0.71981,0.174473,1.85391,0.900277,0.427852
92.136780045,1.0453,0.0015914,1.38363,0,0.242946,1.9301,0.128291,0.743907,0.188175,1.98076,1.26658,0.23212
92.183219955,1.30002,0.111053,1.2681,0,0.0889278,1.59972,0.0557395,0.99102,0.154172,1.91619,1.82299,0.0110789
92.229659864,1.26258,0.213473,1.35803,0,0.0964212,1.37116,0.00437799,1.05014,0.227144,1.81629,1.51701,0.276045
92.276099773,0.967454,0.158894,1.48011,0,0.0832375,1.86418,0.135506,0.797551,0.12471,1.6825,1.65747,0.274934
92.322539683,0.920215,0.0131628,1.53067,0,0.0270044,2.3663,0.272177,0.506575,0.119799,1.71261,2.05044,0.366469
92.368979592,0.938139,0,1.1517,0.435971,0.263195,2.25917,0.148479,0.506339,0.12656,1.81379,2.3743,0.149488
92.415419501,0.454192,0.0305707,0.882177,1.00942,0.353631,2.37268,0,0.283774,0.25584,2.04368,1.62507,0.25897
92.461859410,0.160057,0.246578,0.556762,1.02275,0.117266,2.66711,0.0339278,0.0708368,0.226838,2.03823,0.955749,0.498726
92.508299320,0.310735,0.380514,0.261059,0.850695,0.0621771,2.98494,0,0.0758815,0.222144,1.9866,0.723077,0.245641
92.554739229,0.88359,0.437041,0.262519,0.689477,0.0172712,2.89323,0.028091,0.117274,0.190491,1.88986,1.38902,0.130825
92.601179138,1.38314,0.420815,0.190342,0.327007,0.0235283,2.22626,0.284571,0.729208,0.0735648,1.59967,1.97474,0.108886
92.647619048,1.23925,0.361127,0.465441,0.187649,0.299018,1.59887,0.557767,1.08801,0.201059,1.03433,1.71111,0.095663
92.694058957,1.35901,0.409621,0.641573,0.250812,0.403001,0.834449,0.410763,1.09898,0.53625,0.369579,1.7869,0.213072
92.740498866,1.80349,0.423423,0.568718,0.218176,0.330255,0.43159,0.372839,0.919724,0.538767,0.182327,2.153,0.134947
92.786938776,1.87594,0.263734,0.707805,0.0755756,0.105857,1.66665,0.272132,0.542409,0.381986,0.403266,1.87358,0.180337
92.833378685,1.38576,0.00387778,0.78288,0.0689451,0.0929714,2.00472,0.377667,0.0326407,0.393653,0.432762,1.80617,0.474239
92.879818594,1.02798,0.0943922,0.606749,0.0861494,0.154098,1.86719,0.366366,0.00763448,0.483566,0.597413,1.77841,0.364524
92.926258503,0.794621,0.220401,0.544663,0.127836,0.0265461,1.90117,0.438902,0.0290669,0.525905,0.656453,1.96584,0.215656
92.972698413,0.645788,0.538253,0.309053,0.114497,0.412102,1.83176,0.267791,0.102744,0.29863,0.860169,2.28463,0.16751
93.019138322,0.611728,0.219992,0.246888,0.0847463,0.216347,2.08577,0.351493,0.0315896,0.130452,1.62657,1.63526,0.567568
93.065578231,0.740309,0,0.203551,0.140369,0.177727,1.94295,0.49906,0.0521846,0.202756,2.26342,0.292172,0.612605
93.112018141,0.745602,0,0.0520298,0.258437,0.251427,1.48649,0.393684,0.68319,0.166918,2.38633,0.205101,0.476456
93.158458050,1.22839,0.0273259,0,0.0760873,0.0877801,1.32178,0.202375,1.32274,0.145687,2.32929,0.424162,0.17593
93.204897959,1.62744,0.0572724,0.00375094,0,0.269205,1.47304,0.0317257,1.6175,0.119648,1.99756,0.705148,0.164467
93.251337868,1.67766,0.0460512,0.172026,0,0.208132,1.59971,0.0174795,1.30072,0.106383,1.64328,0.740021,0.349991
93.297777778,0.618642,0.00261941,0.162164,0.0877214,0,1.8649,0.0617985,0.618501,0.12136,1.54537,0,0.913007
93.344217687,0.8402,0.000706441,0.000734017,0.111086,0.0221203,1.73184,0.078201,0.597633,0.12062,1.27801,0,0.843751
93.390657596,1.04007,0,0.00299239,0.109241,0.031542,1.80323,0.0819009,0.689568,0.155244,0.804597,0,0.575848
93.437097506,1.43684,0,0.0671301,0.117825,0.0795524,1.78564,0.095795,1.05628,0.161718,0.421982,0,0.328431
93.483537415,2.37294,0,0.114644,0.125628,0.164375,1.51189,0.255288,1.34544,0.15558,0.380397,0.0847421,0.0286311
93.529977324,3.07135,0,0.0998598,0.362227,0.213728,1.04165,0.420342,1.66757,0.520809,0.162709,0,0.0116036
93.576417234,3.37897,0.0342018,0.112959,0.478084,0.637996,1.19339,0.405425,1.49096,0.335052,0.15995,0.0380211,0
93.622857143,3.4392,0.053142,0.146811,0.545544,0.872803,1.50998,0.289544,1.35073,0.099372,0.148697,0.114255,0.00263017
93.669297052,3.18383,0,0.134181,0,1.0292,1.70494,0.0363993,1.39409,0.0946616,0.0592705,0.270919,0.162105
93.715736961,2.63951,0,0.100053,0,1.32312,1.60201,0.0499669,1.3168,0.138155,0.165157,0.671593,0.55394
93.762176871,2.21636,0,0.046049,0,1.39244,1.35046,0.232034,1.19393,0.123749,0.997923,0.926815,0.361133
93.808616780,1.46097,0.0798467,0.0526255,0.0178665,1.27622,1.65648,0.368082,1.01575,0.108267,1.86704,0.576175,0.227601
93.855056689,1.04322,0.130783,0.242388,0.0294271,1.10757,1.7623,0.319712,0.667874,0.120251,2.32955,0.418536,0.309615
93.901496599,1.68453,0.031125,0.00182402,0.101785,0.767942,1.80874,0.0317178,0.671649,0.135734,3.21031,0.0945216,0.341308
93.947936508,2.05083,0.0737392,0.00996358,0.093663,0.284619,1.79112,0.138645,0.771588,0.161327,3.63279,0.120867,3.26986e-07
93.994376417,1.77134,0.0473301,0.0396542,0.0338384,0.0345544,1.82609,0.342379,0.527915,0.204029,3.56405,0.0435366,0.0311588
94.040816327,1.44178,0.00121807,0.049994,0,0.101046,1.98922,0.16645,0.452745,0.189037,3.70398,0.000897008,0.0117849
94.087256236,1.4937,0,0.0552682,0,0.283705,2.07747,0.057373,0.315199,0.151689,3.7789,0.0945547,0
94.133696145,1.54133,0,0.0342642,0,0.365339,2.31128,0.00645548,0.401888,0.127336,3.72093,0.029493,0
94.180136054,1.59792,0,0.300657,0.000764493,0.326647,2.0244,0.00449046,1.05432,0.158158,3.332,0.039682,0
94.226575964,1.53134,0.013262,0.676526,0,0.280761,1.6641,0.0128485,1.67899,0.200564,1.94791,0.312918,0.0891244
94.273015873,1.43119,0.161999,0.958163,0,0.0186411,1.43839,0.0196789,2.3597,0.168621,1.05424,0.470273,0.0415098
94.319455782,1.28922,0.0364464,1.22521,0,0.0246509,1.22995,0.00523676,2.94148,0.286438,0.771987,0.304585,0.170944
94.365895692,0.364271,0.0156929,1.26565,0.0156045,0.0246227,1.07191,0.0074988,3.38003,0.318487,0.388908,0.120796,0.831963
94.412335601,0.345943,0.0392652,1.62612,0.196477,0.0223892,0.859235,0.0155479,3.0599,0.371408,0.180406,0.125069,0.831462
94.458775510,0.560017,0.0424527,1.8704,0.343949,0.0240756,1.07257,0.0236944,2.90323,0.0931812,0.0616617,0.0193618,0.84488
94.505215420,0.930605,0.0390417,1.68539,0.0390255,0.0947899,1.10533,0.0691841,3.0244,0.16233,0.126497,0.363508,0.842826
94.551655329,1.1198,0.147372,1.15309,0.0190776,0.127173,0.999674,0.0734567,2.79195,0.150664,0.260638,0.427665,0.783346
94.598095238,1.01415,0.275963,0.813027,0.0209044,0.0893018,1.03427,0.05768,2.82745,0.143638,0.193997,0.458373,0.717963
94.644535147,0.351267,0.261595,0.879354,0.0279148,0.122294,0.884103,0.298462,2.94049,0.138645,0.125483,0.968861,0.214727
94.690975057,0.0425806,0.216318,0.971616,0.165656,0.131111,0.826319,0.432707,2.58372,0.136734,0.345838,1.27705,0.11772
94.737414966,0.0858202,0.111012,0.597022,0.473258,0.119515,0.898871,0.490314,1.72612,0.242624,0.677562,1.34528,0.209112
94.783854875,0.639505,0.146515,0.595424,0.453147,0.0760925,1.10305,0.34765,1.15163,0.392576,0.476683,1.05856,0.354259
94.830294785,1.34598,0.164666,0.679655,0.359785,0.0645578,1.30499,0.300572,0.813492,0.263837,0.0542071,0.657362,0.703794
94.876734694,1.48831,0.195459,0.638209,0.0687501,0.124775,1.08283,0.477273,1.31123,0.217049,0.0772593,0.903173,0.626104
94.923174603,1.19665,0.0408541,1.0132,0.0414678,0.148936,0.934802,0.257475,1.643,0.220673,0.538247,0.687458,0.509932
94.969614512,1.02693,0.0402134,0.920607,0.0605774,0.14537,0.87734,0.211884,2.01181,0.218983,0.869575,0.925526,0.396793
95.016054422,0.791906,0,0.85303,0,0.139567,0.950301,0.0121439,2.2804,0.188723,1.01262,2.42704,0.0821725
95.062494331,0.362773,0,0.938561,0,0.0840227,1.45468,0.00681181,2.06024,0.162202,0.373711,3.51738,0.0896686
95.108934240,0.293343,0,1.03227,0,0.0538904,1.81916,0.046051,1.19023,0.24611,0.13972,3.89702,0
95.155374150,0.335921,0,1.22523,0,0.0761301,2.07394,0.00421271,0.0737952,0.373204,0.0742602,4.06554,0
95.201814059,0.0995174,0.0134563,1.06842,0.00125119,0.132615,2.04685,0.0284309,0.0274207,0.256334,0.0699111,3.9858,0.14036
95.248253968,0.0271617,0.00936412,1.03002,0.0110737,0.180146,2.34272,0.000398517,0.0769045,0.252794,0.708213,2.84033,0.517039
95.294693878,0.0899944,0,1.23557,0.0071962,0.103181,2.78477,0,0.176245,0.225133,1.08655,1.64812,0.598819
95.341133787,0.709556,0.0011424,1.17177,0.0452768,0.0945276,2.82423,0.00635995,0.327781,0.184956,1.2643,0.947652,0.209899
95.387573696,1.70429,0,0.877716,0.0160338,0.0427321,2.44334,0.248774,0.353527,0.260603,1.48674,0.171466,0
95.434013605,1.43009,0,0.718189,0.769964,0.0173929,1.52864,1.01134,0.185274,0.162747,1.11862,0.299355,0
95.480453515,1.63384,0.0223333,0.939791,0.477795,0.192163,0.927027,1.16593,0.284007,0.223871,0.285872,0.709912,0.0301707
95.526893424,1.4257,0,0.992255,0.104164,0.398228,0.877343,1.12513,0.507135,0.258046,0.519906,0.756833,0
95.573333333,0.793051,0,1.18143,0,0.649386,1.52452,0.464003,0.291031,0.286511,0.787621,0.883667,0
95.619773243,0.206723,0.00385118,1.15648,0,0.786474,2.08348,0.175896,0.0494163,0.374933,0.763293,1.14393,0
95.666213152,0.390089,0.0614698,0.547763,0.0135827,0.646169,2.55433,0.0906728,0.152515,0.378303,0.656664,1.96642,0.0813815
95.712653061,0.411555,0,0.73116,0.0365709,0.215262,2.76456,0.0879444,0.267571,0.296802,0.449694,2.97752,0.389953
95.759092971,0.488685,0,0.644364,0.0763761,0.00110027,2.94162,0.190543,0.306541,0.239572,0.830641,3.16457,0.289487
95.805532880,0.470294,0,1.03493,0.0752293,0.00631491,2.95544,0.32563,0.23965,0.18815,0.907552,3.03627,0
95.851972789,0.476925,0.000655709,1.77762,0.0275896,0.0158496,3.1621,0.358207,0.00389644,0.143335,0.875104,2.60049,0.016093
95.898412698,0.505948,0.0240361,2.01355,0.0146726,0.30832,2.26473,0.250257,0.34357,0.134919,1.53601,1.26152,0.0921016
95.944852608,0.9798,0.0936202,1.92287,0.0284972,1.08907,0.65039,0.196032,0.405153,0.0623654,2.27691,0.161792,0.0671766
95.991292517,1.32693,0.0865285,1.88696,0.0338788,1.2549,0.396627,0.183537,0.276423,0.0449808,2.92014,0.161694,0.0399996
96.037732426,0.928583,0.107503,2.28524,0.178443,1.02409,0.256271,0.338827,0.30159,0.0392945,3.02629,0.108993,0.0376856
96.084172336,0.377725,0,2.07804,0.214704,0.611718,0.622329,0.328387,1.627,0.00404696,2.45266,0.146981,0.0121065
96.130612245,0.20885,0,1.64322,0.641345,0.233697,0.737329,0.0716461,2.43044,0.0335629,1.34842,0.174155,0.20903
96.177052154,0.114684,0,1.24371,0.750477,0.017803,1.10045,0.0313272,3.20743,0,0.364437,0.125707,0.553903
96.223492063,0.00046436,7.86889e-05,1.37621,0.590398,0.0120356,1.63101,0.0310915,3.38445,0.00918593,0.295347,0,0.791894
96.269931973,0.278818,0.00038158,1.10604,0.294569,0.013186,1.82076,0.101357,3.40752,0.0695849,0.214638,0.115813,0.798293
96.316371882,0.441,0.521092,0.300191,0.711271,0.0214087,1.76858,0.108868,2.78829,0.074553,0.375689,0.19231,0.25093
96.362811791,0.503545,0.580175,0.00161169,1.25044,0.0281359,1.87001,0.104629,1.62601,0.299069,0.672221,0.218939,0.175129
96.409251701,1.02975,0.137417,0.00245007,1.23082,0.025024,2.14965,0.241019,0.507112,0.530103,0.859383,0.0317089,0.202673
96.455691610,0.997291,0.134078,0,0.627473,0.224995,2.08854,0.154877,0.193357,0.72182,0.772999,0.237612,0.327119
96.502131519,0.651584,0.124352,0.152783,0.353598,0.133422,1.9685,0.186087,0.568811,0.853731,0.608839,0.698905,0.577789
96.548571429,0.559028,0.219383,0.783848,0.289312,0,1.50834,0.458425,1.51111,0.603977,0.44762,1.36562,0.594824
96.595011338,0.540055,0,0.694686,0.912554,0,0.393641,1.19872,2.30355,0.16604,0.532864,1.46461,0.562681
96.641451247,0.247925,0.0339012,0.438329,1.66867,0.00281897,0.0266808,1.17253,2.52843,0.230092,0.164416,1.4396,0.605576
96.687891156,0.0589612,0.289618,0.373931,2.15164,0.00894019,0.0214647,0.428378,2.89421,0.106916,0.198716,1.37163,0.604665
96.734331066,0.287582,0.204595,0.537494,1.83906,0.0154035,0.742238,0.0895859,2.58046,0.0442563,0.168205,2.09627,0.480788
96.780770975,0.602622,0.0170503,0.503776,1.20783,0.0422466,1.35102,0.105579,2.32091,0.146699,0.127061,2.50022,0.222473
96.827210884,0.659024,0.0103448,0.847202,1.06864,0.0394139,1.56729,0.208301,2.01864,0.161302,0.0951008,2.56089,0.148339
96.873650794,0.546179,0,0.96789,0.918573,0.0327698,1.47908,0.231514,2.16131,0.148552,0.0506711,2.42704,0.223591
96.920090703,0.269154,0.090278,0.84034,1.63291,0.0295181,1.16277,0.364094,2.70468,0.375665,0.060157,1.41356,0.258058
96.966530612,0,0,0.999483,1.79808,0.0883647,0.939992,0.115747,3.19155,0.385236,0.0260379,1.47691,0.346679
97.012970522,0,0.240861,1.0779,1.92161,0.144184,0.427525,0.0903216,3.03492,0.335056,0.00419125,1.82154,0.339421
97.059410431,0.0052449,0.256687,1.07439,2.27002,0.120016,0.496242,0.0853942,2.79743,0,0.128122,1.9706,0.31247
97.105850340,0.0879898,0.0414987,1.11519,2.12926,0.0951124,0.25611,0.0859665,2.8658,0.00770959,0.169447,2.1168,0.344864
97.152290249,0.0391887,0,1.16417,1.82352,0.0383067,0.103996,0.113405,3.08684,0.124907,0.147219,2.24823,0.325806
97.198730159,0.174421,0.0963288,1.07194,1.67419,0.00552994,0.113314,0.165594,2.99246,0.225422,0.12046,2.12851,0.511968
97.245170068,0.328302,0.168683,1.03351,1.64046,0,0.082256,0.214404,2.60394,0.270623,0.103461,1.82669,0.64221
97.291609977,0.109313,0.172969,0.906049,2.00322,0.00721998,0.066925,0.391806,2.4751,0.163942,0.0918351,1.29895,0.821625
97.338049887,0.00444513,0.22285,0.678124,2.48815,0.0153917,0.0729114,0.315482,2.96274,0.123167,0.379263,1.40175,0.622715
97.384489796,0,0.459906,0.362325,2.26332,0.0040734,0.068853,0.375871,3.28278,0.136635,0.303997,1.4789,0.584374
97.430929705,0.27796,0.53856,0.26306,1.97388,0,0.0474245,0.256789,3.46691,0.173539,0.0478245,1.38334,0.347308
97.477369615,0.54463,0.442033,0.387879,1.83184,0,0.0358767,0.231882,3.52574,0.167752,0.0849388,1.23059,0.184506
97.523809524,0.71001,0.412724,0.359103,1.82068,0,0.0491962,0.221522,3.48737,0.163479,0.0866342,1.29214,0.117402
97.570249433,0.642942,0.409979,0.429567,1.9595,0,0.0634246,0.150207,3.05683,0.152407,0.187367,1.51266,0.137708
97.616689342,0.626254,0.298861,0.460472,1.98356,0.17983,0.627431,0.018386,2.05115,0.174701,0.28731,2.11573,0.223963
97.663129252,0.702936,0.168004,0.538804,1.67099,0.206085,1.41447,0.0352631,1.53693,0.172135,0.182229,2.28611,0.371905
97.709569161,0.576891,0.118808,0.633845,1.67708,0.135695,1.73387,0.176008,1.16812,0.258387,0.25897,2.10244,0.282799
97.756009070,0.023567,0.0664715,0.891514,1.46813,0.134519,2.18632,0.0899254,0.9788,0.496593,0.262312,1.68301,0.30732
97.802448980,0.0118572,0.011046,1.22099,1.2114,0.122542,2.53009,0.00410637,0.886386,0.467734,0.205991,1.63199,0.52596
97.848888889,0.517151,0.0089085,0.901011,1.21458,0.0447162,2.73229,0.0047189,1.04124,0.0602231,0.402107,1.29188,0.568205
97.895328798,1.12176,0,0.467063,1.39926,0.048831,2.57054,0.00537553,1.204,0.000715976,0.379294,1.43527,0.445795
97.941768707,1.20244,0,0.203132,1.33534,0.0701785,2.48725,0.0525771,1.47494,0.0856872,0.456203,1.3073,0.456184
97.988208617,1.36926,0.118597,0.168113,1.5321,0.0156189,1.52188,0.0694146,1.75384,0.119753,0.558932,0.921214,0.301667
98.034648526,1.15557,0.613085,0.0161638,1.86633,0.0614061,0.822174,0.222048,1.53015,0.124584,0.45006,0.802933,0.0163655
98.081088435,0.48758,0.732071,0,1.65755,0.102447,1.32833,0.429546,1.06078,0.33423,0.176955,1.22705,0
98.127528345,0.328644,0.340081,0.141319,0.744687,0.174277,1.90579,0.385783,1.06215,0.531199,0.124354,1.56778,0.0385634
98.173968254,0.46897,0.0487187,0.404709,0.409427,0.421277,2.358,0.339827,0.917836,0.319026,0.111402,1.40975,0.0305538
98.220408163,0.654444,0.00595678,0.0354942,0.143813,0.757354,2.1867,0.351882,1.25633,0.205509,0.419285,1.38932,0.0745561
98.266848073,1.07228,0.0532073,0.0945681,0.518975,0.924532,1.32934,0.317767,1.46268,0.264394,0.546499,1.34345,0.0574154
98.313287982,1.16226,0.135554,0.0820369,0.858748,0.818629,0.457909,0.340388,1.46051,0.170892,0.165213,1.50275,0.0152437
98.359727891,0.557257,0.210892,0,1.02619,0.390743,0.00815771,0.485231,1.73879,0.139724,0.106149,2.15961,0.180863
98.406167800,0.333798,0.181787,0.171468,1.05897,0,0.47436,0.405171,2.04268,0.139028,0.119266,1.98077,0.145339
98.452607710,0.233363,0.0251225,0.276739,0.637886,0.0108921,1.91302,0.172027,1.65002,0.146963,0.787908,1.57069,0.413539
98.499047619,0.292391,0.203847,0.309318,0.371907,0.0894462,2.12435,0.127348,0.87917,0.193046,0.744368,1.48457,0.357208
98.545487528,0.38285,0.753968,0.470436,0.133118,0.129295,2.3223,0.614707,0.901327,0.180519,0.426344,1.09191,0.0157828
98.591927438,0.0386534,0.998504,1.69205,0.534357,0.0247856,2.37046,0.2294,0.906082,0.161185,0.227191,0.75725,0.353277
98.638367347,0.100042,0.663312,2.21922,0.851453,0.0188189,1.64166,0.152737,0.98237,0.476102,0.442012,1.05748,0.388329
98.684807256,0.164589,0.120573,2.35438,0.904679,0.0127074,0.944484,0.319519,1.0046,0.535526,0.359216,1.08716,0.215188
98.731247166,0.208996,0.0607712,1.96816,1.42219,0.179802,0.671459,0.3454,1.22977,0.0883415,0.372451,1.35847,0.151218
98.777687075,0.376771,0.337465,1.31647,1.78032,0.309227,0.114335,0.0749359,1.24443,0,0.403687,1.74516,0.000853603
98.824126984,1.01046,0.151242,0.649189,1.8924,0.287232,0.142466,0.0728218,1.40626,0.145554,0.824117,1.22147,0.0505109
98.870566893,0.943095,0,0.541576,1.12693,0.48994,0.476235,0.232112,1.36543,0.421466,0.824911,1.16762,0.141128
98.917006803,1.86663,0,0.627158,0.82904,0.49404,0.527856,0.386529,1.17581,0.525919,0.84051,1.11102,0.208855
98.963446712,2.63793,0,0.578776,0.854719,0.469804,0.443892,0.465143,1.23434,0.570388,0.877224,0.75028,0.000802126
99.009886621,2.90068,0.0375201,0.297704,1.16198,0.432861,0.0181383,0.158079,1.50335,0.300128,0.883373,1.30386,0.000358239
99.056326531,2.53281,0,0,1.5269,0.191342,0.229825,0.0323246,1.80547,0.273043,0.393483,1.66639,7.46338e-05
99.102766440,2.22384,0,0.147831,1.53102,0.146131,0.347001,0.0557265,1.73332,0.535294,0.130569,1.41789,0.0818732
99.149206349,2.15235,0.163439,0.4618,1.64034,0.149344,0.149303,0.22419,1.62751,0.344503,0.1234,0.51448,0.258314
99.195646259,1.88805,0.238548,0.736419,1.60465,0.102432,0.195816,0.258781,1.92472,0.219195,0.10625,0.267538,0.343891
99.242086168,1.49548,0.181804,0.553426,1.57022,0.0646992,0.299965,0.126288,1.84572,0.211919,0.396479,0.694514,0.473223
99.288526077,0.51665,0.0640635,0.615825,2.24776,0.237491,0.248046,0.0023935,1.97846,0.20154,0.598911,1.3814,0.493958
99.334965986,0.111298,0.0123314,0.459664,2.68195,0.14846,0.250434,0.00017483,1.93964,0.231276,0.375997,2.12896,0.40709
99.381405896,0.272059,0.00791787,0.107764,3.30603,0.0155657,0.136577,0.0205149,2.06949,0.184649,0.246136,2.62173,0.318384
99.427845805,0.635659,0.00531325,0.150433,3.69359,0.00804851,0.324873,0.0316675,1.90957,0.104307,0.201922,2.20574,0.122976
99.474285714,0.595449,0,0.0739063,3.59239,0.0223548,0.652202,0.0797122,1.97885,0.0589416,0.546146,1.69864,0.0669396
99.520725624,0.709801,0.0471622,0.829872,2.4222,0.211993,0.649859,0.0347343,2.14167,0.0734775,0.52783,1.91976,0
99.567165533,1.13565,0.0370076,1.301,1.48504,0.335321,1.47506,0.0995141,1.84567,0.428756,0.484433,1.64127,0.0410136
99.613605442,1.15784,0.00213364,1.16812,1.51,0.201643,2.1534,0.144201,0.866834,0.493274,0.509743,1.28912,0.110583
99.660045351,1.10393,0.00313336,0.63464,2.06,0.0767723,2.47265,0.057117,0.212717,0.327817,0.770936,1.20768,0.133236
99.706485261,1.06844,0.000821065,0.143251,2.25497,0.014095,2.13517,0.0124087,0.241096,0.343126,0.523048,1.57758,0.171293
99.752925170,1.17504,0.0778191,0.268847,1.91054,0.0213097,1.92735,0.0138647,0.612517,0.501303,0.403936,1.3926,0.195303
99.799365079,1.1246,0.139841,0.231057,1.72894,0.024892,1.97097,0.0534036,0.677952,0.894372,0.232099,0.943035,0.145967
99.845804989,1.0421,0.263027,0.27629,1.48136,0.0345989,2.11883,0.0603221,0.583195,0.688336,0.0604883,0.795378,0.120217
99.892244898,0.777816,0.498667,0.225724,1.5021,0.0253394,2.05128,0.053679,0.497032,0.458563,0.33033,0.765374,0.131555
99.938684807,0.00301676,0.542332,0.311238,1.62754,0.0943879,1.82712,0.0927716,0.212227,0.431759,0.245567,1.35269,0.200464
99.985124717,0,0.61856,0.529703,1.57964,0.17092,1.22007,0.263003,0.340209,0.295951,0.0953693,1.98646,0.0991612
100.031564626,0.00560843,0.38668,0.732522,1.55486,0.165289,0.301754,1.24749,0.920627,0.25548,0.0833082,2.23016,0.0905277
100.078004535,0.0174299,0.0834823,0.635205,1.93033,0.191051,0.113272,1.29865,1.56546,0.173744,0.0673678,1.99323,0.0882596
100.124444444,0.000235668,0.405917,0.27158,2.08247,0.252943,0.329223,0.688726,2.31347,0.123685,0.180073,1.86227,0.449167
100.170884354,4.41657e-05,0.614952,0.266137,2.02878,0.103382,0.916944,0.205455,2.18632,0.133594,0.510392,2.21227,0.233465
100.217324263,0.066133,0.35023,0.179332,1.66576,0.038861,1.49633,0.335297,2.47425,0.131079,0.479991,2.41329,0.136427
100.263764172,0.14664,0.0406731,0.571019,1.4269,0.0434721,1.39338,0.347012,2.85363,0.138974,0.366335,2.21878,0.16799
100.310204082,0.123016,0,0.644414,1.48732,0.104579,0.81942,0.35429,3.21753,0.137741,0.292921,1.71663,0.266739
100.356643991,0.163324,0,0.517548,1.96904,0.228576,0.39139,0.293987,3.27587,0.360674,0.0628052,1.28961,0.393996
100.403083900,0.187506,0.0830103,0.413702,2.55069,0.19608,0.396542,0.194204,3.10091,0.000856358,0.0167654,1.8815,0.405266
100.449523810,0.174801,0.141014,0.419957,2.5492,0.193088,0.352604,0.114184,2.7927,0.00314988,0.00205809,2.22874,0.363021
100.495963719,0.00867758,0.0545121,0.597908,2.22228,0.014744,0.0911862,0.0616595,2.72841,0.289447,0.00905665,2.63476,0.503737
100.542403628,0.023126,0.601089,0.45795,1.83547,0,0.0740765,0.0741335,2.9187,0.170018,0.390116,2.63603,0.390854
100.588843537,0.0519887,0.698611,0.58399,1.31002,0,0.157694,0.170695,2.90025,0.157339,0.982145,1.65511,0.390545
100.635283447,0.124495,0.56023,0.934519,1.12052,0,0.54701,0.298087,2.676,0.158321,1.02079,1.11478,0.436478
100.681723356,0.153935,0.25776,1.0022,1.5208,0,0.714757,0.261514,2.39037,0.161324,1.00565,0.86122,0.46846
100.728163265,0.110633,0.0327886,0.771387,2.07731,0.0185593,0.530058,0.0215428,2.84814,0.195953,0.869789,0.674853,0.458205
100.774603175,0.134937,0.177513,0.272241,2.45719,0.0276339,0.0286112,0.0142069,3.11499,0.237869,0.048972,1.18676,0.415279
100.821043084,0.649111,0.282887,0.669969,2.17926,0.00360613,0.000656496,0.0702733,2.9588,0.2071,0,1.32827,0.37126
100.867482993,1.26037,0.266136,0.860946,1.68941,0.0123433,0.00337331,0.148497,2.88034,0.182943,0.0311294,1.18527,0.18509
100.913922902,1.5893,0.213083,0.834323,1.42971,0.0171255,0.00614579,0.188143,2.78843,0.179559,0.0798693,0.729345,0.19563
100.960362812,1.53157,0.134568,0.922467,1.54632,0.0206416,0.0186585,0.254864,2.86365,0.162581,0.0880556,0.427116,0.46685
101.006802721,0.758728,0.0462504,1.12681,1.67413,0.0258441,0.282731,0.118245,2.94132,0.135382,0.307381,0.677329,0.411222
101.053242630,0,0.0405242,0.815584,1.58322,0.0327498,0.542189,0.06764,3.01445,0.150833,0.338479,1.37383,0.290527
101.099682540,0,0.0463777,0.482829,1.56967,0.022086,0.767087,0.0469451,2.84508,0.155205,0.230879,1.72685,0.345897
101.146122449,0.0206123,0,0.682427,1.8293,0.036286,0.854389,0.11172,2.59635,0.271508,0.116727,1.71425,0.271129
101.192562358,0.0173057,0,0.713625,1.85898,0.0354099,0.873851,0.199964,2.70168,0.471551,0.134309,1.40885,0.274075
101.239002268,0.00637825,0,0.758095,1.4038,0.0443067,0.779322,0.145881,2.6372,0.535789,0.103771,1.86038,0.259392
101.285442177,0.342462,0.100795,0.34682,0.90755,0.124964,1.59583,0.122565,2.02201,0.34206,0.0610022,2.15293,0.393554
101.331882086,0.810617,0.127575,0.14511,0.760831,0.114584,2.2341,0.0855144,1.41413,0.284963,0.0924912,2.14412,0.267444
101.378321995,1.01456,0.205728,0.0465716,0.436155,0.0287951,2.37951,0.0716761,1.2084,0.5544,0.322216,2.12163,0.194453
101.424761905,1.28872,0.148797,0.131203,0.277784,0,2.14646,0.113618,0.865607,0.35565,0.278059,2.2771,0.215352
101.471201814,0.935859,0.0369526,0.41546,0.592443,0,1.83122,0.309177,0.507005,0.334689,0.235272,2.22132,0.103706
101.517641723,0.67087,0.055169,0.298544,0.827265,0,1.70669,0.684158,0.270397,0.297473,0.228156,2.01865,0.480363
101.564081633,0.633561,0.0862181,0.281487,0.769916,0.283469,1.6257,0.568855,0.205121,0.289578,0.237003,1.94133,0.472773
101.610521542,0.243625,0.0152158,0.656475,0.40306,0.749138,1.60064,0.41848,0.136178,0.388645,0.232597,2.11014,0.266595
101.656961451,0,0.00171624,0.817166,0.192419,0.663933,1.47197,0.569133,0.673396,0.491574,0.107852,2.44104,0.050657
101.703401361,0.136947,0.15773,0.68932,0.05137,0.329972,0.701989,0.505848,1.16936,0.551075,0.105156,2.56161,0.300912
101.749841270,0.129694,0.015949,0.442924,0.636893,0.276491,0.259196,0.484808,1.37197,0.592719,0.0833619,2.47847,0.215568
101.796281179,0.0231382,0.00189902,0.596777,1.04533,0.343559,0.00712239,0.445984,1.37347,0.588464,0.0839883,2.23301,0.344617
101.842721088,0.0383808,0.0195165,0.678481,1.33324,0.104525,0.848038,0.420561,1.46536,0.338842,0.84815,1.34928,0.45285
101.889160998,0.845876,0.0221443,0.715701,0.97537,0.0861662,1.29839,0.151165,0.995479,0.137546,1.12984,1.53994,0.111345
101.935600907,1.22158,0.434374,0.597772,0.527498,0.104013,1.0832,0.0524878,1.06643,0.172615,0.905929,1.69823,0.0668236
101.982040816,1.17883,1.13314,0.556685,0.539142,0.0927046,1.11608,0.394559,1.27702,0.173022,0.818051,1.358,0.00025085
102.028480726,0.962718,1.44181,0.522769,0.707187,0.0353744,1.12889,0.610512,1.62164,0.174805,0.868995,1.14203,0.000362959
102.074920635,0.470446,1.52153,0.838323,0.459289,0.0346764,0.881643,0.893474,1.67657,0.324361,0.637136,1.37781,0.000230989
102.121360544,0.0476954,1.11748,1.45247,0.329968,0.0682703,0.531466,1.14646,2.15343,0.48945,0.622764,1.35791,0.000137257
102.167800454,0.107264,0.46702,1.82939,0.723403,0.190556,0.295529,0.745116,2.46614,0.343689,0.51153,1.24049,0.00023492
102.214240363,0.270438,0.0973742,1.53395,1.32471,0.175936,0.0745625,0.919005,2.6794,0.241461,0.421585,1.29202,0.125365
102.260680272,0.743021,0,0.858473,1.04487,0.105863,0.0315655,0.874631,2.79727,0.526369,0.222826,1.40377,0.000227221
102.307120181,0.727812,0,0.440037,1.01987,0.0474535,0.0398322,0.528239,2.95316,0.307287,0.21729,1.43594,0.0476333
102.353560091,0.863997,0,0.404355,0.840453,0.0367662,0.0333841,0.367393,2.7679,0.153766,0.128241,1.51229,0.134828
102.400000000,1.03804,0,0.36101,1.43162,0.0569318,0.002489,0.366698,2.51348,0.149773,0.115568,1.28591,0.0406651
102.446439909,1.10277,0,0.356882,1.92909,0.155059,0.0121989,0.202715,2.27824,0.116118,0.116981,1.30924,0
102.492879819,1.07962,0.000392142,1.38372,1.64387,0.0645873,0.18528,0.05151,1.44181,0.0466634,0.155106,1.56307,0.0258896
102.539319728,0.729457,0,1.66916,1.51347,0.0268338,0.570873,0.0750663,1.0026,0.0233571,0.14085,2.10012,0.217516
102.585759637,0.386988,0.00217824,1.52951,1.18483,0.0143821,0.925988,0.0666825,1.87385,0.0638856,0.529133,2.15651,0.445036
102.632199546,0.261712,0.0365949,1.80287,0.527249,0.00633984,1.23076,0.0413711,3.0027,0.104403,0.193218,1.43653,0.583943
102.678639456,0.341572,0.187388,1.66221,0.243348,0.00865767,1.13555,0.0102215,3.27731,0.0979802,0.160283,1.40917,0.213903
102.725079365,0.109504,0.476165,1.38121,0.200571,0.0874902,1.06288,0.00735828,2.82453,0.159626,0.154733,2.0957,0
102.771519274,0.415055,0.467038,1.22481,0.0502081,0.238746,1.0596,0.0512058,2.12435,0.189902,0.271161,2.29518,0.0616276
102.817959184,0.91629,0.232879,1.11405,0.00324727,0.138718,1.02863,0.105969,2.11073,0.106529,0.316606,2.03263,0.155414
102.864399093,1.38653,0.125646,1.4065,0,0.058538,0.875004,0.515495,2.40362,0.062539,0.339933,1.50989,0.0831156
102.910839002,1.48764,0,1.36387,0.0311646,0.296112,0.564104,0.634626,2.55753,0.114583,0.277688,1.18844,0.0211205
102.957278912,1.26477,0.00128158,1.31775,0.185455,0.455239,0.230503,0.26556,2.48896,0.350813,0.198255,1.2684,0.0587441
103.003718821,1.31417,0.00327335,1.58209,0.172278,0.335689,0.557722,0.0387564,2.18867,0.364987,0.0710619,1.64158,0.12559
103.050158730,1.57665,0.00335581,1.81223,0.1438,0.280274,0.639193,0.0293093,2.31912,0.379818,0.0101358,1.72287,0.13171
103.096598639,2.45839,0.00293641,1.64926,0.163532,0.482501,0.156921,0.0384159,2.78445,0.32245,0.0106345,1.42631,0.0657721
103.143038549,2.90683,0.135146,1.51605,0.184792,0.293398,0.219462,0.0127595,2.90053,0.00314939,0.0113305,1.5277,0
103.189478458,2.64672,0.157175,0.995453,0.227967,0.266242,0.422366,0.00761239,2.95177,0.00240402,0.0108268,2.33085,0
103.235918367,2.11436,0.191319,1.0135,0.960748,0.14289,1.01656,0.0437314,2.33805,0.002378,0.00853083,2.81147,0.0335688
103.282358277,2.488,0.165045,1.19081,0.853112,0.141451,0.969822,0.216891,1.61757,0.00443662,0.00442826,2.87368,0.0561486
103.328798186,3.01739,0.308916,1.15895,0.682051,0.402883,0.635979,0.263334,1.50396,0.0535682,0,2.34461,0.201877
103.375238095,3.38301,0.305667,1.08868,0.177699,0.501927,0.582138,0.161476,1.28616,0.12938,0.586543,1.54178,0.253619
103.421678005,3.4359,0.150069,1.00698,0.00731909,0.338924,1.35187,0.452164,0.968991,0.188312,1.77002,0.262614,0.0596989
103.468117914,3.40437,0.0373745,0.897473,0.095302,0.334299,1.77636,0.516585,0.833011,0.183259,1.94184,0.0923171,0
103.514557823,3.33374,0.000727586,0.8836,0.161347,0.409331,2.15986,0.341989,0.884884,0.219097,1.75863,0.115256,0
103.560997732,3.17976,0.000955389,0.851203,0.146504,0.51048,2.36422,0.0264145,0.893261,0.220792,1.4136,0.121557,6.03566e-05
103.607437642,3.04121,0,0.759211,0.0908666,0.375861,2.8913,0.0246911,1.03275,0.274303,1.17719,0.0896199,0.00860168
103.653877551,2.97312,0,0.676342,0.0263554,0.430054,3.23349,0.00299844,1.05793,0.319925,1.55379,0.0258172,0.000164446
103.700317460,2.98515,0,0.518375,0.0270365,0.469283,3.20502,5.81145e-05,1.16892,0.242046,1.80072,0.0332418,0.0732203
103.746757370,3.20359,0,0.567338,0.0323538,0.516887,2.80167,0.0148954,1.04026,0.17587,1.88591,0.0492313,0.0999281
103.793197279,3.20047,0,0.642816,0.0118645,0.359566,2.57383,0.408917,0.958494,0.300976,1.80175,0.048676,0.111389
103.839637188,3.27262,0,0.580328,0.211507,0.20455,2.6043,0.497927,1.10664,0.215558,1.31152,0.0324821,0.0764161
103.886077098,3.35925,0,0.541721,0.386942,0.211372,2.57683,0.259014,1.15287,0.108666,1.03134,0.0117666,0.0576213
103.932517007,3.44406,0,0.351423,0.0451228,0.312164,2.43615,0.231361,1.18173,0.00802696,1.35963,0.00011856,0.0629123
103.978956916,2.7044,0,0.121802,0,0.381612,2.40455,0.275651,1.41484,0.102162,1.53242,0.0502339,0.183471
104.025396825,2.67302,0,0.23873,0,0.614453,1.85359,0.298974,1.15133,0.149332,1.7514,0.179965,0.288504
104.071836735,2.08851,0,0.681002,0,0.810372,1.85884,0.383667,0.74338,0.160641,1.88327,0.374903,0.360284
104.118276644,1.17471,0,0.930301,0.000758432,0.804542,1.94834,0.449535,0.726488,0.145314,1.76768,0.634429,0.235595
104.164716553,1.32755,0.223826,0.955181,0.0155095,0.649773,1.9006,0.169247,1.01517,0.0941991,1.3953,0.722143,0.00672841
104.211156463,1.71633,0.369945,0.8842,0.00797043,0.6167,1.84637,0.063426,1.32664,0.0282889,1.58763,0.380597,0.194504
104.257596372,1.90819,0.347162,0.68282,0,1.30319,1.93906,0.0680312,0.995361,0.01219,2.13513,0.108544,0.388635
104.304036281,1.52336,0.20867,0.528895,0,1.94024,1.77383,0.133794,0.589044,0.0734391,2.42223,0.34197,0.219693
104.350476190,1.2299,0.242163,0.507985,0.0524229,2.14689,1.85806,0.202125,0.522418,0.118118,2.42652,0.377498,0.169788
104.396916100,1.15088,0.232829,0.531666,0.147837,1.93967,1.91603,0.168878,0.544254,0.377055,2.51439,0.410816,0.178439
104.443356009,1.11436,0.161858,0.817954,0.181999,1.77686,2.06813,0.0103045,0.522523,0.921567,2.14056,0.213176,0.15058
104.489795918,1.10967,0,0.611152,0.448485,1.20681,2.25113,0.0060679,1.31573,1.0982,1.55381,0,0.27165
104.536235828,1.25346,0.0034737,0.112313,0.461371,0.344509,2.1028,0.0383517,2.9849,0.649438,0.582316,0.0298033,0.214575
104.582675737,1.61671,0.0181543,0.291182,0.39368,0.069493,1.71291,0.0127761,3.30612,0.487492,0.217074,0.0644798,0.239262
104.629115646,1.72934,0.0268841,0.498476,0.286407,0.0234609,1.64942,0,3.22716,0.40737,0.319352,0.202099,0.263423
104.675555556,1.66047,0.197592,0.688969,0.0945747,0.0220402,1.64142,0,3.12159,0.275658,0.44432,0.142249,0.566974
104.721995465,1.3875,0.171891,0.614323,0.134954,0.0346022,1.61047,0,3.18604,0.120713,0.42649,0.0411664,0.821629
104.768435374,1.56438,0.0421766,0.871454,0.16543,0.0674602,1.53649,0.00274072,3.26133,0.0606101,0.257728,0.30867,0.811458
104.814875283,1.67563,0.025017,0.986433,0.165099,0.0787189,1.53422,0.0399316,3.34995,0.136579,0.156697,0.265794,0.846481
104.861315193,1.67972,0.0113569,0.759885,0.126635,0.0689829,1.29819,0.0666157,3.42171,0.197321,0.104225,0.165554,0.794236
104.907755102,1.66018,0,0.584414,0.0868833,0.0697266,1.2743,0.311845,2.97879,0.205633,0.120827,0.407877,0.365642
104.954195011,1.56115,0,0.524505,0.0809405,0.0279647,1.16217,0.425954,2.06593,0.1865,0.490149,0.772131,0.371202
105.000634921,1.39673,0,0.585203,0.0889703,0.00625268,1.35789,0.494871,1.32834,0.145649,1.31777,0.676911,0.36249
105.047074830,1.41349,0,0.352972,0.138079,0.0323743,1.26209,0.842295,1.05544,0.167123,1.68942,0.312015,0.342837
105.093514739,1.4413,0,0.228898,0.241522,0.0246732,1.51539,0.553583,0.750443,0.213207,1.62633,0.226112,0.500279
105.139954649,1.13181,0.0833506,0.108028,0.397467,0.00456846,2.04727,0.485216,0.710936,0.225902,1.59017,0.239209,0.40545
105.186394558,1.06503,0.209626,0.00679362,0.440622,0,2.64068,0.325893,0.524113,0.251592,1.47885,0.382238,0.360331
105.232834467,1.05064,0.207204,0.0100845,0.356451,0,2.96316,0.232158,0.331857,0.200667,1.20043,0.657921,0.440514
105.279274376,1.40906,0,0.154345,0.274538,0,3.18828,0.151143,0.78218,0.114707,1.02374,0.689402,0.539895
105.325714286,1.95723,0,0.164036,0.268734,0,3.14637,0.079319,0.835296,0.120987,1.23576,0.674294,0.369151
105.372154195,2.23844,0.0167314,0.239243,0.269126,0.00525309,2.91807,0.100944,0.581334,0.113182,1.37377,0.462497,0.21353
105.418594104,2.07618,0,0.437422,0.248641,0.0155477,3.13324,0.324447,0.279247,0.124341,1.53844,0.0986339,0.00468927
105.465034014,1.5274,0.00533641,0.793497,0.178567,0.0263113,3.62992,0.455009,0.0231072,0.469848,1.9624,0.0602508,7.56873e-06
105.511473923,1.48518,0.000254383,0.837969,0.329895,0.0229699,3.81832,0.417453,0.0476964,0.352589,1.69042,0.132544,0.0188809
105.557913832,1.65607,0,0.641876,0.332188,0.0190922,3.89582,0.177773,0.151225,0.20519,1.48021,0.00104895,0.0939908
105.604353741,1.66283,0.000497957,0.4789,0.456555,0.0337099,3.91197,0.272669,0.118483,0.0642856,1.22592,0.158565,0.0117636
105.650793651,1.52593,0,0.401329,0.303163,0.0310584,3.78635,0.275507,0.126873,0.0584841,1.20895,0.444062,0.118994
105.697233560,1.55753,0,0.375854,0.155319,0.0261123,3.82543,0.286071,0.130522,0.127253,1.19381,0.348029,0.384501
105.743673469,1.57162,0.0875508,0.380586,0.157785,0,3.7118,0.370767,0.112376,0.257613,1.16447,0.107326,0.565634
105.790113379,1.29925,0.401466,0.388775,0.160034,0,3.56972,0.428706,0.0746626,0.370454,1.31055,0,0.664002
105.836553288,1.22277,0.558024,0.414779,0.181703,0.00071304,3.4958,0.45266,0.0301022,0.156815,1.78438,0,0.533956
105.882993197,1.63111,0.467682,1.00211,0.097607,0.421048,2.89457,0.222984,0.0155769,0.114592,1.92999,0.482529,0.0568905
105.929433107,1.43819,0.461322,1.46131,0.00596446,0.643682,2.2661,0.19457,0.0250355,0.262165,1.9607,0.206249,0.225068
105.975873016,1.23035,0.107567,1.71142,0,0.69954,1.98143,0.380152,0.0176779,0.420475,2.17599,0.0513837,0.224291
106.022312925,1.03908,0,1.9213,0,0.800383,1.8738,0.347096,0.0283637,0.299544,2.24087,0.106602,0.316149
106.068752834,1.28678,0,1.83996,0,0.72044,1.83539,0.257261,0.0222638,0.139382,2.35737,0.468592,0.0386316
106.115192744,1.13887,0.0205713,1.771,0.0138569,0.589339,1.70252,0.0141082,0.00524033,0.140407,2.39932,0.846131,0.0267337
106.161632653,0.588125,0.0323474,1.8571,0.507601,0.513656,1.67493,0,0.00595047,0.360682,2.24301,0.972129,0.251767
106.208072562,0.45362,0.142729,1.60038,0.540966,0.416551,1.89293,0,0.0394564,0.913219,1.78322,0.508807,0.159412
106.254512472,0.574748,0.508499,0.48424,0.466056,0.176271,1.69398,0.0353241,0.109459,1.021,1.57756,0.889719,0.0543912
106.300952381,0.810448,0.726749,0.217072,0.0856781,0.025073,1.6372,0.148121,0.286874,0.848759,1.66221,1.12017,0.081566
106.347392290,1.59881,0.514976,0.451358,0.0890848,0.156114,1.28467,0.578188,0.111391,0.896745,1.98141,0.753684,0.0789514
106.393832200,2.02274,0.0454631,0.495292,0.114679,0.248876,1.70425,0.392875,0.345218,0.822945,2.06674,0.592946,0.0751927
106.440272109,2.5141,0,0.419002,0.123994,0.408679,2.18649,0.110284,0.475048,0.550842,2.08949,0.406028,0.145916
106.486712018,2.63562,0.00213326,0.517911,0.0948298,0.485279,2.41337,0.0407103,0.723858,0.426479,2.0093,0.112458,0.167363
106.533151927,2.54992,0.00394284,0.657255,0.00908623,0.482817,2.27146,0.017149,0.786405,0.249742,1.96425,0.047612,0.169499
106.579591837,2.13251,0.00249493,0.605494,0.0520697,0.604023,2.23932,0.063635,0.334958,0.332213,2.17111,0.215664,0.201283
106.626031746,1.40123,0.0192432,1.50908,0.0575347,0.737472,1.96799,0.544079,0.321829,0.454033,1.67721,0.297576,0.142794
106.672471655,1.41596,0.0142255,1.62458,0.0387624,1.06784,1.78241,0.563496,0.493187,0.344642,1.53366,0.345011,0
106.718911565,1.69401,0,1.30729,0.00424316,1.05082,1.68071,0.16177,0.534872,0.171664,1.56061,0.479853,0.0966397
106.765351474,2.05127,0,0.538158,0,0.827501,1.52145,0.269069,0.61746,0.321889,1.75971,0.429154,0.0196936
106.811791383,2.06836,0,0.113513,0.0133757,0.736443,1.3557,0.195497,0.804225,0.294444,1.98436,0.3709,0.171556
106.858231293,2.3395,0.0194142,0,0,0.428721,1.45217,0.0112727,1.23277,0.121323,2.12483,0.38452,0.257219
106.904671202,2.27764,0.0488003,0,0,0.455698,1.81751,0.00625058,1.4457,0.108986,1.8806,0.368322,0.100606
106.951111111,2.24201,0.0506654,0.0429256,0,0.605965,2.0243,0.00415468,1.36405,0.107214,1.19957,0.374005,0.589651
106.997551020,2.24614,0.0381347,0.0624793,0,0.601522,2.37665,0.00281576,1.1581,0.113939,0.972756,0.000454679,0.397216
107.043990930,2.45985,0.0262958,0.00124857,0,0.639766,2.60063,0,1.07611,0.128029,0.879188,0.000391458,0.0291227
107.090430839,2.73122,0.0198717,0.109818,0,0.613291,2.94129,0,0.590471,0.14788,0.636927,0,0
107.136870748,2.87416,0.0119424,0.0833354,0.000190034,0.558459,3.08361,0,0.925527,0.164003,0.438179,0,0.00689439
107.183310658,2.90633,0,0.0076071,0.00572608,0.500564,2.9383,0,1.358,0.151422,0.365012,0.000791145,0.0465806
107.229750567,2.9545,0,0.00150937,0.0112826,0.510913,2.61497,0.150067,1.30782,0.113968,0.383035,0.000450405,0.0708036
107.276190476,2.90524,0.00820684,0.15133,0.0931077,0.423966,2.90141,0.309142,0.992844,0.201239,0.36652,0.000652397,0.0927262
107.322630385,3.02177,0.0708483,0.365954,0.110441,0.270971,2.72973,0.371858,0.847191,0.249315,0.0367183,0.0708581,0.06448
107.369070295,2.89903,0,0.260549,0,0.152625,2.59956,0.303184,1.19668,0.095777,0.125077,0.110909,0.0318862
107.415510204,2.56296,0.0961086,0.155022,0,0.115534,2.52539,0.0312369,1.28622,0.357618,0.107294,0.159881,0.00664614
107.461950113,2.18811,0.0647007,0.279432,0,0.112408,2.43379,0.127947,1.17281,0.952832,0.328723,0.23687,0.0808407
107.508390023,1.88281,0.0535401,0.625386,0,0.130896,2.0072,0.302159,1.24396,0.861369,0.897814,0.391117,0.322819
107.554829932,1.88103,0.0841029,0.846317,0,0.32943,1.7828,0.321575,1.10404,0.6078,1.59458,0.385518,0.306304
107.601269841,2.02713,0.0480308,1.05743,0,0.320448,1.69941,0.286951,0.878919,0.179978,2.45005,0.274938,0.0930145
107.647709751,1.86974,0.0089727,1.17869,0.00534778,0.267516,1.83684,0.0979642,0.788957,0.143646,3.01137,0.0862667,0
107.694149660,1.7668,0.0296308,1.51539,0.0105419,0.277548,1.85895,0.106861,0.705584,0.160258,3.09021,0.190945,0.0636017
107.740589569,1.40624,0.020471,1.46328,0.00819102,0.473227,1.96214,0.219086,0.581041,0.147923,3.35606,0.260284,0.173243
107.787029478,1.16621,0.209368,1.65322,0.00412083,0.736844,1.88703,0.22881,0.26343,0.127191,3.29491,0.3152,0.205111
107.833469388,1.17412,0.354364,1.76066,0,1.19511,1.69948,0.0507552,0.0890073,0.118698,2.56713,0.317424,0.19923
107.879909297,1.36041,0.283327,1.61382,0.0170831,1.26246,1.44429,0,0.120462,0.1407,1.98875,0.0207223,0.289786
107.926349206,1.54651,0.0564843,1.28724,0.0536081,0.707254,1.22515,0.134258,0.560145,0.192792,1.02704,0.132451,0.391009
107.972789116,1.9638,0.0509277,1.47397,0.0616365,0.0969177,1.33501,0.117004,1.06372,0.182573,0.31022,0.135822,0.344388
108.019229025,2.08531,0.00168096,1.81336,0.0579725,0.0292058,1.64624,0.0356743,0.94856,0.349501,0.486252,0.0608469,0.17134
108.065668934,1.56985,0.0437676,1.8277,0.0936283,0.028311,1.57014,0.0970156,1.32809,0.219222,0.706928,0.191009,0.000309598
108.112108844,1.37852,0.0258917,1.52954,0.417295,0.0257091,1.22125,0.104743,2.10475,0.0738444,0.56099,0.230462,0.123762
108.158548753,1.46023,0.00295857,1.08754,0.679736,0.024732,1.25381,0.0923174,2.61225,0.000207175,0.416008,0.129639,0.52406
108.204988662,1.41487,0.0153469,1.31826,0.608326,0.0208392,1.59318,0.0939368,2.63086,0.00105092,0.322505,0,0.624382
108.251428571,1.33581,0.0760319,1.55872,0.287937,0.00595397,1.76602,0.101644,2.28142,0.0156537,0.136426,0.253102,0.549192
108.297868481,1.37363,0.0363339,1.09078,0.202897,0.00277615,1.81504,0.0623157,2.17795,0.0582705,0.00382873,0.635308,0.217493
108.344308390,1.76905,0.0872522,0.724102,0.399608,0.144045,1.68051,0.0561812,2.09815,0.0178363,0.00952465,0.594458,2.82339e-05
108.390748299,2.29887,0.0728139,0.356122,0.449633,0.352387,1.07841,0.128801,2.08371,0.0339165,0.0136996,0.507698,0
108.437188209,2.6635,0.0402903,0.39076,0.348971,0.53581,1.04307,0.222421,1.81252,0.0522134,0.0423023,0.27831,0
108.483628118,2.74771,0.000136297,0.540105,0.0938294,0.619236,1.12965,0.240394,1.68616,0.100067,0.0906179,0.212017,0.0129659
108.530068027,3.14366,0,0.0676239,0.104929,0.52684,0.573029,0.620298,1.92239,0.099198,0.0855938,0.213722,0
108.576507937,3.58751,0,0.213585,0.0673988,0.360356,0.441832,1.04901,1.89589,0.0910646,0.0860812,0.171969,0
108.622947846,3.62391,0,0.250028,0.0421074,0.421582,0.356091,1.00948,1.87256,0.162662,0.086224,0,0
108.669387755,3.68788,0.00045726,0.191266,0.00118145,0.288005,0.242744,0.546411,2.22586,0.246632,0.185418,0.000131916,0
108.715827664,3.68734,0.000564627,0.450005,0,0.169669,0.435284,0.574821,1.9673,0.223514,0.107031,0.000145842,0.0107945
108.762267574,3.57958,4.80476e-05,0.340147,0.167163,0.245042,0.472002,0.73086,1.32978,0.161634,0.129236,1.24475e-05,0.0588467
108.808707483,3.4061,0,0.140624,0.0764428,0.286513,0.941755,0.813725,1.13144,0.168662,0.250083,0,0.0667637
108.855147392,3.28323,0.0196604,0.00421415,0.0131929,0.39837,1.33746,0.616925,1.22156,0.0976725,0.526614,0.000174607,0.138172
108.901587302,3.3693,0.0237743,0.0453575,0.00375858,0.343563,1.58675,0.440338,1.31435,0.00926479,0.393252,0.000115943,0.194276
108.948027211,3.23483,0.0602685,0.0649378,0.0110076,0.220697,1.60405,0.278674,0.99493,0.189296,0.192912,0,0.230993
108.994467120,3.32618,0.0931402,0.00130862,0.0220803,0.166113,1.40598,0.153681,1.04645,0.274925,0.25843,2.77177e-05,0.195771
109.040907029,3.33461,0.190123,0.00143142,0.0669269,0.16416,1.14269,0.0272388,1.25482,0.00109039,0.434093,0,0.163252
109.087346939,3.69772,0.105581,0.000552887,0.365551,0.160386,0.259703,0.0371842,1.40563,0,0.49934,0,0.179527
109.133786848,3.59923,0.00213014,0.00124184,0.372056,0.715166,0.416806,0.21642,1.21181,0,0.270881,0,0.0983034
109.180226757,3.04996,0.000701471,0.00189333,0.326104,1.19642,0.606735,0.137073,1.26325,0.304362,0.924439,0,0
109.226666667,2.8493,0,0.0014909,0.0767104,0.922672,0.716766,0.170128,1.04224,0.804181,1.48374,0.00023007,0
109.273106576,2.6874,0.0452444,0.00129485,0.157486,0.658681,0.777468,0.126075,0.90597,1.01216,1.68209,0,0.0880543
109.319546485,2.88898,0.0867386,0.0014041,0.372722,0.549455,0.82842,0.000476766,0.687986,1.00365,1.87481,0,0.127326
109.365986395,2.80742,0.394104,0.00298888,0.354127,0.651875,1.01008,0,0.681408,0.832598,2.12634,0.0323388,0.129873
109.412426304,2.32451,0.673897,0.00465209,0.345192,0.934925,1.19072,0,0.699183,0.420953,2.45309,0.0284702,0.134058
109.458866213,1.80745,0.758633,0.00397928,0.260472,1.21565,1.207,0,0.660516,0.0559404,2.7658,0.016437,0.149679
109.505306122,1.75092,0.744267,0.0211005,0.150281,1.24247,1.19799,0,0.655656,0.013624,2.83536,0.0374094,0.125976
109.551746032,1.7091,0.67049,0.00294204,0.267121,1.13481,1.15031,0.0111588,0.589375,0.00638419,3.09935,0.146728,0
109.598185941,1.22007,0.411378,0.000897034,0.294932,1.06463,1.74921,0.0553861,0.543999,0.0417337,2.97526,0.21855,0
109.644625850,0.9109,0.368105,0.00169765,0.377497,0.7085,2.04317,0.0673157,0.548602,0.0226113,1.48414,1.35617,0
109.691065760,1.05369,0.146841,0.00467985,0.0693217,0.506165,1.87004,0.0891035,0.196465,0.0234045,0.313079,2.33978,0
109.737505669,0.937752,0,0.0179212,0.024168,0.264778,1.87007,0.188825,0.224293,0.110706,0.00370642,2.85718,0.0102732
109.783945578,0.586053,0.000217309,0.0274934,0.0140118,0.306847,1.87575,0.510502,0.433336,0.0435615,0.00435327,2.96196,0.0528104
109.830385488,0.381398,0.0139712,0.0305811,0.00419835,0.495421,1.789,0.7185,0.621886,0.0739986,0.0695862,2.886,0.153074
109.876825397,0.266024,0.00248932,0.0338125,0,0.766553,1.84428,0.867611,0.441418,0.141109,0.089381,3.0069,0.180774
109.923265306,0.356486,0.00201588,0.0503597,0.00868117,0.912008,1.96006,0.738604,0.209114,0.153754,0.00818806,3.34616,0.0132491
109.969705215,0.34792,0,0.26804,0.0811886,0.674491,2.19394,0.571769,0.243455,0.117886,0.00649928,3.55048,0
110.016145125,0.246453,0,0.356606,0.0165713,0.248236,2.04381,0.164085,0.698123,0.0786948,0.192464,3.71327,0.0643068
110.062585034,0.225939,0,0.752006,0.0123257,0.167342,1.90085,0.0286884,0.949642,0.123787,0.206053,3.70196,0
110.109024943,0.348442,0.0558446,1.1101,0.175667,0.0493139,1.66479,0.0175526,0.503692,0.144649,0.0947751,3.78818,0
110.155464853,0.448559,0.28067,0.774157,0.515538,0.0814063,1.46147,0.075052,0.401408,0.0816599,0.0588461,3.56501,0.0327778
110.201904762,0.593584,0.190771,0.523528,0.776907,0.0790589,0.874904,0.415798,1.13854,0.0684551,0.300199,2.99366,0.27058
110.248344671,0.531525,0.0840219,0.406546,1.04328,0.0473974,0.765143,0.452158,2.3229,0.101528,0.344771,2.20892,0.751259
110.294784580,0.446595,0.021178,0.787213,1.22488,0.0538542,0.548657,0.0628942,2.72992,0.098599,0.901844,1.71164,0.953891
110.341224490,0.289214,0.0114588,0.985765,1.57201,0.0475632,0.307116,0.00316236,3.05848,0.111404,0.636708,1.28459,0.900578
110.387664399,0.0620773,0,1.0851,1.92484,0.0548657,0.375357,0,3.2042,0.120011,0.420124,1.15781,0.863582
110.434104308,0.0401553,0,0.686163,2.58588,0.0690288,0.765512,0,2.65971,0.105177,0.387042,2.02841,0.472016
110.480544218,0.569763,0,0.157388,2.67902,0.0550086,1.27932,0.00807115,2.30596,0.0826678,0.639656,2.1934,0.115825
110.526984127,0.691255,0,0.164509,2.43631,0.0418243,1.30219,0.15528,2.24025,0.182541,0.36559,2.36012,0.0494152
110.573424036,0.715021,0.00708553,0.242155,2.38442,0.0451291,1.10324,0.257208,2.13185,0.226277,0.0283079,2.21355,0.081818
110.619863946,0.356821,0.00170311,0.348333,2.68091,0.0555024,0.777806,0.220208,2.0124,0.198792,0.0283876,1.74406,0.242097
110.666303855,0.019728,0,0.43664,3.08748,0.0691336,0.580036,0.0444458,2.11317,0.0272868,0.00561006,1.33107,0.35738
110.712743764,0.15458,0.0583493,0.156626,3.22868,0.0670613,0.708365,0.00152532,2.359,0,0,1.21888,0.402626
110.759183673,0.286112,0.0143668,0.0379216,3.31319,0.0957117,0.53267,0.00132086,2.63183,0.0660249,0.00291303,1.39196,0.358435
110.805623583,0.358813,0,0.461465,3.06855,0.11497,0.111128,0.00184611,2.85064,0.240169,0.0826131,1.40641,0.272779
110.852063492,0.226977,0,1.00648,2.36017,0.0877223,0.099621,0.200324,3.29882,0.140449,0.111196,1.71456,0.275657
110.898503401,0.00756305,0,1.083,2.04703,0.0274395,0.387654,0.192711,3.43884,0.15743,0.0985579,1.73411,0.447086
110.944943311,0,0,1.17597,1.86673,0.00833191,0.841842,0.141446,3.07036,0.132509,0.0818246,1.67271,0.382608
110.991383220,0,0.0430179,1.3219,1.92536,0.00271404,1.0645,0.268096,2.51948,0.151273,0.062817,1.89933,0.299398
111.037823129,0.0466005,0.117241,1.28764,2.0147,0.0478129,0.894756,0.301661,2.38172,0.13231,0.00626328,2.42282,0.0484415
111.084263039,0.0603321,0.0356653,1.36195,2.26361,0.0111383,0.686244,0.200714,2.3532,0.113766,0.0394157,2.62548,0
111.130702948,0.29639,0,1.31721,2.33973,0.00496823,0.422193,0.169054,2.64925,0.0999939,0.095459,2.48754,0.0863335
111.177142857,0.344217,0,1.15983,2.33824,0,0.116696,0.134438,2.97071,0.103272,0.102657,2.41477,0.0998046
111.223582766,0.233444,0,1.3832,1.91616,0,0,0.062439,3.23781,0.11461,0.105711,2.27449,0.0972263
111.270022676,0.0336248,0,1.74642,1.5408,0,0,0.00738214,3.29913,0.113636,0.0979825,1.9586,0.151107
111.316462585,0,0,1.95311,1.40699,0.0148591,0,0,3.22717,0.0815795,0.114174,1.88226,0.164727
111.362902494,0,0,1.95395,1.38269,0.0210776,0.00260003,0.0563836,3.05694,0.154325,0.0561042,1.91095,0.119473
111.409342404,0,0,1.90154,1.5399,0.0120361,0.0022032,0.142495,2.72989,0.337405,0,2.19291,0.0823186
111.455782313,0,0,2.07625,1.64441,0.00913603,0.00153213,0.139011,2.47606,0.263259,0,2.29731,0.100567
111.502222222,0,0,2.2157,1.71147,0.011514,0.101014,0.0806383,2.39769,0.0489207,0,2.00607,0.322889
111.548662132,0.00679994,0.130778,1.94659,1.71768,0.0210944,0.462885,0.0256081,2.76128,0,0.35235,1.38163,0.393351
111.595102041,0.109353,0.366054,1.27344,1.71762,0.0186575,0.688605,0,2.96188,0,1.28132,0.531577,0.364631
111.641541950,1.34647,0.0217017,0.597072,1.88215,0.0247021,0.860186,0.0192963,2.45043,0.0270299,1.80865,0.1669,0.339487
111.687981859,1.77155,0,0.414167,1.8892,0.0418504,0.979506,0.00412243,2.28432,0.0905468,2.08517,0.150493,0.324819
111.734421769,1.74474,0,0.457309,1.54045,0.0301357,1.25767,0.0212195,2.13008,0.183148,1.9356,0.160837,0.192874
111.780861678,1.39477,0,0.137866,1.60759,0.0108032,1.82655,0.0404138,2.14569,0.265259,1.60803,0.559502,0.196452
111.827301587,1.15169,0,0.110126,1.48101,0.00133756,2.38836,0.0547938,2.14484,0.204434,0.764343,1.36544,0.153222
111.873741497,1.01606,0,0.113568,1.54086,0.0254327,2.47395,0.0419273,2.14558,0.132269,0.336854,1.8948,0
111.920181406,1.24828,0,0.276801,1.33625,0.206097,2.27395,0.141542,2.12583,0,0.289072,2.05357,2.98345e-05
111.966621315,0.773214,0,0.494924,1.03073,0.42297,1.98742,0.140843,2.64542,0.0321404,0.20004,2.28753,7.30292e-05
112.013061224,0.411052,0.0166654,0.758145,0.982639,0.379738,1.04516,0.000970252,3.54843,0.097863,0.143616,2.30398,0.162096
112.059501134,0.304912,0.016078,1.12372,1.4336,0.00667477,0.540384,0.00166486,3.72246,0.116212,0.0905153,1.92606,0.330851
112.105941043,0.284813,0.0665624,0.934351,1.81542,0.0475951,0.208603,0,3.60282,0.121902,0.0654296,1.90714,0.334563
112.152380952,0.0222712,0.359661,0.408969,1.48519,0.0424387,0.334383,0,3.10997,0.107062,0.0398099,2.21976,0.107791
112.198820862,0,0.686296,0.00244766,1.06594,0.153604,0.824458,0,2.52998,0.0929106,0.00268243,2.30117,0.0932475
112.245260771,0,0.776953,0.0210514,0.812901,0.250551,1.01822,0.112505,2.08779,0.117532,0.0502632,2.28946,0.00386632
112.291700680,0,0.654136,0.636064,1.1028,0.364698,0.900187,0.0952386,2.21034,0.263527,0.088159,1.94283,0.00560233
112.338140590,0,0.526289,1.14092,1.43133,0.42964,0.571788,0.0250623,2.42529,0.0086525,0.0346147,1.73188,0.0570965
112.384580499,0,0.41613,1.4076,1.20132,0.373083,0.23196,0.0774686,2.77999,0,0.0096207,1.46897,0.0806858
112.431020408,0,0.425617,1.39125,1.04187,0.223478,0.259713,0.0683121,3.02794,0,0.0101533,1.5926,0.0559081
112.477460317,0,0.400663,1.4424,1.1417,0.14654,0.408662,0,3.08571,0.0241455,0.0361359,1.55025,0.107584
112.523900227,0,0.229286,1.46818,1.08241,0.0181059,0.175587,0,3.14536,0.256996,0.0993398,1.73094,0.187772
112.570340136,0,0.053511,1.31422,0.562103,0.020299,0.00170485,0.0258434,3.06129,0.270795,0.1461,2.01659,0.140945
112.616780045,0,0.358151,1.72058,0.351898,0.00518037,0.475857,0.0148496,2.475,0.185894,0.14663,2.03297,0.323899
112.663219955,0,0.481824,1.86474,0.297052,0,0.878092,0.0115021,2.23224,0.182646,0.129464,1.99484,0.378014
112.709659864,0.016652,0.335906,1.95401,0.39214,0.0205861,1.24226,0.100668,2.11473,0.199332,0.102002,2.22231,0.259825
112.756099773,0.00751783,0.0313538,1.8658,0.507863,0.0378344,1.43242,0.686322,1.79863,0.153735,0.360805,2.55434,0.0543651
112.802539683,0.0123529,0.251457,1.56116,0.619365,0,1.15614,1.12243,1.14328,0.172108,0.260444,2.83984,0.218313
112.848979592,0.080983,0.33407,1.82894,0.954997,0,0.613431,1.05814,1.06806,0.169984,0.0744465,2.88694,0.196756
112.895419501,0.0274081,0.251085,2.15323,1.29122,0.00707327,0.734235,0.967658,1.1906,0.149336,0.0931398,2.51276,0.0993536
112.941859410,0,0.0153483,2.24502,1.47735,0.00834902,0.707355,0.632237,1.5182,0.109337,0.302133,1.98654,0
112.988299320,0,0,2.40896,1.41174,0.000862765,0.873274,0.228528,1.62303,0.111661,0.601726,1.67187,0
113.034739229,0.095043,0,2.45215,1.57055,0.00853619,0.828362,0.0223378,1.62648,0.0916141,0.740479,1.98195,0.148328
113.081179138,0.203763,0,2.52128,1.75012,0.0135535,0.435802,0.0378269,1.7033,0.0491365,0.815056,1.90893,0.165488
113.127619048,0.253784,0,2.47209,1.8817,0.0165701,0.0230334,0.0520123,2.30356,0.0118519,0.871465,1.71633,0.295024
113.174058957,0.0138219,0,2.42196,1.83509,0.0166891,0.0004846,0.0963376,2.73526,0.00981364,0.696155,1.55228,0.617973
113.220498866,0,0,2.54144,1.07922,0.0146434,0.357163,0.0859898,2.8234,0.0255021,0.604491,1.61983,0.68052
113.266938776,0,0,2.27439,1.09367,0.0460967,1.18209,0.022154,2.46371,0.203905,0.538198,1.36727,0.516465
113.313378685,0.0697444,0,1.68167,1.45494,0.163833,1.71731,0.00768867,1.65534,0.561746,1.14635,1.07061,0.306421
113.359818594,0.642946,0,1.36137,1.88747,0.0271337,1.62359,0.0119057,1.13335,0.577965,1.55894,1.06379,0.362691
113.406258503,1.24463,0,1.31254,1.94081,0.016019,1.12632,0.0215758,0.934019,0.414867,1.61044,1.49776,0
113.452698413,1.67893,0,1.50051,1.92798,0.115237,0.881339,0.129812,0.721685,0.308086,1.59391,1.46206,0
113.499138322,1.66637,0,1.61272,1.75198,0.175633,1.08867,0.258591,0.829558,0.301427,1.39229,1.03308,0.0108948
113.545578231,1.2789,0,1.81722,1.02431,0.167907,1.29358,0.149917,1.10496,0.463916,0.990957,1.06261,0.0462647
113.592018141,0.780672,0.0166939,2.31773,0.784668,0.0370722,1.19548,0.0106016,1.15777,0.466816,0.432496,1.44901,0.150103
113.638458050,0.291567,0.0490174,2.07601,0.850872,0.0519872,1.19541,0,1.40313,0.433709,0.194765,1.93,0.102051
113.684897959,0.0476906,0.0646848,1.44079,0.973708,0.156208,1.24714,0.0254426,2.19849,0.184259,0.191086,2.07441,0.0663134
113.731337868,0,0.0653382,0.981194,1.49896,0.138786,0.939328,0.0469212,2.97779,0.169636,0.134815,1.98468,0.180914
113.777777778,0,0.0580796,0.953106,2.29188,0.00873391,0.464357,0.00580474,3.14812,0.143451,0.0744228,1.54663,0.263159
113.824217687,0,0.0252691,0.908379,2.45554,0.0390953,0.445399,0.00444019,3.35543,0.148904,0.0413997,1.72351,0.246441
113.870657596,0.0144351,0.0142251,0.744875,2.2416,0.0892562,0.754678,0.000663449,3.39721,0.159448,0.0220189,1.98989,0.0600519
113.917097506,0.0738342,0.0506673,0.593053,2.19426,0.0886848,1.03668,0,3.20563,0.105965,0.0186505,1.82805,0
113.963537415,0.341316,0.0292128,0.54414,1.95009,0.114904,1.29506,0.039547,3.17654,0.103652,0.035034,1.514,0
114.009977324,0,0.0787742,0.438861,2.08872,0.13225,0.788527,0.0820674,3.4046,0.16037,0.0697669,1.62465,0
114.056417234,0.0279436,0.155729,0.705097,2.24228,0.197143,0.494848,0.000573219,3.2097,0.0457976,0.069318,1.3685,0
114.102857143,0.076123,0.226528,0.288819,2.50953,0.292617,0.569845,0.0994068,3.21726,0.000373891,0.00359683,1.29527,0.0483882
114.149297052,0,0.302068,0.233554,2.68079,0.352226,0.686088,0.169494,3.03306,0,0.00259082,1.5183,0
114.195736961,0,0.247832,0.103799,2.69714,0.367303,0.377304,0.0440728,2.956,0.0651185,0.117629,1.91162,0.0459522
114.242176871,0.00909397,0.0554224,0.103114,2.57393,0.375869,0.109745,0,3.22648,0.0892463,0.052523,2.03271,0.223863
114.288616780,0.0147215,0.0292203,0.505608,2.14266,0.198829,0.298374,0.137777,3.26336,0.178432,0.0936206,2.34699,0.062447
114.335056689,0,0.0146693,0.794621,1.84016,0.0653245,0.880902,0.175583,2.89239,0.162517,0.106371,2.74219,0.0653276
114.381496599,0,0.0111749,0.713175,1.68485,0.0259587,1.12304,0.234601,2.4847,0.170603,0.092971,3.18964,0.0278933
114.427936508,0,0,0.528503,1.76036,0.0159466,1.44542,0.33221,1.83293,0.139342,0.0837458,3.45677,0
114.474376417,0,0,0.895015,1.76752,0.00128069,1.62109,0.295257,1.73716,0.214443,0.0679532,3.27693,0.0303044
114.520816327,0.13614,0,1.24799,1.70655,0.00508059,1.59505,0.111095,2.19299,0.305802,0.0513997,2.68372,0.121544
114.567256236,0.283227,0,1.55954,1.54834,0.0125932,1.31751,0.193472,2.73912,0.243663,0.0978784,2.19662,0.233976
114.613696145,0.184081,0.20016,1.60792,1.62039,0.0248226,0.611534,0.168628,3.07442,0.144853,0.0976071,2.16046,0.102462
114.660136054,0,0.026755,1.55776,2.10494,0.0214564,0.0880254,0.00814766,3.16068,0.121746,0.0858434,2.21119,0.129381
114.706575964,0,0,1.57436,2.21093,0.00257278,0.164862,0,3.1635,0.120753,0.242403,2.22235,0.170167
114.753015873,0,0,1.44339,2.15581,0.0033932,0.214963,0,3.29135,0.0908557,0.0927517,2.32399,0.140848
114.799455782,0.0433647,0,1.50837,2.18963,0.0126365,0.153117,0,3.08917,0.0263744,0,2.62205,0.0651879
114.845895692,0.0124208,0,1.66927,1.94476,0.0135864,0.10667,0,2.88686,0.158517,0.0299099,2.89989,0.0777583
114.892335601,0,0,1.68549,1.86964,0.0150638,0.0546613,0,2.83132,0.127434,0.0225233,2.85319,0.0988541
114.938775510,0,0,1.71938,1.83305,0.0136857,0.0759237,0.0422015,2.85795,0.0392406,0,2.37948,0.248611
114.985215420,0,0,1.65433,1.73757,0.0228922,0.584057,0,2.96355,0.0210701,0,2.06314,0.325262
115.031655329,0.671089,0.0420323,1.07163,1.74927,0.0381716,0.931916,0,2.94123,0.0281918,0.230144,1.60002,0.255213
115.078095238,1.27653,0.383394,0.720069,1.71743,0.103795,0.937265,0.065418,2.70364,0.178804,1.15529,0.936012,0.0636957
115.124535147,1.56626,0.244716,0.373227,1.75154,0.093793,0.797604,0.189653,2.54576,0.233358,1.8373,0.431244,0.0832599
115.170975057,1.47528,0,0.24483,1.66742,0.0326541,1.02707,0.38059,2.18804,0.266932,2.19639,0.178219,0.0463422
115.217414966,1.18822,0,0.269242,1.01335,0.00816983,2.27535,0.414061,1.64861,0.254502,1.92755,0.542133,0
115.263854875,1.02848,0,0.153015,0.350613,0.000454638,2.94394,0.299633,1.40523,0.200555,1.442,1.1491,0.143714
115.310294785,0.897646,0.691374,0.656417,0.0179101,0.0170966,2.84843,0.145546,1.08678,0.157085,0.885174,1.5033,0.372387
115.356734694,0.736683,1.10827,0.628859,0.0117082,0.0149315,2.48091,0.403765,1.31868,0.122485,0.979071,1.3804,0.204549
115.403174603,0.376443,1.11719,0.705082,0.00896372,0.0145588,2.24375,0.54756,1.54585,0.15514,1.22576,1.4129,0.191187
115.449614512,0.123477,0.709715,0.771726,0.720988,0,2.01677,0.357213,1.64932,0.202915,1.27524,1.1852,0.322625
115.496054422,0.133483,0.105607,0.196281,1.39806,0,2.12859,0.221555,2.13915,0.442155,0.905146,1.20113,0.295053
115.542494331,0.333302,0.0285537,0.00159112,1.69583,0.00305934,2.11006,0.172695,1.99496,0.515723,0.689977,1.5949,0.124285
115.588934240,0.00640079,0.231417,0.00203309,1.31647,0.0625609,1.9717,0.00694536,1.45006,0.501097,1.72556,1.66051,0
115.635374150,0.017079,0.38154,0.121684,0.555522,1.06414,1.08971,0.00640804,0.701904,0.609818,2.03839,1.65402,0.0374962
115.681814059,0.0204439,0.307294,0.309633,0.293517,1.31118,0.626426,0.0137101,0.518269,0.511971,2.3475,1.68503,0
115.728253968,0.0156319,0.0732932,0.873963,0.539771,0.903558,0.826562,0.0192153,0.284175,0.131048,3.16589,1.23269,0.0211339
115.774693878,0.0400916,0.0601878,1.2529,0.771356,0.816919,0.700287,0.0276918,0.140221,0.0299332,3.19605,0.999115,0.273133
115.821133787,0.0386575,0,1.54825,0.89647,0.756675,0.308188,0.752317,0.106712,0.171827,3.08049,0.65289,0.263037
115.867573696,0,0.103125,1.37153,0.279758,0.789139,0.497078,0.348684,1.29598,0.414068,2.06911,1.5658,0.435823
115.914013605,0,0.176621,1.05009,0.710019,1.11687,0.359556,0.0190464,1.56044,0.543799,0.362119,2.38636,0.561754
115.960453515,0.365303,0.00543212,0.259318,1.25859,1.43003,0.151427,0.0463139,1.40052,0.636235,0.240456,2.69424,0.169006
116.006893424,1.32728,0,0.198214,1.66745,0.668287,0.0543905,0.132915,1.28059,0.155337,0.963849,2.65678,0.135203
116.053333333,1.65448,0,0.331878,1.26527,0.437362,0.101344,0.362551,0.993953,0.191245,1.48287,2.04998,0.227396
116.099773243,1.80772,0,0.713765,0.73567,0.601092,0.162529,0.481723,0.719202,0.157084,1.84044,1.61248,0.173752
116.146213152,1.88915,0,0.710524,0.908373,0.766531,0.247403,0.196834,0.719268,0.193128,1.94355,1.19003,0.0474767
116.192653061,2.01212,0,0.813754,0.989871,0.951938,0.119638,0.0780956,0.93753,0.248678,1.90477,1.19967,0
116.239092971,1.80139,0,1.64563,0.893124,1.20642,0.0189935,0.104434,0.799555,0.142356,1.63299,1.52408,0
116.285532880,1.33896,0,2.29368,0.375127,0.956135,0.0154167,0.122113,0.876054,0.136655,1.53506,1.93392,0.126121
116.331972789,0.62685,0.0091427,2.6257,0.0143984,0.778968,0.00241183,0.00965805,1.64199,0.132704,1.04988,2.20544,0.366455
116.378412698,0.0834458,0.0372802,2.53797,0.0225131,0.83122,0,0,2.15888,0.126834,0.884788,2.29232,0.409755
116.424852608,0.0881758,0.198871,2.37593,0.0271203,0.907435,0,0,1.90898,0.290367,0.885356,2.51471,0.271958
116.471292517,0.181274,0.468164,2.35535,0.0311848,0.749906,0.501297,0,1.24313,0.260021,0.762181,2.73262,0.0121899
116.517732426,0.277502,0.47212,2.282,0.0868739,0.552165,1.29341,0,0.867127,0.0735425,0.524434,2.63811,0
116.564172336,0.29064,0.276676,2.15754,0.0888729,0.493739,1.52983,0,1.2141,0.0437058,0.799386,2.41031,0
116.610612245,0.30216,0.0175285,2.38773,0.138737,0.577814,1.58829,0.0525729,1.57171,0.0514093,0.750803,2.34407,0
116.657052154,0.226268,0,2.32773,0.168554,0.574134,1.48954,0,1.54955,0.191313,0.551266,2.75013,0.019137
116.703492063,0.248346,0,2.04217,0.329697,0.631549,1.29657,5.54632e-05,1.52386,0.553994,0.446854,2.8614,0.00219662
116.749931973,0.232945,0,1.88344,0.357628,0.464116,1.47123,0.0648035,1.48273,0.60127,0.350555,2.78594,0.00588758
116.796371882,0.432799,0,2.22758,0.0604603,0.309374,1.68719,0.118573,1.66143,0.577439,0.266135,2.37634,0
116.842811791,0.888905,0,2.12182,0.145789,0.224974,1.51215,0.0225093,1.87731,0.0915359,0.418643,2.11756,0.150311
116.889251701,1.01934,0.0881429,1.78444,0.492309,0.291127,1.28339,0.0361675,1.92027,0.0514604,0.391943,2.21282,0.0927016
116.935691610,0.990974,0.170659,1.7442,1.08913,0.135463,1.23192,0.106619,1.62582,0.0511029,0.0134526,2.52005,0
116.982131519,0.720399,0.174514,1.84741,1.16881,0.0878348,1.20216,0.137178,1.4127,0.136237,0,2.83146,0
117.028571429,0.275932,0.161886,1.86792,0.980312,0.284581,0.961129,0.0642882,1.6908,0.0486169,0.0736687,3.22847,0.106458
117.075011338,0.23091,0.0554257,2.17335,0.277844,0.549163,1.20672,0.177855,1.40072,0.057109,0.113815,3.54697,0.196551
117.121451247,0.15389,0.0864103,2.21959,0.00134637,0.486791,1.81395,0.383038,0.765339,0.0948741,1.22823,2.66134,0.333088
117.167891156,0.436452,0.289705,1.99888,0.00809099,0.352954,2.66174,0.384242,0.133258,0.143198,2.51908,0.854799,0.296448
117.214331066,0.756436,0.287551,1.56901,0,0.244722,2.96646,0.312961,0.0942984,0.142395,3.17593,0.469326,0.0496656
117.260770975,1.05258,0.191093,1.22091,0,0.118051,3.19839,0.322533,0.0582154,0.111359,3.40661,0.497826,0.123058
117.307210884,1.38617,0.213012,1.01678,0.013723,0.19782,3.3774,0.242891,0,0.0527512,3.40528,0.234612,0.199884
117.353650794,1.38036,0.189176,0.872137,0.0259523,0.243259,3.31414,0.143218,0.211321,0.0354508,3.14426,0.224558,0.258246
117.400090703,1.25202,0.469292,0.680766,0,0.364563,3.34035,0.0387919,0.421981,0.0355346,2.54601,0.132974,0.276915
117.446530612,1.09894,0.45034,0.603388,0,0.594244,3.17073,0.0313344,0.606384,0.366142,2.00297,0.160451,0.300412
117.492970522,1.04106,0.191135,0.708659,0,0.518487,2.50111,0.0312378,0.908508,0.285345,1.90223,0.174044,0.360201
117.539410431,0.923063,0.287393,0.642778,0.0204699,0.607877,2.15461,0.0319272,0.449475,0.348121,2.01809,0.157151,0.448059
117.585850340,1.13237,0.215321,0.547484,0.0851314,0.309934,1.9955,0.031227,0.0876997,0.414421,2.2798,0.457165,0.488773
117.632290249,1.4087,0.0935363,0.319043,0.0255601,0.21082,2.33506,0.0285081,0.438029,0.295916,2.07341,0.508633,0.456432
117.678730159,1.72638,0,0.422214,0.0110881,0.220936,3.1283,0.0180354,0.543433,0.111977,2.0998,0.456529,0.500787
117.725170068,1.45678,0.0466381,1.06434,0.0063099,0.147313,3.32156,0.00939636,0.496777,0.180598,2.00871,0.801954,0.487303
117.771609977,0.6891,0,1.79535,0.000377614,0.237921,2.93543,0.0191573,0.512079,0.330983,1.52482,1.94747,0.332337
117.818049887,0.186956,0,2.29393,0,0.385362,2.26884,0.032354,0.698154,0.332746,0.926246,3.03444,0.0599399
117.864489796,0.159082,0,2.40168,0,0.383247,1.67165,0.160484,0.856795,0.0266483,0.800107,3.3967,0
117.910929705,0.348467,0,2.64696,0,0.202051,1.7364,0.33576,0.528184,0.0450316,0.769878,3.0846,0.0145108
117.957369615,0.796446,0,2.62343,0,0.0282812,2.16154,0.382527,0.3294,0.110689,0.729626,2.42412,0.0808795
118.003809524,1.65775,0.0255558,2.22607,0,0.0347286,2.42927,0.238063,0.221798,0.124222,0.643413,1.48165,0.0912985
118.050249433,1.96763,0,1.7832,0,0.169161,2.65598,0.0609089,0.135261,0.1237,0.605188,1.29121,0.100668
118.096689342,1.70619,0.0755047,1.7963,0,0.105978,2.66387,0.0685403,0.214248,0.081633,0.598726,1.38984,0.106328
118.143129252,1.53828,0.0660297,1.86986,0,0.00699786,2.52379,0.129492,0.111909,0.0337463,0.888183,1.57029,0.101179
118.189569161,1.4226,0.0821215,1.77079,0,0.01282,2.41387,0.306049,0.0279294,0.0255477,0.96794,1.66861,0.0610611
118.236009070,1.30723,0.0587629,1.93146,0,0.0126541,2.33227,0.465955,0.00590831,0.0155025,0.755949,2.03369,0.153098
118.282448980,1.08333,0.056922,2.15836,0,0.0159265,2.29572,0.52435,0.00411389,0.00171694,0.163408,2.60583,0.159287
118.328888889,1.00533,0,2.15227,0,0.0127111,2.167,0.249684,0.317431,0.000962936,0.0368133,2.6058,0.145151
118.375328798,0.587204,0.130611,2.03762,0,0.0134491,2.54493,0.0302004,0.599579,0.00154328,0.0154997,2.45881,0.17009
118.421768707,0.804486,0.134663,1.63767,0,0.0190318,2.86831,0.0259598,0.808125,0.00111871,0.187942,2.25055,0.176432
118.468208617,1.81945,0.057698,0.725115,0,0.0265689,3.3867,0.0290044,0.840773,0,0.538308,1.50205,0.14441
118.514648526,2.39427,0,0.119149,0.0193443,0.0603825,3.6429,0.044198,0.514582,0,1.00174,0.965154,0.00127287
118.561088435,2.33208,0.132465,0.206447,0.0170364,0.0454486,3.66188,0.0557487,0.205989,0,1.53412,0.722854,0.0157637
118.607528345,1.97386,0.367896,0.899886,0,0.0338905,3.60575,0.147738,0.0309445,0.0552274,1.87719,0.453447,0.0101757
118.653968254,1.45747,0.438577,1.51007,0,0.0583432,3.14293,0.610908,0.0259762,0.129926,2.25808,0.0417511,0
118.700408163,0.906821,0.576902,1.66626,0.00999396,0.2882,2.1661,0.715833,0.24068,0.11092,2.44665,0.131769,0
118.746848073,0.379491,0.758851,1.64628,0,0.203501,1.92164,0.620307,0.474954,0.0424752,2.48088,0.186511,0.0482431
118.793287982,0.663493,0.701986,1.94839,0,0.0955061,1.99882,0.487816,0.592812,0.0973526,1.96543,0.176972,0.342633
118.839727891,1.55601,0.0698169,2.16191,0,0.0813067,2.26735,0.481316,0.227132,0.124165,1.39318,0.226174,0.353852
118.886167800,1.8354,0,1.69107,0.0038523,0.0515454,3.34131,0.228851,0.00342885,0.147591,0.976471,0.696837,0.254327
118.932607710,2.26231,0.000732643,0.865074,0.00543209,0.0239765,3.56077,0.134483,0.0119615,0.137921,0.877328,1.13856,0.059566
118.979047619,2.48157,0.0313923,0.57502,0,0.0246242,3.57548,0.062521,0.00684948,0.113019,1.06575,1.202,0
119.025487528,2.27292,0.0907461,0.128196,0,0.022528,3.50581,0.0564578,0.23309,0.0927576,0.669875,0.885438,0.0852826
119.071927438,2.37906,0.232526,0,0,0.0154386,3.06432,0.060207,0.887219,0.0400371,0.667208,0.120844,0.322902
119.118367347,2.5787,0.295893,0.0256133,0.0313216,0.0184239,2.42368,0.20354,1.09861,0.0303443,0.949094,0.346812,0.065473
119.164807256,2.31443,0.0695194,0.0897674,0.0142571,0.0173311,2.4897,0.0481008,1.13726,0.0154577,0.875491,0.627162,0
119.211247166,2.12248,0.0945958,0.167014,0.0329472,0.019256,2.68585,0.0512522,1.16814,0.0114271,1.25536,0.499941,0
119.257687075,2.03579,0.147106,0.476004,0.169183,0.0220804,2.84718,0.0527691,1.15116,0,1.25063,0.170139,0.0592972
119.304126984,2.12711,0.155402,0.248059,0.187356,0.300346,2.788,0.0451023,1.40862,0.00630398,1.11995,0.010844,0.267252
119.350566893,2.27507,0.133844,0.279598,0.111886,0.510699,2.73679,0.0306109,1.48457,0.003873,0.730686,0.0675003,0.396332
119.397006803,2.82974,0.0342308,0.118012,0.106714,0.554722,2.71892,0.0355452,1.3017,0.00515811,0.852656,0.343148,0.330026
119.443446712,2.88857,0,0.0288839,0.249558,0.40388,2.66766,0.0514203,0.913813,0.00724961,1.24563,0.50721,0.247033
119.489886621,1.74165,0,1.01838,0.0125928,0.84521,2.00727,0.188791,0.645318,0.0318309,1.57248,0.772498,0.333114
119.536326531,0.24401,0,2.30666,0,0.391275,1.92882,0.286897,0.792115,0.081027,1.73952,0.961066,0.28872
119.582766440,0.0490661,0.00777867,2.75701,0,0.0374575,1.97951,0.22097,0.729051,0.0880537,1.81875,1.54081,0.144634
119.629206349,0.283953,0.058484,2.85148,0,0.0374182,1.7569,0.0862859,0.807205,0.350328,1.59553,1.92878,0.0611924
119.675646259,0.500142,0,2.82841,0,0.033221,1.75052,0.0432594,0.961336,0.598002,1.42997,1.64165,0.0161495
119.722086168,0.489875,0,2.92576,0.0876562,0.0638549,1.34639,0.127221,1.10492,0.0748445,1.67425,1.31823,0
119.768526077,0.420047,0,2.91786,0.0453488,0.071746,1.5507,0.0610823,1.23588,0.035907,1.99247,1.15682,0
119.814965986,0.244987,0,2.80425,0.0684091,0.0636991,1.39262,0.0458587,1.19276,0.0358699,2.11078,1.14811,0
119.861405896,0.0884798,0.149361,2.70877,0.611714,0.0432798,1.52786,0.0326947,1.15024,0.024753,1.88833,1.16968,0
119.907845805,0.0714793,0.24006,2.57896,0.596016,0.0146601,1.65675,0.0396494,1.31837,0.00214467,1.49686,1.1704,0.00672588
119.954285714,0.249707,0.122224,2.55369,0.429171,0.014655,1.62836,0.0427133,1.87422,0.00671901,1.45459,1.07419,0.0179333
120.000725624,0.423567,0.0275879,2.26561,0.220935,0.0158157,1.6051,0.0393321,2.61115,0.00967884,1.26383,1.0381,0.0414382
120.047165533,0.498738,0,2.02982,0.0167346,0.0173389,1.54912,0.0327526,3.03325,0.00801537,1.10557,1.25956,0.0863634
120.093605442,0.520054,0,1.71893,0,0.0166817,1.57771,0.0301062,3.30552,0.142344,0.763329,1.0385,0.118471
120.140045351,0.604151,0,1.40061,0,0.0144111,1.76499,0.0296878,3.4968,0.286657,0.638278,0.476522,0.353657
120.186485261,0.855026,0.0034654,0.957284,0,0.0141001,2.00323,0.0336972,3.47671,0.33918,0.695398,0.29239,0.426506
120.232925170,1.2094,0,0.702726,0,0.0158277,2.34454,0.0369155,3.24501,0.294528,0.770294,0.00218506,0.388063
120.279365079,1.40594,0,0.668373,0,0.0213215,2.40486,0.0406726,3.02327,0.17632,0.690686,0.00101153,0.337036
120.325804989,1.42707,0,0.826413,0,0.0257026,2.2525,0.0465734,2.97911,0.0830268,0.572589,0.00672385,0.282959
120.372244898,1.33761,0.0591449,0.599022,0.00314811,0.291498,1.63878,0.0530146,3.07906,0.0447445,0.798964,0.0530963,0.175625
120.418684807,1.22809,0.121477,0.70866,0.14946,0.545502,0.908961,0.182729,2.81115,0.00534285,0.994452,0.115149,0.0832835
120.465124717,0.937342,0,1.01403,0.172083,0.441327,0.870105,0.335025,2.47469,0.0348844,1.31706,0.0335258,0.0210468
120.511564626,0.949325,0.0348343,1.18502,0.150444,0.286307,0.979222,0.225285,2.58069,0.0390436,1.55261,0.157805,0.169373
120.558004535,1.65486,0.102916,1.04069,0.0942759,0.0100702,1.45536,0.0421239,2.241,0.0355265,1.83026,0.355949,0.208224
120.604444444,1.88767,0.102477,0.921747,0,0.0330956,2.51054,0.0275704,1.49893,0.084079,1.86373,0.409891,0.165564
120.650884354,2.05717,0.100941,0.554395,0,0.0346605,3.21219,0.0066467,1.31348,0.0892098,1.41034,0.398847,0.240055
120.697324263,2.26826,0.043861,0.22578,0,0.047392,3.59564,0.0477527,1.34421,0.0789744,1.1824,0.142512,0.129416
120.743764172,2.26119,0.00466875,0.118164,0,0.0908368,3.61806,0.0127551,1.23111,0.0407045,1.15929,0,0.00672221
120.790204082,2.31117,0.145595,0.0901678,0,0.133263,3.64862,0.0229704,0.974512,0.0791938,1.22888,0,0
120.836643991,2.28501,0.0484338,0,0,0.0952191,3.68894,0.0290535,1.20322,0.211347,1.30904,0.0441617,0.051755
120.883083900,2.31848,0,0,0,0.0587405,3.69986,0.0358718,1.21962,0.236407,1.37573,0.0706358,0.0752304
120.929523810,2.54859,0.0200201,0,0.101356,0.0266775,2.894,0.0565579,0.935481,0.0685205,1.43472,0.2173,0.0838326
120.975963719,2.48558,0.0805515,0.00265346,0.31304,0.0783622,2.4226,0.105156,0.657261,0,1.22002,0.708592,0.145694
121.022403628,2.27847,0.0681847,0.0966925,0.514067,0.0882616,2.92977,0.292736,0.556089,0,0.718197,0.776751,0.165766
121.068843537,2.20388,0,0.22314,0.400594,0.0703479,3.71414,0.248107,0.28286,0,0.571033,0.911061,0.00590391
121.115283447,2.08376,0.00642484,0.273697,0,0.0424117,3.86668,0.0289239,0.320665,0.110521,0.627769,1.14922,0.00435568
121.161723356,1.70364,0.0548245,0.45483,0,0.0430019,3.59902,0.00236457,0.820043,0.0594857,0.629006,1.41659,0.157127
121.208163265,1.09289,0.117869,1.5401,0,0.0459581,2.97023,0.030004,0.947775,0.096002,0.404091,1.89291,0.400492
121.254603175,0.440229,0.117311,2.28427,0,0.0488626,2.48054,0.0490477,1.03112,0.289506,0.270154,2.22654,0.75452
121.301043084,0.252757,0.0673439,2.76702,0,0.0562568,2.40383,0.174859,0.877288,0.196389,0.179275,2.0297,1.11775
121.347482993,0.623159,0.059914,2.99927,0,0,2.24881,0.122436,0.595476,0.05033,0.377123,1.72469,1.28034
121.393922902,1.11124,0.125622,2.62693,0,0,2.37976,0.0609401,0.286821,0.0399137,0.673847,1.33645,0.935424
121.440362812,1.2719,0.379401,2.29506,0,0.00617747,2.6086,0.0415442,0.51206,0.107763,0.471598,1.65397,0.544311
121.486802721,1.47101,0.483215,2.0779,0,0.0245567,2.64473,0.00244993,0.773822,0.128622,0.170707,2.44569,0.0270462
121.533242630,1.44683,0.130484,1.85615,0,0.0277764,2.78904,0,0.925046,0.102845,0.305818,2.79359,0.0633714
121.579682540,1.33408,0.0308358,1.65472,0,0.0245854,3.05628,0.01328,0.897081,0.0947026,0.504792,2.65795,0.0508613
121.626122449,1.45649,0.0043798,1.72405,0,0.0146643,3.39958,0.0396233,0.646838,0.00520998,0.392885,2.52967,0.0584317
121.672562358,1.62424,0.0126128,1.75834,0,0.0116272,3.41435,0.0336254,0.493829,0.00500944,0.253935,2.63856,0.0802065
121.719002268,1.65785,0,1.78622,0,0.014231,3.3599,0.0343031,0.397117,0.0553333,0.165731,2.6354,0.0399911
121.765442177,1.47684,0.167645,1.78669,0,0.0155621,3.10509,0.0341296,0.4188,0.0912765,0.153138,2.55058,0.0866363
121.811882086,1.44844,0.456396,1.40554,0,0.110927,2.9664,0.031271,0.905252,0.0455818,0.108563,2.21856,0.112437
121.858321995,1.75149,0.499082,0.483421,0.00738942,0.0452324,3.13847,0.028979,0.837203,0.042395,0.738845,1.46645,0.213507
121.904761905,1.86634,0.310645,0.216848,0.073546,0.0908016,3.48498,0.0425274,0.644049,0.0025738,0.933759,0.826299,0.161234
121.951201814,2.07206,0.0379351,0.272485,0,0.1067,3.49276,0.0477539,0.731551,0,1.10954,0.927918,0
121.997641723,2.04477,0.236191,0.374446,0.01038,0.0524487,3.1132,0.198216,0.850255,0.246299,1.19723,0.765732,0.0724484
122.044081633,2.04594,0.240963,1.28583,0.0349889,0,2.15026,1.0242,0.222781,0.507823,0.861964,0.774251,0.196149
122.090521542,1.8138,0.276115,1.71603,0.154638,0.0174761,1.56212,1.68418,0.00583405,0.577781,0.300728,0.911461,0.0960314
122.136961451,1.56885,0,1.4848,0,0.0307253,1.40262,1.76962,0.00484159,0.974741,0.306279,1.12906,0.235961
122.183401361,1.45678,1.04998,1.23769,0,0.029152,1.49907,0.984076,0.108002,0.871757,0.382667,1.03187,0.319471
122.229841270,1.33791,1.36426,1.21331,0,0.0221022,1.54956,0.294731,0.195708,1.0414,0.189169,0.902601,0.281756
122.276281179,1.43582,1.11382,1.61395,0,0.0171807,2.14868,0.0470199,0.166124,1.11779,0.0147984,0.71947,0.17954
122.322721088,1.52978,0.386581,1.81981,0,0.0345241,2.72768,0.0463626,0.00598345,0.720992,0.39305,0.822947,0.0922192
122.369160998,1.90285,0.0240775,1.36998,0,0.0272201,2.92265,0.0444643,0.00984116,0.322994,0.3849,1.1061,0.238587
122.415600907,1.70275,0.0403964,0.462547,0.337982,0.0131461,2.91975,0.0255495,0.422732,0.405599,1.01132,0.932779,0.112518
122.462040816,0.902465,0.368286,0.206033,0.261991,0.0271009,2.71371,0.0229192,0.949112,0.341893,1.33267,0.450723,0.0885548
122.508480726,0.55725,1.56986,0.578247,0,0.130038,1.91745,0.0378491,0.788561,0.427983,1.15541,1.25196,0.0963122
122.554920635,0.248693,1.84655,0.722316,0.0836035,0.872228,1.50324,0.0669745,0.279803,0.584126,1.37262,1.47268,0.0447391
122.601360544,0.372674,1.62269,0.8269,0.173127,1.27105,1.09281,0.566207,0.282656,0.485006,1.52069,1.36787,0.00912438
122.647800454,0.248586,1.36567,0.800478,0.395504,1.28978,1.17036,0.694721,0.109168,0.299224,1.81788,0.751932,0.0232945
122.694240363,0.276888,1.07494,0.792823,0.512785,1.30265,1.40025,0.660308,0.0497011,0.0937093,2.02056,0.261084,0.317218
122.740680272,0.61062,0.70957,0.880863,0.433068,1.38902,1.73721,0.344529,0.17908,0.227776,1.65096,0.0841282,0.190005
122.787120181,0.84087,0.340688,1.13593,0.217019,1.32184,1.98728,0.223036,0.509654,0.403543,1.2198,0.00251258,0.0158562
122.833560091,1.17877,0.198171,0.81859,0,1.08011,1.72343,0.288808,0.735224,0.856481,1.23692,0.0614348,0
122.880000000,1.27333,0.258076,0.727536,0,1.14628,1.55286,0.562927,0.394459,0.541041,1.68054,0.160856,0
122.926439909,0.963288,0.279711,1.16146,0,1.31545,1.72586,0.494384,0.106743,0.554335,1.85807,0.46099,0
122.972879819,0.641238,0.0537028,1.51565,0,1.27939,1.65483,0.252673,0.0320278,0.534976,1.75841,0.841172,0
123.019319728,0.756408,0.0167031,1.46254,0,1.40761,1.79918,0.091178,0.118576,0.375571,1.90312,1.05495,0
123.065759637,1.07304,0,0.946021,0,1.43243,1.7612,0.0561706,0.28242,0.0427813,2.79949,0.798364,0.100395
123.112199546,1.16343,0,0.967976,0,1.25927,1.89067,0.0590253,0.156602,0.038114,3.19402,0.330336,0.228548
123.158639456,1.5996,0.0526717,1.24353,0.0081527,1.05901,2.02573,0.523655,0.20669,0.0912994,3.0575,0.169591,0.278257
123.205079365,1.72263,0.069374,1.37743,0.0105795,1.10314,1.94756,0.61962,0.251994,0.105011,2.66333,0.317281,0
123.251519274,1.5092,0.089506,1.60313,0.012726,1.17861,1.88754,0.0155425,0.694561,0.0956565,2.31888,0.296467,0
123.297959184,1.44442,0.0699074,1.64277,0.0127563,1.39252,1.87832,0.00474263,1.04346,0.0996058,1.58648,0.25452,0
123.344399093,1.58483,0.00150764,1.66093,0.0108399,1.3418,1.64829,0.00516378,1.17902,0.318379,0.780637,0.731419,0
123.390839002,1.13051,0.00167441,2.25406,0.0139324,0.631694,1.81023,0.00275984,1.5184,0.38527,0.16068,1.60741,0
123.437278912,0.141117,0.00173244,2.74723,0.0153424,0.34227,1.78541,0,1.84104,0.362742,0.278538,1.99449,0
123.483718821,0.12507,0.00187846,2.54209,0.0163218,0.0239298,1.58995,0.228157,2.03941,0.297604,0.507919,1.93581,0
123.530158730,0.0903381,0.00221987,1.88256,0.0176921,0,2.08926,0.153764,2.37824,0.342533,0.420791,2.03806,0.054142
123.576598639,0.112099,0.00220148,1.53787,0.0203697,0.0124531,2.45341,0.0565321,1.93806,0.341552,0.0319493,2.27324,0.00926023
123.623038549,0.154357,0.105876,0.975104,0.0645636,0,2.73408,0.00700351,1.93889,0.231882,0.0514119,2.14181,0
123.669478458,0.673819,0.189546,0.811288,0.100863,0.00376342,2.66168,0.0203544,2.02112,0.0441025,0.218433,1.66914,1.81876e-05
123.715918367,0.578993,0.000820668,0.574054,0.309555,0.00496561,2.91472,0.0309035,1.80324,0.0842102,0.395309,1.4427,0.00799951
123.762358277,0.460784,0.00119149,0.538811,0.592571,0,2.90064,0.0343175,1.59624,0.142082,0.404467,1.72401,0
123.808798186,0.743142,0.0280515,0.689415,0.557032,0.0640446,2.61738,0.0682518,1.29603,0.105611,0.724231,1.99748,0.163842
123.855238095,1.0064,0.147628,0.656446,0.0946161,0.239261,2.23331,0,1.06257,0.0458052,0.747712,2.82831,0.13569
123.901678005,1.01196,0.27858,0.607149,0.0134856,0.349196,2.49111,0,0.838634,0.0795135,0.567007,2.93379,0
123.948117914,0.949749,0.464976,0.851509,0.0115394,0.299299,2.48406,0,0.952541,0.0909686,0.223532,2.87649,0
123.994557823,0.742697,0.38039,0.723513,0.0575021,0.216189,1.96696,0.015915,1.54581,0.113823,0.660745,2.61126,0
124.040997732,0.647479,0.238421,0.639568,0.581406,0.230715,1.0952,0.0365005,2.24503,0.149322,0.647454,2.53084,0.148932
124.087437642,0.388176,0.115807,0.714592,1.04491,0.368898,0.995584,0.088952,2.42662,0.148702,0.511683,2.43235,0.234805
124.133877551,0.0766774,0.150172,0.614112,1.98329,0.317817,1.08923,0,2.36544,0.07944,0.118264,2.59282,0.00132102
124.180317460,0.48046,0.136402,0.0173688,2.69418,0.057316,1.32996,0,2.00999,0.00544436,0.145564,2.2255,0.0639487
124.226757370,0.667873,0.0644662,0.0454097,2.69003,0.0461486,1.57337,0.22835,1.70417,0.00135257,0.274416,1.7279,0.176451
124.273197279,0.707194,0.0295758,0.159551,2.66269,0.0403852,1.42901,0.36498,1.54876,0.0191496,0.617721,1.34049,0.130638
124.319637188,0.384936,0,0.607214,2.52071,0.0389311,0.921066,0.47559,1.901,0.179791,0.62383,1.16344,0.112313
124.366077098,0.0531945,0,1.01781,2.18526,0.0404052,0.48232,0.185409,2.54142,0.277284,0.485063,1.31699,0.0936605
124.412517007,0.120771,0,1.05766,2.10376,0.0334097,0.0742581,0.0300962,2.83943,0.388148,0.207708,1.57205,0.0501578
124.458956916,0.18114,0.018952,0.834314,2.45029,0.141454,0.315844,0,2.9266,0.396762,0,1.81065,0.0631801
124.505396825,0.412592,0,0.579709,3.02447,0.033236,0.229658,0,2.84775,0.0592752,0.12366,1.92048,0.000190046
124.551836735,0.281076,0,0.965874,2.94693,0.0469622,0.224138,0,3.08391,0.003219,0.158899,1.89347,0.0344009
124.598276644,0.108906,0,1.22442,2.37138,0.0375416,0.242475,0,3.24404,0.0942415,0.143052,2.27058,0
124.644716553,0.0585142,0.181639,1.32786,1.83735,0.0479219,0.54039,0,3.06822,0.160928,0.104269,2.57852,0
124.691156463,0.0181442,0.0494056,1.40003,1.80628,0.203241,0.969336,0.138397,2.52385,0.173535,0.0750311,2.44956,0
124.737596372,0.0263658,0.0279325,1.53332,1.73364,0.20625,1.11243,0.508599,2.09362,0.150942,0.154347,2.32283,0.146612
124.784036281,0,0,1.71142,1.72126,0.0985981,0.812164,0.799757,1.90876,0.141762,0.42099,2.34561,0.0671274
124.830476190,0.0202361,0,1.53428,1.76683,0.002946,0.338507,0.443257,2.86342,0.175913,0.216268,1.93712,0.207507
124.876916100,0.0639548,0,1.50409,1.89857,0.00151744,0.348348,0.212283,3.43233,0.165078,0.0922997,1.65321,0.187897
124.923356009,0.00184925,0,1.58371,1.84929,0.0244127,0.200809,0.0879177,3.48054,0.149199,0.0989848,2.03263,0.0600214
124.969795918,0,0,1.65068,1.57868,0.0255326,0.0103596,0,3.37196,0.120251,0.0853777,2.55526,0.145469
125.016235828,0,0,1.59252,1.2868,0.04968,0,0,3.27678,0.103037,0.0531183,2.77566,0.161716
125.062675737,0,0.00353973,1.54829,1.28235,0.0634473,0,0,3.12377,0.0795526,0.00665643,2.86305,0.194971
125.109115646,0,0.00363644,1.42358,1.6958,0.015639,0.00124368,0,2.91263,0.0373555,0.00643902,2.8621,0.0864233
125.155555556,0,0,1.6646,1.73504,0.0158349,0.00165032,0,2.75155,0.0873436,0.0506343,2.76921,0
125.201995465,0,0,1.9674,1.57842,0.0148179,0.00228033,0.127114,2.62293,0.0543937,0.0673116,2.68235,0
125.248435374,0,0,1.96977,1.48287,0.0117635,0.0873045,0.204495,2.63567,0.0345885,0.0432192,2.41341,0.0134465
125.294875283,0.734755,0.00253448,1.39283,1.54081,0.00965459,0.219685,0.126457,2.61903,0.00942052,0.0398891,1.96603,0.0106096
125.341315193,1.75048,0.0197641,0.634743,1.60925,0.0112491,0.214845,0,2.58807,0.00531311,0.106494,1.82729,0.107156
125.387755102,1.82904,0.00352952,0.0655076,1.6596,0.0493815,0.197473,0,2.66601,0.0282505,0.495103,2.02705,0.134416
125.434195011,1.52072,0,0.314713,1.32513,0.0434685,0.490924,0.297309,2.52326,0.0442655,0.701841,1.68557,0.0195702
125.480634921,1.38059,0,0.502246,1.14322,0.021383,1.33748,0.283293,2.31781,0.110582,0.791017,1.19012,0
125.527074830,1.37316,0,0.445459,0.873629,0.0383178,2.27009,0.315723,2.17159,0.107705,0.90677,1.30462,5.28652e-05
125.573514739,1.40316,0,0.43846,0.700937,0.314523,2.71972,0.267127,1.9191,0.103672,0.875858,1.62696,0.000140882
125.619954649,1.30008,0,0.447892,0.56969,0.532897,2.46264,0.00140745,1.91701,0.100414,0.415064,2.28435,0.000109783
125.666394558,1.12524,0.0193092,0.246808,0.570305,0.61886,2.22738,0,2.28527,0.10874,0.151423,2.44487,0.062709
125.712834467,0.584521,0.0769163,0.464022,0.791947,0.544729,1.86952,0,3.11488,0.111565,0.106221,1.94012,0.10356
125.759274376,0.160562,0,0.658078,1.09722,0.284984,1.26577,0.147722,3.61225,0.100579,0.103154,1.34773,0.440757
125.805714286,0.145412,0,0.412836,1.48909,0.0213316,0.751183,0.218329,3.65076,0.103635,0.0696777,0.986602,0.373091
125.852154195,0.196016,0.197545,0.238925,1.16061,0.0286763,0.580359,0.0743407,3.41393,0.107591,0.0653277,1.58376,0.0648379
125.898594104,0.0415425,0.551004,0.483368,0.659252,0.20099,0.940408,0,2.83781,0.096265,0.033877,1.94623,0.0408816
125.945034014,0,0.641445,0.698643,0.726718,0.0135447,1.34955,0,2.33845,0.0614621,0.0721012,1.69195,0.0752346
125.991473923,0,0.628754,0.961634,0.531538,0.0162864,1.29497,0,2.37598,0.300301,0.329416,1.57559,0.308741
126.037913832,0.00286416,0.436388,1.33281,1.01994,0.0226822,1.03101,0.312333,2.50938,0.401299,0.547195,1.06311,0.0452856
126.084353741,0.0288883,0.3615,1.67093,1.24961,0.0388442,0.273972,0.391345,2.70603,0.06029,0.544352,0.902725,0
126.130793651,0.0387328,0.358088,1.64421,1.01178,0.152502,0.0818156,0.304808,3.02033,0,0.237189,0.735806,0.00150298
126.177233560,0.0810573,0.315747,1.40706,1.2123,0.17436,0.00369723,0.181944,3.24182,0,0.0132453,1.04014,0.0158139
126.223673469,0.149559,0.393204,1.38153,1.58569,0.0513563,6.43166e-05,0.0835774,3.26261,0.0208287,0.0161929,1.22261,0
126.270113379,0.108254,0.225767,1.3556,1.7421,0.0129,0,0,3.23544,0.0708706,0.0755238,1.12343,0
126.316553288,0.11671,0.00792867,1.34752,1.14008,0.0620604,0.0761542,0.0230596,3.00107,0.195451,0.158504,1.52045,0.0158266
126.362993197,0.155821,0.00823324,1.55901,0.847805,0.262672,0.785194,0.0137251,2.36298,0.147047,0.293797,1.73451,0
126.409433107,0.155173,0.00406609,1.57805,0.759804,0.201658,1.12787,0.0730727,1.80769,0.152857,0.174679,2.24657,0
126.455873016,0.152799,0,1.56958,0.80148,0.192754,1.07361,0.367271,1.54775,0.132166,0.0918937,2.9335,0
126.502312925,0.132482,0,1.71601,0.96537,0,1.08832,0.570042,1.66218,0.196309,0.130104,2.96992,0.0504178
126.548752834,0.16131,0,1.71037,1.21619,0,0.934585,0.304459,1.92481,0.304457,0.134279,2.54284,0.0419773
126.595192744,0.145719,0,1.85988,1.5762,0.00678876,0.67832,0.145076,2.017,0.142052,0.12537,2.24618,0
126.641632653,0.0750408,0,2.03594,1.82967,0.0190064,0.81487,0.127747,2.13914,0.11536,0.118128,1.89635,0
126.688072562,0.00962633,0,2.2793,1.77923,0.0174872,0.896288,0,2.01976,0.124704,0.0932422,1.93066,0.562798
126.734512472,0,0,2.24608,1.71904,0.0101462,0.772885,0,1.99242,0.13531,0.206366,2.01428,0.633336
126.780952381,0,0,2.18747,1.86088,0.0162857,0.470918,0,2.09194,0.0667837,0.315579,2.0827,0.505815
126.827392290,0.0185906,0,2.19007,2.01031,0.015466,0.0846333,0,2.52676,0.0375027,0.348749,2.01058,0.377556
126.873832200,0.117571,0,2.34211,1.89433,0.016398,0,0.125238,2.63429,0.0250795,0.510639,1.86788,0.095635
126.920272109,0,0,2.28851,1.2376,0.0130501,0.247742,0.172076,2.9048,0.0765487,0.641669,1.81486,0.300367
126.966712018,0,0,2.06312,1.78197,0.00828363,0.602983,0,2.88318,0.340811,0.461154,1.60967,0.476807
127.013151927,0.0289239,0,1.67123,2.27022,0.0361404,1.1019,0,2.21142,0.56242,0.671397,1.34516,0.383291
127.059591837,0.491385,0,1.50344,2.42899,0.0133967,1.84732,0,0.968298,0.637606,1.4713,0.825902,0.356727
127.106031746,0.929975,0,1.58463,2.17847,0.0124602,2.01542,0,0.729208,0.639416,1.82542,0.536489,0.21548
127.152471655,1.45343,0,1.65987,2.02756,0.0143709,1.50344,0,0.763829,0.575352,1.63646,0.398579,0.0650988
127.198911565,1.47919,0,1.78381,2.0197,0.0193151,1.25615,0.127375,0.884527,0.433388,1.56418,0.337164,0.0705308
127.245351474,1.13909,0,1.99679,1.47666,0.0238396,1.65607,0.143149,0.910314,0.323221,1.33197,0.621171,0.0647221
127.291791383,0.916742,0.0155306,2.29921,0.695735,0.0168962,1.76044,0.022057,1.05078,0.586792,0.939934,1.08355,0.15791
127.338231293,0.698131,0,2.37551,0.583214,0.0244314,1.54265,0.0100782,1.26039,0.431171,0.622758,1.31217,0.276761
127.384671202,0.0195578,0,1.90109,0.806178,0.0963084,1.43443,0,2.05209,0.227827,0.243046,1.23976,0.274366
127.431111111,0,0.0359738,1.31355,0.908416,0.175608,1.16551,0,3.05046,0.168266,0.145477,1.49991,0.480824
127.477551020,0,0.038372,1.15424,2.20283,0.14403,0.182985,0,3.18585,0.127131,0.107815,1.32514,0.601964
127.523990930,0.00267757,0.0581426,0.957355,2.49764,0.084407,0.0222266,0,3.28796,0.113614,0.0726579,1.39859,0.658161
127.570430839,0.0636804,0.0834383,0.879896,2.4088,0.165933,0.0344612,0,3.45524,0.111182,0.0443657,1.51119,0.512746
127.616870748,0.118787,0.0734771,0.870832,2.28238,0.0542756,0.369658,0,3.38759,0.0810905,0.02452,1.34285,0.373986
127.663310658,0.338193,0.00924051,0.768144,2.15192,0.0767003,0.861622,0,3.28364,0.0581349,0.0229223,0.986402,0.223932
127.709750567,0.39836,0.0166903,0.815132,2.01294,0.20814,0.715247,0,3.34509,0.0369054,0.00874835,1.18665,0.166414
127.756190476,0,0.158326,0.820452,2.17337,0.290389,0.325264,0,3.68563,0.0617538,0.0432236,1.50522,0.161753
127.802630385,0.00874445,0.434394,0.962828,2.37378,0.29629,0.168587,0.0366468,3.67309,0.0928084,0.0119341,1.64696,0.315755
127.849070295,0.0595692,0.398313,1.15677,2.47936,0.161323,0.35087,0.0803595,3.47491,0,0.0029383,1.6678,0.541367
127.895510204,0.10722,0.0880426,1.10131,2.63412,0.0405849,0.265126,0.0330238,3.25847,0,0.00387532,1.56225,0.583179
127.941950113,0.0925866,0.0168858,1.0559,2.6703,0.0819639,0.0323335,0,3.24709,0.0299075,0.0213878,1.47604,0.411717
127.988390023,0.0410017,0.0936206,0.907182,2.45942,0.0392241,0.110598,0,3.21696,0.0641663,0.0707088,1.50184,0.369019
128.034829932,0.0349869,0.149344,1.00979,1.49717,0.133581,1.04442,0.00793879,3.11069,0.44939,0.0892808,1.50638,0.410857
128.081269841,0,0.081711,1.02449,0.675299,0.0985347,1.45676,0.1188,2.57357,0.419568,0.0864267,2.35861,0.326122
128.127709751,0,0.0823433,1.24632,0.663786,0.00422185,1.70999,0.222485,2.11199,0.174932,0.0917727,3.11274,0.188744
128.174149660,0.0151939,0.00164946,1.48934,0.794156,0.000575192,1.83462,0.111826,1.75834,0.207547,0.0300977,3.17726,0.221677
128.220589569,0.0610058,0,1.53841,1.35625,0.0128784,1.64232,0.0301821,2.08689,0.169047,0.122621,2.54971,0.23789
128.267029478,0.113211,0.0503621,1.54364,1.53345,0.00704363,1.20197,0.143512,2.48239,0.175981,0.0551578,1.88362,0.578899
128.313469388,0.0791001,0.113335,1.59268,1.4548,0,0.568061,0.106399,2.91043,0.158856,0.0812731,1.76499,0.660544
128.359909297,0.0575432,0.0191495,1.56623,1.58623,0.0939412,0.215193,0.0791132,3.0979,0.158009,0.092339,1.9734,0.367548
128.406349206,0.054139,0,1.55235,1.70694,0.0744575,0.216437,0.0906199,3.21604,0.141439,0.0929444,2.14007,0.227759
128.452789116,0.0212736,0,1.60957,1.61792,0.0171894,0.131028,0,3.3646,0.112938,0.0796828,2.24298,0.277084
128.499229025,0,0,1.71454,1.28631,0.00676169,9.20118e-05,0.10165,3.26405,0.109948,0.0628941,2.23776,0.340522
128.545668934,0.000937087,0,1.86944,1.23387,0.0240364,0,0.225117,2.809,0.243577,0.0648537,2.32053,0.152624
128.592108844,0,0,2.09352,1.38177,0.024356,0.0705129,0.128277,2.42056,0.28329,0.0371504,2.26476,0.0446788
128.638548753,0,0,2.02302,1.45972,0.0315172,0.0901866,0.00638605,2.57901,0.219807,0.0287496,1.83027,0.0764542
128.684988662,0,0,1.92778,1.43981,0.0184578,0.0454048,0,2.7979,0.140925,0.0485972,1.83111,0.125183
128.731428571,0.508189,0,1.82931,1.47893,0.0158058,0.0338607,0.00125056,2.81517,0.00873592,0.307624,1.65526,0.124362
128.777868481,1.7349,0,1.1001,1.58829,0.0747829,0.558398,0.0828776,2.50567,0.0430335,0.681059,1.41757,0.0605392
128.824308390,2.37224,0,0.975711,1.07546,0.0375044,0.871674,0,2.55816,0.236264,0.878915,1.31009,0.138721
128.870748299,2.54076,0,1.16902,0.729958,0.00943126,1.17412,0.194419,2.43579,0.122889,0.927693,0.644401,0.102633
128.917188209,1.87109,0.207599,1.04528,0.52642,0.0196022,1.93924,0.369239,1.81586,0.12748,0.619514,1.08447,0.118884
128.963628118,0.347597,0.564977,0.882334,0.315957,0.0180179,2.79811,0.447768,1.3314,0.0942909,0.422515,1.8406,0.258962
129.010068027,0.515893,0.752461,0.239223,0.281969,0.00281713,2.88664,0.53155,0.455875,0.113803,0.66021,1.61162,0.159513
129.056507937,0.696626,0.792459,0.374156,0.413747,0.0264521,2.23868,0.609076,0.619703,0.127796,0.248982,1.52107,0
129.102947846,0.664637,0.681108,0.830036,0.139614,0.0315287,1.9909,0.451441,1.20412,0.136432,0.27702,1.80705,0
129.149387755,0.803636,0.399199,1.16421,0.192313,0,1.75041,0.446667,1.48869,0.115042,0.466263,1.90756,0
129.195827664,0.806894,0.0679822,0.902302,1.05946,0.00399031,1.70565,0.36477,2.15336,0.124405,0.788187,1.84031,0.0399884
129.242267574,0.714668,0.00611121,0.302401,1.77299,0.0204675,1.81967,0.038118,2.36751,0.152604,0.625921,2.13256,0
129.288707483,0.231424,0.0769294,0.176713,1.87953,0.43638,1.9278,0,1.59404,0.122898,2.06379,1.46091,0
129.335147392,0,0.116909,0.219624,0.858598,0.803911,1.27922,0,0.381668,0.11734,3.54349,0.854851,0.0495787
129.381587302,0,0.195639,0.262317,0.258361,1.03814,1.06622,0,0.201234,0.0873824,3.80023,0.947358,0.00657498
129.428027211,0,0.2468,0.334147,0.513198,0.998597,0.893437,0.0983831,0.320575,0.0542388,3.98534,0.7806,0
129.474467120,0,0.247897,0.51835,0.709817,1.0515,0.79538,0.0176115,0.252054,0.0470177,4.14828,0.674286,0
129.520907029,0,0.121388,0.654854,0.582022,0.944189,0.679,0.587383,0.0739184,0.0272826,4.16017,0.238267,0
129.567346939,0,0,0.677731,0.314687,1.07754,0.704606,0.845917,0.117075,0.0102624,3.88296,0.459661,0
129.613786848,0,0.0778841,0.343865,0.215925,1.18596,0.381938,0.259304,1.25923,0.126909,3.11298,1.74862,0.0481166
129.660226757,0.105004,0.0221697,0.105611,0.430478,1.49624,0.123497,0.0863203,1.74706,0.313536,1.45878,2.69506,0.31948
129.706666667,1.15095,0.0477382,0.313714,0.68636,1.62141,0.0522676,0.11822,1.36884,0.645805,0.300713,2.74183,0.0457607
129.753106576,1.64616,0.00297442,0.473643,1.02436,1.26203,0.000425671,0.147381,0.68389,0.57345,0.891551,2.21902,0.108065
129.799546485,1.91148,0,0.413526,1.22537,1.4786,0,0.295214,0.321188,0.515075,1.50236,1.60632,0.133435
129.845986395,2.00993,0,0.265573,1.3861,1.4019,0.00478304,0.379058,0.405499,0.360553,2.45572,0.959593,0.0113497
129.892426304,1.93382,0,0.252401,1.48981,1.19022,0.00226035,0.211884,0.481436,0.062136,3.2174,0.742613,0.00470521
129.938866213,1.79341,0,0.646043,1.54913,1.05473,0.0212609,0.165419,0.401632,0.00177645,3.37222,0.812522,0.0546251
129.985306122,1.34325,0.217303,1.18137,1.11749,1.30996,0.00802985,0.316975,0.400269,0.000484012,2.52698,1.46037,0
130.031746032,0.66825,0.318172,2.04134,0.0170546,1.52691,0,0.301397,1.20393,0.104298,1.81478,1.95356,0.142455
130.078185941,0.193194,0.0490206,1.98643,0.000992824,1.54973,0,0.240621,2.11929,0.144263,1.74106,2.04921,0.241417
130.124625850,0.422235,0.0841347,1.86957,0,1.63418,0,0.162471,2.34138,0.11173,1.46173,2.5578,0.0484848
130.171065760,0.0804066,0.184656,2.19804,0.160681,1.42985,0,0.0785352,2.25343,0.088582,0.842377,2.90592,0
130.217505669,0.365106,0.274799,1.89574,0.471021,0.444187,0,0.0152127,1.78983,0.071801,0.699898,2.91556,0.044619
130.263945578,0.104184,0.198859,1.7816,0.844411,0.170761,0.233273,0.0333416,1.64691,0.144269,0.867636,2.68956,0
130.310385488,0.0687035,0.0220002,1.91992,0.7611,0.389282,0.381479,0.0851316,1.78284,0.130077,0.947764,2.95836,0
130.356825397,0.104007,0,2.10221,0.563165,0.704842,1.14701,0.0830163,1.6481,0.102722,0.960396,2.4485,0
130.403265306,0.162856,0.00116584,2.21131,0.248866,0.863158,1.89559,0,1.42889,0.125157,0.91839,2.00849,0
130.449705215,0.170263,0.00194069,2.30907,0.0139237,0.829817,1.8595,0,1.23207,0.241661,0.703147,2.28243,0
130.496145125,0.523952,0,1.95739,0,0.701311,1.56232,0,1.76416,0.43509,0.271187,2.6346,0
130.542585034,1.26177,0,1.85942,0.0515087,0.290337,1.15005,0,2.20724,0.329777,0.217506,2.70622,0
130.589024943,1.63297,0.0017697,1.49608,0.166105,0,1.09944,0.000538137,2.35076,0.14318,0.196699,2.70354,0
130.635464853,1.42038,0.018346,1.48422,0.656071,0.136635,0.883575,0,2.18036,0.00822488,0.20994,3.29427,0
130.681904762,0.909067,0.00465016,1.6887,1.19428,0.108264,0.806345,0.0223217,1.77738,0.00876806,0.159095,3.54534,0
130.728344671,0.583524,0.173503,1.76582,1.35801,0.0574983,0.702834,0,1.68844,0.0453668,0.163042,3.52527,0
130.774784580,0.482003,0.183764,2.13434,0.835139,0.258338,1.07243,0,1.44989,0.213308,0.153988,2.97709,0.14972
130.821224490,0.667794,0.150207,2.44862,0.155167,0.421189,1.63791,0.0474069,0.563709,0.253766,1.49061,1.99512,0.157949
130.867664399,1.21787,0.287455,2.2735,0,0.48065,1.65191,0.309374,0.245624,0.255922,2.57359,0.949798,0.0389014
130.914104308,1.40919,0.459053,1.6933,0,0.811988,1.98533,0.0482108,0.146295,0.115126,3.13083,0.33455,0
130.960544218,1.51954,0.309886,1.30663,0,0.928798,2.58983,0.0884605,0.111179,0.0676876,3.02428,0.212385,0
131.006984127,1.65049,0.289246,0.767179,0,1.12592,2.80991,0.238952,0.181061,0.0320936,2.61402,0.433156,0.065898
131.053424036,1.75753,0.309425,0.508408,0.0093714,1.29895,2.32503,0.167706,0.144111,0.0303786,2.44446,0.34163,0.110409
131.099863946,1.70579,0.688998,0.374745,0,1.21016,2.45923,0.0388572,0.120353,0.106494,2.37807,0.150827,0.135771
131.146303855,1.59515,0.738019,0.356953,0,1.01405,2.61947,0.0321714,0.155463,0.0653068,2.30955,0.206017,0.247708
131.192743764,1.14603,0.526512,0.436383,0.0116118,0.643045,2.54212,0.0285649,0.37282,0.00977046,1.97034,0.294733,0.322995
131.239183673,1.02464,0.190186,0.457415,0.223672,0.325812,2.54983,0.0252909,0.192994,0,1.82487,0.437509,0.35933
131.285623583,1.25164,0.263353,0.394761,0.206181,0.147955,2.82377,0.0324686,0.0632953,0.0121721,2.28181,0.464153,0.34972
131.332063492,1.29949,0.319375,0.384842,0.100499,0.169263,3.19374,0.0382151,0.0604175,0.128164,2.80136,0.152665,0.17909
131.378503401,1.23466,0.310642,0.567809,0,0.416972,3.27738,0.0589637,0.0586094,0.214172,2.7785,0.335,0.0282459
131.424943311,1.10409,0.305024,0.957947,0,0.306696,3.03476,0.0804966,0.073216,0.156028,2.66725,0.586917,0.071102
131.471383220,0.807556,0.311782,1.33889,0.0426144,0.380338,2.72233,0.150115,0.377911,0.244401,2.34775,0.931579,0.0583862
131.517823129,0.294793,0.310878,2.00386,0.0139487,0.392746,2.54837,0.103469,0.582852,0.33382,1.73657,1.48995,0.279303
131.564263039,0.171482,0.392388,2.49502,0,0.291634,2.16631,0.0865186,0.822076,0.127553,1.59059,1.80392,0.330282
131.610702948,0,0.503341,2.58414,0,0.181648,2.02424,0.113887,1.13965,0.000467185,1.49422,1.82186,0.144592
131.657142857,0.0618756,0.534406,2.4072,0,0.0730438,1.96898,0.140213,1.08525,0,1.05962,1.96907,0.0859352
131.703582766,0.880397,0.432862,2.23444,0,0.0604649,1.8621,0.148137,0.838513,0,0.648335,2.06272,0.0792518
131.750022676,1.14314,0.295663,1.95152,0,0.0903768,1.83398,0.201355,0.746363,0.0211582,0.631134,2.75818,0.0130123
131.796462585,1.02812,0.187522,2.0169,0,0.0650712,1.99228,0.0972291,0.603236,0.031734,0.634297,3.02567,0.025531
131.842902494,0.929447,0.176201,1.92983,0,0.0232434,2.33743,0.0295752,0.619534,0.0328925,0.442654,2.89528,0.081787
131.889342404,1.32305,0.117593,1.94155,0,0.0187887,2.72817,0.0413122,0.508267,0.0135633,0.327257,2.45838,0.0956495
131.935782313,1.52172,0.0427253,2.13241,0,0.0135969,2.82119,0.122878,0.30454,0.0173699,0.154103,2.11973,0.12704
131.982222222,1.35724,0.0272422,2.24366,0,0.0195215,2.85609,0.0957961,0.186604,0.0292714,0.0207596,2.05608,0.113806
132.028662132,0.968078,0.00130786,2.22325,0,0.0247243,2.56433,0.0549865,0.39183,0.0191485,0.0120212,2.15763,0.122255
132.075102041,0.250977,0.181697,2.22288,0.241975,0.0233406,2.42757,0.0275738,0.846995,0.0397824,0.108365,1.8766,0.125304
132.121541950,0.52235,0.446019,2.19633,0.432358,0.0135918,3.13264,0.0738837,0.762323,0.0306817,0.426224,1.18722,0.133211
132.167981859,1.60346,0.329283,1.19025,0.291209,0.012879,3.62528,0.301451,0.251723,0.00697554,1.17384,0.66249,0.120914
132.214421769,2.03945,0.105299,0.573014,0,0.0166988,3.46424,0.274785,0.0362367,0.214187,1.40112,1.06134,0.125595
132.260861678,2.12594,0.0264597,0.469574,0,0.0242912,3.43638,0.0678589,0.12049,0.366597,1.44161,0.954072,0.188255
132.307301587,2.05265,0.0480671,0.593193,0,0.0422014,3.3045,0.0246321,0.291986,0.262783,1.49505,0.651111,0.196996
132.353741497,1.6287,0,1.12506,0,0.116598,2.87151,0.0352825,0.868002,0.312501,1.79865,0.556611,0.448013
132.400181406,1.06783,0,1.59273,0,0.148567,2.66384,0.158532,1.54457,0.196832,2.01927,0.278726,0.530565
132.446621315,1.30402,0,1.76729,0,0.175284,2.26888,0.593975,1.64528,0.0416761,1.93123,0.230952,0.0617343
132.493061224,1.59261,0.0496238,1.79868,0.0155062,0.508969,1.34444,0.512765,1.28369,0.0737188,1.60436,0.413349,0.0077878
132.539501134,1.24597,0.248524,1.62116,0,0.708162,0.55264,0.577204,0.947543,0.645695,1.04125,0.501921,0.0816725
132.585941043,1.38047,0.138027,1.32936,0,0.597661,1.34029,0.449873,0.843989,0.878134,0.597596,0.3721,0
132.632380952,1.59318,0,1.01615,0,0.38317,2.55201,0.235588,0.973022,0.612204,0.356252,0.21447,0.118982
132.678820862,2.16585,0,0.785304,0,0.22812,2.87857,0.185252,0.951231,0.0628518,0.420079,0.561749,0.224711
132.725260771,2.23177,0.0122347,0.875527,0,0.165414,2.86864,0.0666344,0.964232,0.00304695,0.735224,1.06031,0
132.771700680,1.79606,0.383548,1.20725,0,0.0452117,2.71102,0.0539928,0.71387,0.155556,1.29702,1.09885,0.0509199
132.818140590,1.52597,0.616537,1.40705,0,0.0209706,2.423,0.0546646,0.355357,0.269622,1.69571,1.07558,0.00269357
132.864580499,0.722033,0.984007,2.20255,0,0.0209382,2.78283,0.0433563,0.0872464,0.238319,1.6817,0.775174,0
132.911020408,1.21864,0.875482,2.241,0.00969423,0.381383,2.55088,0.221314,0.302467,0.013049,1.59937,0.506009,0
132.957460317,2.60366,0.0980103,1.24988,0.189324,0.528399,2.09148,0.443987,0.860118,0,1.27738,0.292557,0.0439701
133.003900227,3.02908,0.0269945,0.794921,0.213758,0.543351,2.12675,0.206258,0.875864,0.000913389,0.832367,0.269497,0.134596
133.050340136,3.18721,0,0.703691,0.0869672,0.33164,2.45843,0.132248,0.785657,0.10955,0.528119,0.495039,0.0611812
133.096780045,3.16636,0,0.413968,0,0.158846,2.87758,0.0413532,0.81832,0.0906358,0.441027,0.673329,0.0552393
133.143219955,2.86308,0.177677,0.560802,0,0.0502774,3.15862,0.0496869,0.876731,0.16487,0.390995,0.762599,0.143378
133.189659864,2.15327,0.289224,0.857325,0,0.0262391,2.56298,0.0480071,1.03787,0.242895,0.207002,1.12651,0.396349
133.236099773,1.80777,0.33105,1.40174,0,0.118184,2.00691,0.0359633,0.973354,0.088662,0.101627,1.79842,0.278903
133.282539683,1.73269,0.332179,1.83654,0,0.062985,1.97496,0.0273885,1.50685,0.0700233,0.0728363,1.55971,0.0761305
133.328979592,1.96301,0.0317331,2.15614,0,0.0666587,1.96502,0.198886,1.77542,0.0164287,0.12182,0.862827,0.029437
133.375419501,2.10037,0,2.49651,0,0.0762574,1.9652,0.335263,1.73528,0.190209,0.080219,0.356007,0.147811
133.421859410,2.33921,0,2.60277,0,0.0832038,1.9287,0.314422,1.51317,0.299404,0.273539,0.553454,0.0333204
133.468299320,2.4812,0.000190205,2.57995,0,0.0826867,1.94155,0.356034,1.30407,0.159053,0.318216,0.82919,0
133.514739229,2.02679,0.0399848,2.45292,0.0174716,0.0636657,1.80493,0.00744246,1.50805,0.103489,0.385682,0.926189,0.0166709
133.561179138,1.71308,0.0126234,2.14795,1.03115,0.052799,1.14046,0.00763159,1.79849,0.0705851,0.384152,0.900325,0.176447
133.607619048,1.42648,0,1.91768,1.11332,0.126732,1.08102,0.0271453,2.09681,0,0.1386,0.763791,0.734765
133.654058957,1.17792,0.0201871,1.72786,0.930355,0.243615,1.16565,0.0304508,2.01876,0,0.818541,0.809492,1.08012
133.700498866,0.846513,0.0591239,1.48698,0.64969,0.241703,1.35668,0.0961281,1.74721,0.0131951,1.45097,0.972291,0.846658
133.746938776,1.08468,0.0345054,1.58053,0.0319432,0.0202613,1.47075,0.0727908,1.28692,0.0246609,1.95695,1.01396,0.152963
133.793378685,1.20833,0,1.62239,0,0.0165585,1.52869,0.0299546,1.33354,0.191108,1.73061,0.892445,0.152863
133.839818594,1.22319,0,1.48294,0,0.0169157,1.64083,0.0259912,1.89619,0.371467,1.16694,1.087,0.157449
133.886258503,1.06997,0,1.52345,0.00186681,0.0174701,2.18744,0.0326063,2.32969,0.509769,0.747943,0.934987,0.215616
133.932698413,1.65328,0.0269337,1.20109,0.00975161,0.0155341,2.6358,0.0457374,2.46359,0.371529,0.822537,0.634461,0.223032
133.979138322,2.25983,0,0.69115,0.0950251,0.242217,2.75309,0.0477309,2.14307,0.307715,1.08542,0.189666,0.124995
134.025578231,2.09361,0,0.605387,0.0501843,0.300636,2.26907,0.0515681,2.08868,0.391163,0.859731,0.394379,0.0998735
134.072018141,1.95428,0,0.397742,0,0.601754,1.32999,0.0584807,2.54466,0.204807,0.630285,0.630375,0.139303
134.118458050,2.26607,0,0.154566,0,0.778401,1.19606,0.0516038,2.72704,0.115503,0.932154,0.52963,0.051838
134.164897959,2.67882,0,0.181075,0.00425672,0.463882,1.46055,0.185826,2.3393,0.0191771,1.45215,0.239127,0.0125199
134.211337868,2.73624,0,0.176735,0,0.350698,1.59347,0.235234,2.01661,0.0169318,1.82266,0.0867203,0
134.257777778,2.55725,0,0.0567975,0,0.442997,1.63152,0.0356642,2.20919,0.0651246,1.97393,0.164118,0
134.304217687,2.50762,0,0,0.0150438,0.518492,1.75845,0.149158,1.96901,0.0730106,1.91398,0.308009,0.028322
134.350657596,2.25388,0,0.0239279,0.0146039,0.594253,2.06417,0.0495368,1.70262,0.071946,1.4636,0.365462,0.234441
134.397097506,2.26553,0,0,0.00279733,0.613671,2.38809,0.0507131,1.47449,0.0076466,0.600479,0.669221,0.891995
134.443537415,2.34279,0,1.05161,0,0.554622,2.57197,0.0319041,1.14467,8.67559e-05,0.488381,0.466425,0.868954
134.489977324,2.24915,0.0588391,1.47573,0,0.338368,2.73617,0.0275666,0.909819,0.00326419,0.536203,0.145491,0.721393
134.536417234,2.2468,0.0561465,1.69957,0,0.0576215,2.9473,0.0300826,0.763432,0.00444862,0.662794,0.14771,0.482906
134.582857143,2.15336,0,1.5799,0,0.0224195,3.18363,0.034337,0.765608,0.00684089,0.757366,0.21019,0.240097
134.629297052,1.97352,0,0.847902,0.0118767,0.0222135,3.22735,0.0425217,0.948603,0.0115354,1.22565,0.146492,0.245081
134.675736961,2.19754,0.0215637,0,0.39294,0.0743358,3.14333,0.271775,0.818293,0.00950232,1.42874,0.141116,0.452322
134.722176871,2.22527,0,0,0.49408,0.125945,3.21929,0.207916,0.709062,0.00457273,1.25907,0.300487,0.486915
134.768616780,2.31308,0,0,0.405995,0.206525,3.62482,0.211517,0.727476,0.00283443,1.36383,0.12204,0.129818
134.815056689,2.35877,0,0.00185427,0.248303,0.117027,3.72876,0.0286041,0.880142,0.117656,1.298,0.411119,0.121125
134.861496599,2.56878,0.23295,0.271123,0.255769,0.0492504,3.30095,0.00700324,0.963558,0.0822478,0.765145,0.573511,0.0340177
134.907936508,1.85575,0.375707,1.50301,0.108954,0.0469844,2.82896,0.0037222,1.34009,0.105853,0.0986786,0.868184,0.494774
134.954376417,1.1404,0.126745,2.05442,0.0527584,0.171649,2.5096,0.024881,1.52744,0.106423,0.109807,1.37496,0.673684
135.000816327,1.18971,0,2.13277,0,0,2.44732,0.0640647,1.46857,0.127515,0.112993,1.31345,0.828892
135.047256236,2.00696,0,2.08408,0,0.0123927,2.56875,0.170664,1.33097,0.0113611,0.100941,0.893022,0.396202
135.093696145,2.52462,0,1.91848,0,0.0234371,2.40476,0.284831,1.33383,0.00523464,0.0736713,0.774311,0
135.140136054,2.77223,0,1.70501,0,0.0311993,2.18758,0.0466808,1.62983,0.0060312,0.462769,0.712278,0
135.186575964,2.62521,0,1.54402,0,0.0357839,2.25184,0.0417584,1.65533,0.105945,0.83771,1.03098,0
135.233015873,2.38019,0.178366,1.39784,0,0.0377286,2.94678,0.039515,1.13322,0.0141396,0.554559,1.50467,0
135.279455782,1.99641,0.210119,1.56543,0,0.0133446,3.00843,0.0550955,0.996809,0.0200515,0.402918,2.1176,0
135.325895692,1.5046,0,1.61469,0,0.0159594,2.77694,0.457602,0.66873,0,0.367989,2.4695,0
135.372335601,1.41169,0,1.7006,0,0.0152405,2.61243,0.77264,0.27289,0.0116446,0.273214,2.45569,0.0335799
135.418775510,1.33654,0,1.80887,0,0.0169675,2.78706,0.71926,0.18995,0.0168767,0.198837,2.37424,0.0107864
135.465215420,1.46431,0,1.8271,0,0.0196565,2.73574,0.479079,0.326923,0,0.199213,2.40326,0.0185598
135.511655329,2.01552,0,1.56949,0.0138914,0.0238763,2.42724,0.110965,1.0619,0.398738,0.192361,1.65574,0.11146
135.558095238,2.4546,0,1.18238,0.297339,0.022341,2.22422,0.102304,1.07961,0.558252,0.158613,0.641084,0.324867
135.604535147,2.63465,0.0164444,0.314571,0.489383,0.0187766,2.48775,0.115097,1.11887,0.504284,0.550367,0.0413203,0.387906
135.650975057,2.75121,0.0121394,0.246931,0.544955,0.0198581,3.41556,0.0834712,0.96142,0.32866,1.07041,0.0123554,0.100505
135.697414966,2.29182,0,0.502766,0.154891,0.0336687,3.6165,0.0331334,0.587241,0.12372,1.13953,0.893154,0.183972
135.743854875,1.48499,0,1.18211,0,0.0803355,3.07293,0.192398,0.176584,0.107273,0.782161,1.08571,0.194302
135.790294785,1.15757,0,1.7359,0,0.105152,2.41124,0.44939,0.447375,0.383445,0.197272,1.06819,0.32754
135.836734694,0.919094,0,2.2489,0,0.0912416,1.94583,0.571046,0.312657,0.436847,0.101415,0.92281,0.573051
135.883174603,0.920723,0,2.15436,0,0.163917,1.50602,0.593613,0.572942,0.298901,0.0308348,1.16363,0.699443
135.929614512,1.063,0.0538411,1.70024,0,0.459158,1.42777,0.298261,1.0428,0.187571,0.0251981,1.23008,0.546999
135.976054422,1.60356,0.047501,1.29149,0.00502825,0.576381,1.61869,0.094775,1.04481,0.249318,0.0833503,1.21279,0.33181
136.022494331,1.72867,0.171398,1.27863,0.0143821,0.366919,2.35294,0.108656,0.778871,0.208686,0.0727267,1.36296,0.228654
136.068934240,1.23875,0.117607,1.25719,0.0220857,0.0729025,2.97328,0.239085,0.349804,0.121214,0.119745,1.40448,0.719174
136.115374150,1.15032,0.307143,0.748188,0.0232156,0.112574,3.05003,0.0395884,0.610035,0.0755562,0.413591,1.17029,0.66465
136.161814059,0.940849,0.464531,0.361612,0.327448,0.146245,3.04458,0.0983987,0.883634,0.00230744,1.0239,1.06899,0
136.208253968,0.397204,0.727632,0.51452,0.0254315,0.0179016,2.74343,0.037239,0.734038,0,1.34705,1.56688,0.103159
136.254693878,0.249317,1.38137,0.753343,0.0267707,0.493594,1.78928,0.0496126,0.427441,0,1.12665,1.69025,0.0228627
136.301133787,0.236774,1.65762,0.776456,0.0184049,0.73673,1.60108,0.0616361,0.536421,0.0384085,1.07418,1.68996,0.0129327
136.347573696,0.243288,1.54459,0.960634,0.13783,0.760042,1.57883,0.229468,0.638141,0.00820033,0.882962,1.58829,0.0331343
136.394013605,0.256818,1.23944,1.04306,0.150971,0.701603,1.74255,0.28808,0.681175,0.00736412,0.506981,1.17686,0.720943
136.440453515,1.11764,0.651186,1.04528,0.0643273,0.536122,2.12243,0.32868,0.646462,0.0017286,0.277309,0.716091,0.701088
136.486893424,1.85983,0.136538,0.575404,0.0844948,0.172163,2.33113,0.0367801,0.935777,0.000497362,0.845057,0.169781,0.283235
136.533333333,1.92126,0.0426817,0.442282,0.00302145,0.39429,2.1588,0.0147603,1.26625,0.274415,1.40575,0.0765597,0.0108755
136.579773243,1.62584,0.103916,0.7386,0.00394597,1.28403,1.70636,0.0191531,0.882064,0.59163,1.62207,0.0625722,0.105434
136.626213152,1.10518,0.110739,1.20353,0.00339394,1.55174,1.67521,0.0299605,0.393287,0.537616,1.87023,0.934009,0.0485445
136.672653061,0.802138,0.220264,1.32126,0.0984343,1.51699,1.47714,0.0307305,0.394213,0.285461,2.10588,1.57189,0.000536834
136.719092971,0.772323,0.349846,1.42703,0.0725941,1.59389,1.70342,0.028891,0.388255,0.0341464,1.98514,1.67411,0.000659711
136.765532880,0.963725,0.486181,1.31103,0.00209717,1.62876,1.77341,0.0392478,0.491476,0.0355163,1.7115,1.3144,0.0234172
136.811972789,1.28203,0.359755,1.04206,0,1.4791,1.85674,0.0502354,0.428548,0.0504307,2.07301,0.575084,0.132994
136.858412698,1.63015,0.0441441,1.324,0,1.314,2.12316,0.0692445,0.0837906,0.189686,2.1599,0.45451,0.45604
136.904852608,1.72821,0.00107779,1.51626,0,0.873874,2.49836,0.293682,0.0393468,0.0706717,2.07216,0.625214,0.321807
136.951292517,1.71513,0.00201256,1.56349,0,0.369425,2.5412,0.196601,0.222298,0.0979092,1.66672,0.744545,0.00128796
136.997732426,1.46015,0.000883028,1.7581,0.00915391,0.37025,2.79478,0.0503645,0.541828,0.0876933,1.40225,0.712686,0
137.044172336,1.25471,0.000412342,1.85243,0.0156349,0.321727,2.8712,0.0336354,0.666245,0.0885478,1.17964,0.995472,0
137.090612245,1.07639,0.00124308,1.7632,0.0141591,0.153685,2.25943,0.0246368,0.926589,0.00288339,0.611432,1.87056,0
137.137052154,0.457727,0.0020603,2.28324,0.0153609,0,2.07473,0.0134491,1.47686,0.019676,0.411376,1.98685,0.0014882
137.183492063,0.12142,0.00219436,2.84158,0.015783,0,1.68882,0,1.71264,0.159302,0.424202,2.05377,0.0342605
137.229931973,0.186743,0.451981,2.51119,0.0145266,0,1.33945,0.274965,1.87218,0.158808,0.227123,2.1558,0
137.276371882,0.24084,0.921224,1.68874,0.0994688,0.0118271,1.40047,0.506954,1.77607,0.127471,0.108392,2.07347,0
137.322811791,0.200687,1.09408,0.964412,0.267537,0.00152376,1.97976,0.142185,2.08791,0.0355347,0.256441,1.68815,0.183938
137.369251701,0.32838,0.932324,0.864205,0.200812,0,2.18127,0,2.38543,0.0256725,0.427167,1.47528,0
137.415691610,0.335504,0.137688,0.837256,0.162295,0,2.46155,0.00727993,2.30919,0.0635358,0.378563,1.53622,0.0425274
137.462131519,0.275027,0.00144999,0.793431,0.528044,0,2.79359,0.0595933,1.8409,0.0776098,0.341223,1.59942,0.332826
137.508571429,0.143482,0.00573977,0.830012,0.590922,0.00285674,2.62998,0.171991,1.41532,0.11973,0.473745,1.53439,0.369553
137.555011338,0.644542,0.00137554,0.601266,0.354869,0.120224,2.15965,0.100542,0.960249,0.00900714,0.887257,1.6556,0.433608
137.601451247,1.37124,0.0170152,0.374901,0.0594187,0.139486,1.90731,0.0785638,0.867775,0.0225609,1.06917,1.98859,0.442816
137.647891156,1.38001,0.234847,0.263879,0.0828998,0.348087,2.0154,0.167236,0.983825,0.0108196,0.677955,2.01695,0.415359
137.694331066,1.30429,0.183287,0.313065,0.467313,0.0179897,1.78543,0.173649,1.49427,0.0281146,0.656485,2.30368,0.343129
137.740770975,1.03489,0.168727,0.269619,1.20261,0,1.15741,0.166049,2.33788,0.0787502,0.631089,2.486,0.205873
137.787210884,0.488238,0.0124234,0.632961,1.33789,0,0.712704,0.125972,2.88258,0.169523,0.518855,2.59427,0
137.833650794,0.194667,0.00162798,0.766421,1.3212,0,0.652557,0.0844261,3.06697,0.173431,0.527637,2.65475,0
137.880090703,0.478901,0.00103922,1.07582,1.48368,0,0.739948,0.00625211,2.88934,0.159038,0.337652,2.73629,0
137.926530612,0.702747,0,1.15507,1.74454,0.0904589,0.45651,0.00516992,2.94012,0.122015,0.0368839,2.64059,0
137.972970522,0.678947,0,1.31215,1.81871,0.149951,0.420611,0.00573673,3.08053,0.118582,0.00381977,2.58719,0
138.019410431,0.530985,0.0538509,1.22732,1.73095,0.142375,0.591873,0.00474732,3.38858,0.118175,0.174597,2.81988,0
138.065850340,0.43136,0.0790273,1.14735,1.6512,0.108474,0.746117,0.00333343,3.52005,0.120695,0.230378,2.62406,0
138.112290249,0.122263,0.0183969,1.07021,1.56267,0.168956,0.74018,0.00263231,3.76657,0.132021,0.0457246,2.44642,0
138.158730159,0.0144739,0,1.00326,1.54713,0.161855,0.545936,0.00418292,3.84885,0.13927,0.0134566,2.31499,0
138.205170068,0.0707085,0,0.853395,1.60414,0.0295511,0.370672,0.00783887,3.54578,0.104738,0.283388,2.47163,0
138.251609977,0,0,0.970119,1.71613,0.079879,0.515315,0.0126313,3.01686,0.0654461,0.2033,2.56297,0.0200528
138.298049887,0,0.00515191,1.24241,1.70913,0.119981,0.736241,0.017942,2.65321,0.0870061,0.110564,2.5332,0.0057278
138.344489796,0,0.114783,0.787815,1.81719,0.0769648,0.756995,0.211952,2.34441,0.104372,0.367685,2.50886,0
138.390929705,0,0.0626186,0.611463,2.1205,0.0530652,0.527977,0.351044,2.29671,0.129376,0.357304,2.58473,0
138.437369615,0.103801,0.000251088,0.565331,2.18725,0.0202027,0.363821,0.241392,2.43789,0.191323,0.129671,2.6176,0
138.483809524,0.284278,0.000559364,0.688936,2.09939,0.0224845,0.407625,0.00829487,2.29005,0.179346,0.0992491,2.55405,0.108529
138.530249433,0.35687,0.000270878,0.758746,1.94865,0.0408587,0.672255,0.127407,1.96777,0.182146,0.0561514,2.58512,0.142926
138.576689342,0.457222,0,0.712874,1.88288,0.177888,0.556551,0.236211,1.90029,0.185065,0.0163946,2.70727,0.126116
138.623129252,0.446991,0,0.621997,1.96136,0.237334,0.491166,0.108803,2.12644,0.187704,0.00603877,2.74719,0.119489
138.669569161,0.272689,0,0.561745,2.08451,0.241396,0.546843,0.04645,2.32826,0.190941,0.0780345,2.80145,0.0747632
138.716009070,0.0171495,0,0.6249,2.2059,0.233524,0.545848,0.0236271,2.28197,0.187852,0.0908243,2.79641,0
138.762448980,0,0.0392185,0.508427,2.35022,0.223747,0.630127,0.0129732,1.99449,0.16747,0.33201,2.54169,0
138.808888889,0,0.0481638,0.225645,2.37752,0.214659,0.734266,0.0141005,2.11283,0.144489,0.406497,2.4511,0
138.855328798,0,0.0836983,0.293414,2.27525,0.202006,0.776733,0.0135371,2.28789,0.136536,0.219847,2.65409,0
138.901768707,0,0.10269,0.533298,2.04516,0.201287,0.711493,0.0114554,2.5637,0.14782,0.00978718,2.78704,0
138.948208617,0.361908,0.0333514,0.501903,1.95348,0.20542,0.421631,0.0117441,3.08528,0.124278,0.0121817,2.33646,0
138.994648526,1.34134,0.0566476,0.239877,1.69252,0.202066,0.401168,0.0131613,3.27552,0.0979439,0.0179763,1.7956,0.00358614
139.041088435,2.25573,0.0799534,0.223942,1.70204,0.186677,0.431349,0.0138204,2.98921,0.0971643,0.0197113,1.46993,0.0171516
139.087528345,2.63586,0.0275108,0.21433,1.65167,0.176188,0.470066,0.0146035,2.65462,0.0949592,0.0201513,1.07996,0.0790762
139.133968254,2.75377,0.026528,0.236353,1.48914,0.168328,0.483056,0.0147338,2.7848,0.0929917,0.0195275,0.912094,0.165636
139.180408163,2.65529,0.0332472,0.225878,0.896685,0.149928,0.343787,0.0104537,3.00784,0.0889062,0.0187391,1.34796,0.299317
139.226848073,2.41153,0.0684499,0.208524,0.467086,0.127238,0.339348,0.00567295,3.1258,0.0888042,0.0193598,1.5006,0.481541
139.273287982,2.40168,0.0565266,0.218601,0.997339,0.160937,0.340954,0.00737944,2.93702,0.0970953,0.0197203,1.52978,0.26261
139.319727891,2.4019,0.033119,0.223632,1.37299,0.120544,0.38297,0.0093191,2.7212,0.0616299,0.0186952,1.71378,0.139037
139.366167800,2.08767,0.00561821,0.223808,1.40989,0.19252,0.409378,0.0183445,2.85357,0.0397122,0.017133,1.88349,0.143264
139.412607710,1.77114,0.0382825,0.206759,1.16234,0.0832882,0.39795,0.00509014,3.11196,0.136592,0.0389405,1.95673,0.187155
139.459047619,2.0874,0.00504244,0.165443,1.13126,0.105907,0.315719,0.00141621,2.94776,0.129203,0.103232,1.91105,0.0367821
139.505487528,2.07824,0,0.119684,1.36329,0.147409,0.334702,0.00213845,2.75974,0.0896354,0.133124,1.99567,0
139.551927438,1.70546,0,0.10813,1.77365,0.164131,0.306692,0.00402015,2.73165,0.0245502,0.375734,1.89036,0.0406015
139.598367347,1.60161,0.044369,0.632685,1.84819,0.138476,0.300658,0.0042303,2.842,0.0280678,0.499241,1.46972,0.292479
139.644807256,1.58529,0.0639933,1.46737,1.62238,0.0335513,0.368659,0.0135029,2.65884,0.0653771,1.02097,1.1036,0.378094
139.691247166,1.1984,0.0677123,1.91128,1.51797,0.0367702,0.390237,0.0420877,2.44648,0.084618,1.01349,1.53446,0.462944
139.737687075,1.00581,0.0789437,2.11978,1.54453,0.0448904,0.386399,0.0457072,2.50513,0.0756021,0.928573,1.82059,0.387282
139.784126984,1.28724,0.0593813,1.96098,1.56147,0.115843,0.347221,0.0239064,2.83921,0.0448664,0.736585,2.03753,0.0208098
139.830566893,1.41075,0.0271079,1.86822,1.64024,0.0829628,0.344227,0.00960949,2.96033,0.00350927,0.547065,1.87777,0
139.877006803,1.2003,0.023527,1.92617,1.68874,0.151384,0.334341,0.00585354,2.92781,0.0011764,0.558356,1.70721,0.0235476
139.923446712,0.782745,0.0330001,2.01448,1.80251,0.148224,0.347291,0.00564431,2.78732,0.00382369,0.588617,1.80351,0
139.969886621,0.811588,0.0283318,2.11156,1.82112,0.131213,0.323363,0.00618249,2.43337,0.000728811,0.540798,1.81807,0
140.016326531,1.26022,0.0318611,2.32182,1.6552,0.137583,0.256401,0.0154531,1.88096,0.0124444,0.72965,1.47612,0
140.062766440,1.37287,0.0384692,2.53776,1.29456,0.0277702,0.224382,0.0140602,1.64786,0.0491275,1.00447,0.997721,0
140.109206349,1.4196,0.0476927,2.32407,1.47901,0.0400409,0.220299,0.00607983,1.76209,0.0647886,1.01112,1.2611,0
140.155646259,1.38064,0.0479953,2.13628,1.73472,0.0349825,0.262098,0.00669166,1.99292,0.0598922,0.706693,1.70704,0
140.202086168,1.16218,0.0360916,2.08485,1.87382,0.105166,0.246374,0.00142577,2.04573,0.0271816,0.598016,1.92136,0
140.248526077,0.917337,0.0111512,1.95507,1.92184,0.217984,0.185026,0.00596214,1.8376,0.00705727,0.508087,2.16579,0.056428
140.294965986,0.713702,0,1.6942,1.93026,0.461293,0.402636,0.00622296,2.01719,0.0134538,0.470939,2.34971,0.129213
140.341405896,0.570421,0,1.36572,1.89334,0.25374,0.568403,0.0404096,2.35876,0.0139694,0.442762,2.33206,0.212355
140.387845805,0.511956,0,1.06985,1.82165,0.217224,0.535713,0.0749595,2.43692,0.034625,0.42081,2.35718,0.170758
140.434285714,0.796779,0,0.424718,2.49,0.100317,0.717256,0.000290426,2.23559,0.0271426,0.519632,2.05544,0.884994
140.480725624,0.894104,0,0.421265,2.64851,0.0663074,0.853071,0.000230717,2.14288,0.00525192,0.572911,2.00724,0.829016
140.527165533,0.827219,0,0.424529,2.76168,0.103013,0.825841,0.00530782,2.24182,0.00299557,0.569184,1.98862,0.618665
140.573605442,0.870915,0.000101521,0.344924,2.73413,0.0328017,0.910649,0.00112795,2.67712,0.0161078,0.443353,2.05765,0.261291
140.620045351,1.03408,0.000537053,0.385828,2.52995,0.0292715,1.19391,0,2.76065,0.0137457,0.288654,2.0473,0
140.666485261,1.10158,0.000849804,0.245854,2.57036,0.0359838,1.2179,0.00305046,2.47654,0.00403039,0.263542,2.15713,0
140.712925170,1.06347,0.00203853,0.0285928,2.75972,0.122279,1.04498,0.00147429,2.03647,0.000849371,0.286176,2.18084,0.215034
140.759365079,1.03181,0.00210397,0.0557284,2.83272,0.0631341,0.881102,0,1.61228,0.000732866,0.225012,2.18325,0.544532
140.805804989,0.917854,0,0.245437,2.87997,0.0326324,0.881703,0.00814239,1.39215,0.000815875,0.113807,2.15946,0.376506
140.852244898,0.808109,0.000572599,0.458927,2.83396,0.0286322,0.787692,0.170767,1.18122,0.0100246,0.133706,2.28607,0.118655
140.898684807,0.738461,0.00133691,0.579438,2.64216,0.0966876,0.892377,0.169105,1.62966,0.0129492,0.276144,2.23854,0.0291734
140.945124717,0.721904,0.00192571,0.335692,2.2953,0.0277808,1.03262,0.0816099,2.15414,0.0207188,0.193093,2.18551,0.145819
140.991564626,0.744217,0.00342828,0.304589,1.92026,0.229047,0.812196,0.0070237,2.39384,0.0233839,0.144962,2.20885,0.26444
141.038004535,0.883782,0.000332002,0.400214,1.55319,0.287121,0.811954,0.161885,2.09029,0.141935,0.163271,2.31676,0.0531926
141.084444444,0.873983,0.0187097,0.568969,1.34192,0.220212,0.966986,0.34277,2.00919,0.262929,0.137115,2.09446,0
141.130884354,0.74284,0.0225412,0.975044,1.14003,0.152929,0.938696,0.390064,2.23922,0.304044,0.181856,1.79777,0
141.177324263,0.660306,0,1.13436,0.88666,0.0805481,0.841869,0.317112,2.85434,0.2389,0.148542,1.82747,0.100717
141.223764172,0.621085,0,0.899415,1.09591,0.0160589,0.621543,0.362889,3.39387,0.118392,0.131632,1.98503,0.0852696
141.270204082,0.450839,8.45484e-05,0.943375,1.56361,0.0198858,0.354624,0,3.89983,0.135536,0.097448,2.04679,0.0925839
141.316643991,0.34966,0,1.26565,1.86261,0.0143832,0.369993,0,4.10501,0.131006,0.0533227,1.82157,0.0312041
141.363083900,0.323657,0,1.41012,1.81775,0.00773475,0.55143,0.00166691,4.03181,0.131902,0.020331,1.67816,0.187256
141.409523810,0.295012,0,1.64058,1.6792,0.0616569,0.642988,0.0029374,3.8249,0.142778,0.0113164,1.87712,0.129655
141.455963719,0.245553,0,1.83572,1.54659,0.137013,0.682469,0.00360908,3.54964,0.142978,0.0109946,1.83754,0
141.502403628,0.223666,0,1.56696,1.49531,0.248152,1.00477,0.00314249,3.37843,0.124928,0.0404757,1.63347,0.127455
141.548843537,0.210656,0,1.05242,1.49935,0.287624,0.954071,0.00330667,3.15098,0.106646,0.0166053,1.81532,0.374804
141.595283447,0.161575,0.00857982,1.27749,1.45239,0.316831,0.754684,0.00318488,2.89301,0.0928368,0.0148602,1.96036,0.489315
141.641723356,0.132056,0.0120955,1.35231,1.43033,0.291709,0.722841,0.00580234,3.1222,0.0864235,0.106059,2.14594,0.446661
141.688163265,0.162786,0,1.36382,1.28432,0.15975,0.509294,0.203027,3.48414,0.117621,0.155296,2.26145,0.213423
141.734603175,0.199813,0,1.25323,1.21855,0.112322,0.0724884,0.276518,3.56499,0.16424,0.204631,2.55519,0.00820441
141.781043084,0.157278,0.0884781,1.23099,1.55312,0.0802287,0.156702,0.384032,3.31171,0.161756,0.274044,2.6721,0
141.827482993,0.0986357,0.106079,0.953722,2.0562,0.0467323,0.271753,0.385062,3.20502,0.0716749,0.350516,2.71033,0
141.873922902,0.062474,0.00946367,0.905902,2.29046,0.0738616,0.485602,0.322095,2.673,0.100798,0.379916,2.63174,0
141.920362812,0.00878322,0.000164906,0.930316,2.44043,0.0361941,0.715423,0.0293004,2.38415,0.148989,0.39007,2.56118,0
141.966802721,0.039844,0,1.00179,2.29926,0.051199,0.795234,0.0696487,2.22624,0.172847,0.459539,2.63922,0.0194501
142.013242630,0.0709845,0,1.09042,1.95077,0.0485392,0.614134,0.0162121,2.22685,0.171454,0.661175,2.68074,0.321481
142.059682540,0.0696812,0,1.09321,1.76373,0.0715751,0.610149,0.00424534,2.54879,0.16953,0.668524,2.48533,0.407459
142.106122449,0.0651419,0,0.867123,1.83474,0.160597,0.640644,0.0047262,2.96285,0.166891,0.521614,2.35778,0.182665
142.152562358,0.0567033,0,0.86501,1.8577,0.181281,0.557425,0.00547057,3.26614,0.144364,0.375025,2.61374,0
142.199002268,0.0227247,0,0.947052,2.05705,0.15191,0.459312,0.00732516,3.28047,0.105964,0.43761,2.86747,0
142.245442177,0.00127483,0,0.930223,2.25817,0.14746,0.437292,0.00968947,3.0789,0.0902798,0.420979,2.99415,0
142.291882086,0,0,0.856343,2.46886,0.18446,0.420068,0.00960336,2.78894,0.0900523,0.336917,3.0123,0
142.338321995,0.0961919,0,0.718219,2.449,0.218927,0.397721,0.00962571,2.65123,0.0922239,0.238386,3.11805,0
142.384761905,0.602284,0,0.212153,2.00038,0.22036,0.419264,0.0126915,2.70213,0.102468,0.322616,3.09638,0
142.431201814,1.16539,0.117972,0.231698,1.2831,0.234109,0.397212,0.0216884,2.73129,0.107714,0.197785,2.79959,0
142.477641723,1.71771,0.184293,0.179219,0.684761,0.327449,0.67945,0.0300067,3.09446,0.0971437,0.144476,2.19996,0.127768
142.524081633,2.14758,0.11839,0.114141,0.498677,0.368901,0.861008,0.0240752,3.09796,0.0928909,0.583232,1.8059,0.36078
142.570521542,2.49357,0,0.0867849,0.530836,0.305332,0.770543,0.0144397,2.73089,0.0906318,0.309425,1.92079,0
142.616961451,2.21429,0,0.0756619,1.04598,0.286614,0.5385,0.0136643,2.68206,0.088244,0.252708,2.04907,0
142.663401361,2.13312,0,0.098564,1.44699,0.282652,0.509654,0.0148591,2.81072,0.0824681,0.279663,1.92726,0
142.709841270,2.29294,0,0.118609,1.6372,0.288404,0.566419,0.0257216,2.75161,0.0686271,0.250213,1.88509,0
142.756281179,2.41549,0,0.118689,1.73709,0.287531,0.539054,0.0319327,2.56687,0.0506817,0.112716,1.78412,0
142.802721088,2.40218,0,0.0621102,1.81797,0.247655,0.372257,0.0465086,2.29306,0,0.00179442,1.95821,0
142.849160998,2.27067,0,0.0226924,1.71962,0.229767,0.276261,0.131346,2.14718,0,0.0243544,2.12751,0
142.895600907,2.34094,0,0.00796367,1.79136,0.286794,0.24199,0.0604789,2.08187,0,7.12492e-05,2.13322,0
142.942040816,2.48777,0,0.00860499,1.62112,0.324804,0.415604,0.0440681,2.06892,0.0522125,0,1.99062,0
142.988480726,2.58525,0,0,1.44806,0.314093,0.347721,0.027887,2.07936,0.0796542,0.0129248,1.93007,0
143.034920635,2.4677,0.0373587,0.0619195,1.33089,0.266811,0.297479,0.0509775,2.35266,0.0952916,0.54331,1.83654,0
143.081360544,2.0435,0.136088,1.00242,1.06411,0.241026,0.335644,0.069465,2.23837,0.105001,1.19466,1.78756,0
143.127800454,1.73502,0.146102,1.19556,1.08877,0.477718,0.361585,0.0786653,2.1962,0.0946986,1.47442,1.6789,0
143.174240363,1.73327,0.128189,1.19086,1.06281,0.561027,0.401527,0.068539,2.15381,0.077831,1.50437,1.48492,0.0840123
143.220680272,1.70709,0.0719968,1.50372,1.18433,0.215243,0.399432,0.0389372,2.29135,0.0628639,1.11299,1.39215,0.0614517
143.267120181,1.26119,0.0260313,1.77614,1.41577,0.253351,0.359211,0.00939386,2.60704,0.0763858,0.541276,1.58251,0.133465
143.313560091,0.69007,0.0240207,1.74357,1.48873,0.24707,0.291735,0.00972548,2.92783,0.0809197,0.182755,1.93042,0.128921
143.360000000,0.46723,0.0232944,1.69008,1.42421,0.265696,0.254205,0.0150901,3.13771,0.0794549,0.0864572,2.28657,0.011154
143.406439909,0.876324,0.027666,1.57741,1.50496,0.207285,0.235525,0.0191877,2.92146,0.0887718,0.298954,2.17097,0
143.452879819,1.21781,0.0206194,1.36006,1.47913,0.177944,0.309806,0.0156587,2.43043,0.096908,0.565379,1.8749,0
143.499319728,1.43768,0.000451059,1.5103,1.50164,0.137648,0.350683,0.259251,1.96586,0.0656689,0.849694,1.6143,0
143.545759637,1.14109,0,1.90645,1.52315,0.141705,0.336684,0.291982,1.8395,0.0361429,1.01112,1.79399,0
143.592199546,0.833827,0,2.1726,1.47379,0.132463,0.309037,0.111613,1.87557,0.0454278,0.927424,2.08076,8.14453e-06
143.638639456,0.73,0,2.14042,1.17963,0.181683,0.302555,0.0189989,1.81127,0.119889,0.76956,2.49999,0.0122262
143.685079365,1.06321,0.000794094,2.29212,1.19278,0.084927,0.316305,0.0388159,1.95359,0.0619586,0.499582,2.53549,5.7033e-05
143.731519274,1.13296,0.00105265,2.483,1.18249,0.00994152,0.372945,0.026914,2.23296,0.0130376,0.392662,2.32381,2.23904e-05
143.777959184,1.04009,0.000507346,2.40463,1.29777,0.016865,0.381743,0.0236911,2.42125,0.00221198,0.370943,2.27332,0
143.824399093,0.661734,0,2.4179,1.2718,0.0336162,0.500497,0.00704211,2.56469,0,0.424165,2.15541,0.328481
143.870839002,0.52279,0.000813199,2.49285,1.05747,0.0704665,0.61547,0.00543718,2.58065,0,0.517138,2.12052,0.559572
143.917278912,0.593395,0.00196337,2.38219,0.743991,0.157122,0.617275,0.00387425,2.92808,0.0543932,0.335223,2.39963,0.366914
143.963718821,0.683057,0.0015377,2.30292,0.888979,0.18045,0.477307,0.01115,3.25173,0.0940174,0.020702,2.54131,0.193481
144.010158730,0.735974,0,2.33059,0.977135,0.131962,0.457322,0.00674418,3.31992,0.113237,0.0125546,2.52145,0.0856764
144.056598639,0.855176,0.00323197,2.09447,1.33631,0.0281912,0.462819,0.00721687,3.28265,0.0580979,0.0102491,2.27096,0.0209843
144.103038549,0.904352,0.0135544,1.6413,1.58074,0.0316548,0.570372,0.00379437,3.11738,0.0176821,0.0134979,2.04087,0.0453017
144.149478458,0.919727,0.0204232,1.60011,1.49576,0.105901,0.694825,0.0328171,2.76823,0.00315037,0.000907955,2.04985,0.108738
144.195918367,0.999422,0.0150108,1.74085,1.37264,0.0254592,0.859513,0.0122488,2.2164,0,0.238263,2.06238,0.152303
144.242358277,0.998657,0.00263328,1.857,1.34533,0.0271329,1.02703,0,2.08142,0,0.431139,1.86896,0.140266
144.288798186,0.984892,0.00132568,1.91583,1.11729,0.0130334,0.960071,0,2.15382,0.0252015,0.425582,1.82765,0.133087
144.335238095,0.999218,0.0019953,2.00867,0.781805,0.0181852,0.995287,0,2.45635,0,0.478101,1.80073,0.137461
144.381678005,1.08817,0.0017528,1.96835,0.663803,0,1.02473,0,2.64176,0.025616,0.402443,1.86416,0.0968178
144.428117914,1.17968,0,1.99587,0.878181,0.015083,1.00753,0.200758,2.52418,0.0490072,0.206486,1.98063,0
144.474557823,1.39629,0,1.76401,0.337994,0.232189,0.822221,0.25011,2.5406,0.0881922,0.156793,2.39268,0
144.520997732,1.69636,0,1.60519,0.243514,0.870054,1.5005,0.320784,1.78198,0.0556438,0.139937,1.93196,0.021953
144.567437642,2.20842,0,1.59978,0.136527,0.84888,2.41604,0.329213,0.787534,0.136844,0.371208,0.863253,0.109052
144.613877551,2.20666,0,1.37762,0.000483519,0.614781,2.92312,0.323095,0.521855,0.170222,1.22933,0.691114,0.115499
144.660317460,2.36446,0,1.15216,0,0.446734,3.3113,0.219145,0.406306,0.115649,1.43225,0.881247,0
144.706757370,2.46555,0.000224332,1.11796,0,0,3.44682,0.0372907,0.231156,0.16308,1.12806,0.989513,0.0727263
144.753197279,2.92974,0.000105644,1.26972,0,0,3.30638,0.00607354,0.123771,0.162677,0.801371,0.667414,0
144.799637188,2.83523,0,1.15104,0,0.0428768,3.70126,0.0196787,0.0444483,0.153446,0.903983,0.232461,0.00587157
144.846077098,2.58739,0,1.01487,0,0.0986019,3.99969,0.00829291,0.0655881,0.145963,0.894884,0.337367,0.00560111
144.892517007,2.35673,0,0.894141,0.00536873,0.122344,4.07703,0.0103746,0.0740401,0.12866,1.11002,0.673271,0.00469376
144.938956916,2.13931,0,0.718386,0.0858341,0.139154,4.15549,0.013392,0.0712467,0.105916,1.16092,0.569964,0.00743037
144.985396825,2.13917,0,0.414538,0.136406,0.116337,4.22067,0.0142706,0.0690077,0.0969696,1.42083,0.35421,0.00604855
145.031836735,2.37545,0,0.183753,0.151349,0.11559,4.08399,0.0144335,0.0750803,0.0943986,1.75344,0.494638,0.000754697
145.078276644,2.40996,0,0.331796,0.130318,0.00607288,4.14414,0.0112742,0.0655638,0.0944573,1.87214,0.598277,0.012045
145.124716553,2.17119,0,0.675115,0.0857238,0,4.1511,0.00741557,0.00562176,0.1165,1.72701,0.42235,0.00762723
145.171156463,1.77747,0,0.946344,0.0265313,0,4.0686,0.056414,0.00190848,0.104,1.637,0.347875,0.271886
145.217596372,1.42834,0,1.2691,0.00313986,0.0088752,3.83984,0.153235,0.00141839,0.214179,1.81752,0.232712,0.228317
145.264036281,1.1889,0,1.43981,0.00430901,0.000954664,3.45738,0.155173,0.00441976,0.28231,2.07521,0.210154,0.0974011
145.310476190,1.09723,0.0274558,1.51271,0.0019237,0,3.52805,0.0598315,0,0.149395,2.32572,0.246304,0
145.356916100,1.21956,0.000161864,1.6483,0.00538975,0,3.66474,0,0.0100143,0.116982,2.50609,0.177882,0
145.403356009,1.42624,0.000491606,1.53546,0.00509749,0.106709,3.50228,0,0.05925,0.15603,2.43268,0.172316,0.0301356
145.449795918,1.56711,0,1.33826,0,0.175887,3.07286,0.00274618,0.076624,0.154208,2.57495,0.128943,0.0565728
145.496235828,1.5933,0,1.26543,0,0.128139,2.75021,0.00598818,0.0842497,0.137483,2.65108,0.376407,0.0835566
145.542675737,1.35104,0,1.22289,0,0.154791,3.17284,0.0075475,0.0941356,0.187177,2.18455,0.272014,0.153935
145.589115646,1.24674,0.0518854,1.22695,0,0.163862,3.3486,0.00534367,0.0933144,0.190533,2.28,0.104936,0.157341
145.635555556,1.11683,0.0740565,1.2367,0,0.162871,3.46671,0.00354739,0.0826916,0.127763,2.60069,0.0948204,0.0875924
145.681995465,1.04183,0.060493,1.33896,0,0.265135,3.39561,0.00393002,0.075714,0.117706,2.73443,0.390258,0.0418071
145.728435374,1.14066,0.0333714,1.488,0,0.200682,3.28469,0.00650335,0.0809913,0.11697,2.66342,0.70442,0.0603867
145.774875283,1.69745,0.162768,1.24881,0,0.142505,3.31018,0.00719042,0.351303,0.109816,2.19974,0.936681,0.0534933
145.821315193,2.18806,0.116214,0.48509,0,0.138963,3.18756,0.0125879,0.877424,0.0880345,1.27298,0.905614,0.0635359
145.867755102,2.77332,0.0488135,0.185224,0,0.141509,2.82285,0.0215711,1.27736,0.094148,0.736057,0.766618,0.0069651
145.914195011,3.2014,0,0.0500864,0.00546856,0.151766,2.43425,0.0317756,1.43101,0.0908936,0.42864,0.84101,0
145.960634921,3.25518,0,0,0.00358688,0.159961,2.39828,0.034202,1.4015,0.0861233,0.725584,0.711922,0
146.007074830,3.20885,0,0,0.000707336,0.197287,2.54734,0.0279172,1.23151,0.0810673,0.990516,0.631004,0
146.053514739,3.08462,0,0,0.000943034,0.219081,2.89812,0.0184111,1.12618,0.0797302,1.09888,0.600188,0
146.099954649,3.0058,0,0,0.00665621,0.12191,2.88922,0.0151409,1.15144,0.0826647,1.41492,0.74564,0.0124292
146.146394558,2.94386,0,7.6054e-05,0.0214761,0.20495,2.87198,0.0184387,1.30453,0.0875121,1.64176,0.849474,0.00276171
146.192834467,2.9003,0,0.0324758,0.0041892,0.208513,2.72804,0.0219351,1.40419,0.098242,1.84682,0.679772,0.0664463
146.239274376,2.82465,0,0.0907317,0,0.127456,2.70569,0.0197823,1.19739,0.10123,1.92494,0.634169,0.160911
146.285714286,2.96476,0,0.110753,0,0.252489,2.40485,0.0234239,0.915467,0.106984,1.62966,0.922781,0.422828
146.332154195,3.0405,0,0.0815296,0.00121554,0.397215,2.49073,0.0406848,0.846024,0.054676,1.02312,0.9996,0.334635
146.378594104,3.02006,0.000351349,0.0709253,0.000823773,0.558663,2.50353,0.0534223,0.864097,0.011346,0.823304,0.897864,0.0234064
146.425034014,2.91314,0,0.324149,0.00268613,0.362065,2.44994,0.0233896,0.790097,0.01808,1.09167,0.747449,0
146.471473923,2.59159,0.0733838,0.81539,0.00124634,0.0363742,2.12515,0.184439,0.592741,0.112511,1.46774,0.711302,0
146.517913832,2.19941,0.148627,1.33186,0,0.0383412,1.90454,0.21243,0.777482,0.0969737,1.84336,0.758354,0
146.564353741,2.04985,0.176477,1.81869,0,0.0564412,1.78039,0.0396898,0.75171,0.0566576,2.185,0.773538,0
146.610793651,1.7274,0.157691,2.15632,0,0.0542955,2.01516,0.0326189,0.641039,0.0173311,2.63783,0.422922,0
146.657233560,1.73735,0.119822,2.41356,0,0.036958,2.29916,0.0120543,0.495106,0.0153007,2.70126,0.153301,0
146.703673469,1.79616,0.0740737,2.34371,0,0.0333278,2.42072,0.00871653,0.395942,0.102976,2.59944,0.201272,0
146.750113379,1.84309,0.0334713,2.33265,0,0.194228,2.21913,0.0185335,0.590261,0.110457,2.55713,0.372331,0
146.796553288,1.82699,0.0113176,2.37484,0,0.289373,1.91901,0.0505942,0.858844,0.0575294,2.52727,0.527383,0
146.842993197,1.5928,0.0010361,2.47359,0,0.270419,1.86204,0.0509802,0.857237,0,2.63223,0.507118,0.0117284
146.889433107,1.2572,0.001732,2.56269,0,0.182538,1.8391,0.121238,0.603196,0.00112247,2.74503,0.464497,0.0432905
146.935873016,0.999927,0.00245909,2.57768,0,0.108531,1.72164,0.226988,0.410093,0.00119023,2.69059,0.507954,0.0158054
146.982312925,1.21142,0.00298116,2.6784,0,0.0282504,1.54977,0.27367,0.261265,0.000772339,2.39758,0.626879,0
147.028752834,1.16711,0.0029616,2.81587,0,0.00445155,1.6092,0.25388,0.24986,0.0146178,2.59419,0.479525,0
147.075192744,1.2815,0.04235,2.78476,0,0,1.71317,0.4062,0.295608,0.0196615,2.77238,0.272265,0.0363796
147.121632653,1.18369,0.0373675,2.2625,0.0941902,0,1.82066,0.517668,0.418942,0.0224357,2.42312,0.797214,0.072387
147.168072562,0.982227,0.0232705,1.82401,0.442439,0,2.19262,0.643627,0.494307,0,2.59672,0.988736,0.0733445
147.214512472,0.979858,0.021212,1.81426,0.241283,0,2.42287,0.560929,0.77709,0,2.54784,1.13067,0.0991058
147.260952381,0.986635,0.090529,2.02468,0.0161613,0,2.50898,0.194167,1.16347,0,2.33642,1.02125,0.0746091
147.307392290,0.691359,0.126699,2.204,0.0125645,0.0160005,2.46561,0,1.29082,0,2.10758,0.738801,0.157757
147.353832200,0.473816,0.124176,2.35255,0.0126989,0.0210177,2.53756,0,1.2728,0.000164758,2.03141,0.869824,0.194624
147.400272109,0.871316,0.105277,2.10443,0.00425053,0.0294335,2.58061,0,1.23356,0.000136962,1.88854,1.1893,0
147.446712018,1.09775,0.120143,1.72361,0.00201019,0.0267197,2.70574,0,1.16715,9.51357e-05,1.75332,1.47747,0.00795314
147.493151927,1.10097,0.126126,1.64303,0.00609097,0.0243934,3.1332,0,0.997718,4.47893e-05,1.79266,1.56903,0.0236447
147.539591837,0.969045,0.0603635,1.47967,0.0162434,0.0113614,3.51187,0,0.852875,0.00631917,2.03644,1.49418,0.0738875
147.586031746,0.941262,0.00206506,1.19609,0.0134156,0,3.86636,0,0.521202,0.0260191,2.47054,1.0041,0.0396671
147.632471655,1.19933,0.00147983,1.0923,0.0149662,0,4.09866,0,0.288675,0.0254429,2.58281,0.53613,0
147.678911565,1.36792,0,1.13774,0.0170879,0,4.09685,0.00493628,0.267971,0.0280399,2.68674,0.360204,0.0112645
147.725351474,1.58876,0,1.01991,0.0187324,0.0138787,3.60517,0.00720557,0.0520531,0.0150274,2.60378,1.0143,0.0523092
147.771791383,1.24375,0.000992795,1.09151,0.0194005,0.00158025,3.50061,0.00771123,0.16858,0.0096563,2.29332,1.41883,0.0294067
147.818231293,0.993699,0.00173577,1.25728,0.000240396,0.0257156,3.31139,0.00773267,0.342041,0,2.20435,1.64982,0
147.864671202,1.11393,0.000279217,1.22467,0.0103437,0.16414,3.36757,0.0524941,0.330416,0,2.31927,1.51089,0
147.911111111,1.18748,0,1.24012,0.214407,0.2979,3.28673,0.184586,0.0569628,0.0365057,2.31489,1.23761,0
147.957551020,1.88465,0.0550696,1.10368,0.150232,0.281666,3.45097,0.292692,0.00241269,0.0364822,2.13314,0.937167,0
148.003990930,2.13299,0.0508748,0.837181,0.0281253,0.131818,3.74729,0.288697,0.00469527,0.0429267,1.81692,0.668445,0
148.050430839,2.17636,0.00155056,0.504217,0.00154625,0.112894,3.96867,0.289874,0.00414364,0.0576436,1.60313,0.66071,0
148.096870748,2.37551,0,0.251075,0.00027933,0,3.98021,0.212316,0,0.0831098,1.66218,0.773681,0
148.143310658,2.49725,0.000284243,0.272536,0,0,3.9167,0,0,0.168238,1.76382,0.920053,0
148.189750567,2.34682,0.000157947,0.224384,0,0,4.08784,0,0.0155687,0.172253,1.98278,0.873169,0
148.236190476,2.29682,0,0.150722,0,0.0788056,4.176,0.00785641,0.0349715,0.129188,2.15475,0.799067,0
148.282630385,2.36651,0,0.126783,0,0.0968818,4.23637,0.0129274,0.0455635,0.123471,2.14856,0.772609,0
148.329070295,2.2269,0.00208747,0.126299,0,0.11446,4.3924,0.0123485,0.0526182,0.115007,2.16684,0.476634,0.0185233
148.375510204,1.91367,0.159572,0.0999744,0.0292639,0.130418,4.27579,0.0136062,0.0575116,0.0967493,2.17073,0.532764,0.0396459
148.421950113,1.92256,0.107902,0.123176,0.0993611,0.141133,4.08055,0.0179708,0.0591776,0.090467,1.91945,0.902096,0.0275805
148.468390023,2.25772,0.0485777,0.148989,0.132147,0.153979,3.92261,0.0159399,0.0606671,0.0804902,1.53,1.29936,0.00860664
148.514829932,2.33398,0,0.231845,0.136276,0.200255,3.90195,0.0148472,0.200262,0.0770821,1.60348,1.45725,0
148.561269841,2.42194,0.0435884,0.546248,0.102266,0.224804,3.89968,0.0388875,0.0525802,0.0252631,1.57912,1.17636,0
148.607709751,2.24156,0.228769,0.830936,0.0849295,0.266489,3.89009,0.021541,0.00847701,0.174744,1.83355,0.816591,0.11455
148.654149660,1.81628,0.241927,1.04351,0.0387878,0.179,3.90485,0,0,0.125748,2.04078,0.602875,0.0782079
148.700589569,1.39546,0.0392729,1.1752,0.00120766,0.173027,3.85707,0.00116113,0,0.272435,2.24238,0.542175,0.00934419
148.747029478,1.53229,0.0339728,1.2569,0,0.0461794,3.48714,0.00112826,0.0710333,0.316918,2.74576,0.526197,0.00493513
148.793469388,1.65458,0.0230607,1.21082,0,0,3.41276,0,0.0722299,0.160872,2.90492,0.76789,0.0128428
148.839909297,1.6742,0.000161088,1.05357,0,0.0179588,3.384,0.00661537,0.130999,0.168822,2.6271,1.25668,0.0179529
148.886349206,1.60718,0,0.940968,0,0.0971747,3.00257,0.0115721,0.212982,0.160228,2.34147,1.51327,0.025147
148.932789116,1.71126,0,0.983309,0,0.135691,2.52893,0.0146954,0.212839,0.181943,2.22332,1.56071,0.0638741
148.979229025,1.77291,0.0468002,1.02838,0,0.154622,2.41522,0.0166058,0.217235,0.273919,2.0545,1.18749,0.112306
149.025668934,1.57291,0.000163513,1.08109,0,0.153849,2.85586,0.0183632,0.256667,0.228134,2.17216,0.639188,0.117819
149.072108844,1.30635,0,1.12716,0,0.151941,3.17819,0.0190027,0.17069,0.180511,2.3134,0.589606,0.0411135
149.118548753,1.3025,0.000929581,1.09776,0,0.21171,3.46305,0.0185936,0.155825,0.108307,2.36969,0.661305,0.00768099
149.164988662,1.4621,0.0170429,1.1568,0,0.169115,3.42828,0.0163412,0.30153,0.102836,2.49886,0.634267,0.00783168
149.211428571,1.70548,0.0380408,1.17781,0,0.163192,3.09913,0.0103331,0.445475,0.100546,2.40374,0.716966,0.0171182
149.257868481,2.13892,0.02751,0.969389,0,0.163644,2.6953,0.0137911,0.502779,0.100255,1.76726,0.860861,0.0812612
149.304308390,2.60447,0,0.600362,0.000100991,0.163548,2.55951,0.0162974,0.645068,0.0908011,1.3367,1.082,0.0537947
149.350748299,2.95619,0,0.268691,0,0.168116,2.60681,0.0140085,0.757045,0.0923154,1.00319,1.19322,0
149.397188209,2.99485,0,0.125608,0.000141392,0.219374,2.6574,0.0136866,0.846486,0.0918109,1.06766,1.16838,0
149.443628118,2.95558,0,0.0814506,0,0.225445,2.81683,0.0145131,0.762513,0.0843281,1.30434,1.02774,0
149.490068027,2.97208,0,0.040929,0.000565625,0.178758,2.95842,0.0195964,0.69897,0.0822099,1.51667,0.850829,0
149.536507937,3.09529,0,0.0278106,0.000449448,0.151239,2.77067,0.0241037,0.850056,0.135392,1.32638,0.73027,0
149.582947846,3.29684,0,0.0465151,0.000680233,0.0988393,2.49989,0.026198,0.902668,0.159988,1.13034,0.708331,0
149.629387755,3.28912,0,0.0582507,0.00471771,0.156434,2.66368,0.0273209,0.722884,0.193962,1.23138,0.65591,0
149.675827664,3.08062,0.0318285,0.0468867,0,0.22116,3.05917,0.0264314,0.395295,0.200979,1.34785,0.823608,0
149.722267574,2.91152,0.0394966,0.0234441,0,0.373387,2.98066,0.0281517,0.259754,0.132816,1.50509,1.42534,0
149.768707483,2.83365,0,0.0664536,0,0.494314,2.99993,0.0434759,0.264283,0.0926249,1.58261,1.64332,0
149.815147392,2.73788,0,0.194898,0,0.560191,3.01625,0.0567916,0.297249,0.0793986,1.64677,1.43698,0
149.861587302,2.29671,0.162576,0.598254,0,0.0936996,2.74687,0.374308,0.204633,0.102827,2.70691,1.01852,0
149.908027211,1.67537,0.276811,1.27011,0.00016782,0.0514675,2.04862,0.739619,0.141545,0,2.7809,0.823833,0
149.954467120,1.32518,0.297544,1.7593,0.00492921,0.0380273,1.53858,0.667468,0.122562,0,2.53661,0.6469,0
150.000907029,1.35883,0.322339,2.02391,0.0119255,0.0270227,1.64651,0.607103,0.0702306,0,2.45418,0.481251,0
150.047346939,1.36823,0.32391,2.36037,0.0157322,0.0863756,2.00784,0.69527,0,0.0325349,2.32177,0.237438,0
150.093786848,1.40315,0.231809,2.42726,0.0145301,0.0888078,1.97488,0.851673,0,0.0321995,2.23574,0,0
150.140226757,1.42771,0.1087,2.36014,0.0135015,0.0782626,1.93572,0.852322,0.0139504,0.0558007,2.03889,0.269919,0
150.186666667,1.39946,0.00809837,2.27812,0.0109393,0.0969134,2.01348,0.756279,0.113444,0.0594473,1.92782,0.68572,0
150.233106576,1.43496,0,2.31094,0.00326565,0.113137,2.14372,0.755501,0.124606,0.0848977,2.1382,0.933716,0
150.279546485,1.61039,0,2.441,0,0.112334,2.16181,0.709403,0.0432521,0.0690334,2.39054,0.943832,0
150.325986395,1.46359,0,2.24219,0,0.102494,2.3265,0.644116,0,0.061114,2.32288,1.02828,0
150.372426304,1.461,0,1.99174,0.0288987,0.0807473,2.27933,0.680109,0,0.0700785,2.0959,1.17053,0
150.418866213,1.46236,0,1.89575,0,0.0594015,1.98495,0.791488,0,0.0501123,2.09054,1.00075,0
150.465306122,1.45597,0,2.21154,0,0.0549595,1.89773,0.857954,0,0.030009,2.17066,0.88361,0.0134654
150.511746032,1.28717,0,2.2647,0,0.047429,2.47335,0.730095,0,0,2.23177,0.780721,0.177166
150.558185941,1.14503,0,2.20129,0.00726076,0.0397797,2.99158,0.48738,0,0,2.43449,0.499766,0.158542
150.604625850,1.13804,0,2.02729,0.00620015,0.0355311,3.07139,0.351494,0.128189,0,2.5569,0.574217,0.0814314
150.651065760,1.15851,0.000879865,1.75327,0,0.0333331,3.01089,0.209908,0.484443,0,2.49024,0.746429,0.0921664
150.697505669,1.14936,0.00202156,1.60178,0,0.0236333,2.81683,0.127992,0.904857,0,2.09004,0.813457,0.130298
150.743945578,1.17209,0.00201597,1.63245,0,0.0751114,2.71216,0.0072911,1.0133,0.00604932,1.32325,1.12051,0.115435
150.790385488,1.26663,0.00157806,1.60287,0.00639898,0.0780764,2.58044,0,1.13066,0.050791,1.21946,1.63067,0.137582
150.836825397,1.18485,0,1.61948,0.00874567,0.227469,2.57278,0,1.26,0.0885922,1.33275,1.97051,0.16099
150.883265306,0.313196,0.519139,1.90999,0.0131112,0.23576,2.66571,0,1.45746,0.0671429,1.44304,2.05258,0.081021
150.929705215,0.0764516,0.789301,2.32616,0.147287,0.150891,2.74116,0,1.04122,0.0830803,1.5332,1.68952,0.0015249
150.976145125,0.0764289,0.801804,2.26418,0.240146,0.254747,2.78934,0.0106826,1.38507,0.149772,1.70491,0.967268,0
151.022585034,1.04287,0.652515,2.09141,0.295344,0.217616,3.19076,0.0520037,1.01144,0.129741,1.71438,0.550241,0.00758716
151.069024943,1.84588,0.274194,1.68449,0.336925,0.0765309,3.66311,0.158027,0.0991998,0.00303143,2.03088,0.53339,0.284872
151.115464853,1.74614,0.000737661,1.40161,0.270469,0,3.61335,0.307045,0.0442842,0,2.42094,0.668885,0.343848
151.161904762,1.48733,0.0235287,1.296,0.182303,0.0178203,3.41728,0.285045,0.0361771,0,2.46901,1.1019,0.0487719
151.208344671,1.66022,0.283171,1.29746,0.251804,0.0192239,3.32151,0.137608,0.043518,0,2.52569,1.1132,0
151.254784580,1.49444,0.216338,1.36363,0.200407,0,3.48365,0.0226216,0.0404527,0,2.61656,1.15236,0.196645
151.301224490,1.02546,0,1.63683,0.0145273,0,3.63771,0.0241724,0.076525,0,2.48379,1.37349,0.639104
151.347664399,0.601124,0.11658,1.80652,0.0370461,0.0429688,3.27325,0.0181738,0.62879,0,2.07912,1.41286,0.552483
151.394104308,0.596621,0.141567,1.58967,0.121368,0.161987,2.11686,0.389362,1.74228,0,1.13189,1.74778,0.199169
151.440544218,0.554632,0.123415,1.74269,0.704219,0.277225,1.35734,0.410764,2.17893,0,0.528793,1.82684,0.0713833
151.486984127,0.205252,0.135761,1.8148,1.15765,0.218112,1.00464,0.354128,2.21038,0.000250918,0.427528,1.69728,0.0568482
151.533424036,0.189061,0.20427,1.64425,1.47862,0.0102682,0.652676,0.314027,2.55715,0.0248956,0.503908,1.56152,0.0477767
151.579863946,0.222311,0.153119,1.41597,1.84707,0.0548375,0.609162,0.484079,2.83359,0.00826364,0.233227,1.77143,0
151.626303855,0.222793,0.162744,1.07936,2.15569,0.017017,0.298504,0.557799,3.26036,0.00852602,0.0371663,2.17803,0.00193406
151.672743764,0.221756,0.0972366,0.994909,2.40571,0.0295852,0.273526,0.269144,3.60756,0.00963967,0.00353819,2.31547,0.030035
151.719183673,0.214666,0.0341858,1.02106,2.40917,0.0268042,0.507192,0.18771,3.60809,0.00497514,0.012097,2.17122,0.0279811
151.765623583,0.203715,0.00744053,1.09333,2.25005,0.0393036,0.510807,0.179821,3.69479,0,0.0685725,2.19964,0
151.812063492,0.214938,0.0414985,1.28746,1.98321,0.0658351,0.404371,0.413679,3.58151,0.279215,0.0207386,1.85027,0.293447
151.858503401,0.231156,0,1.41497,2.04585,0.0695091,0.366233,0.310783,3.37488,0.102316,0.0733709,1.70737,0.623284
151.904943311,0.229293,0,1.25083,2.01151,0.0648391,0.291934,0.105913,3.63952,0,0.00960061,1.95197,0.69197
151.951383220,0.209079,0.00687864,1.26832,1.74686,0.0518966,0.136039,0.0158914,3.65387,0.0360699,0.0101395,2.2319,0.524657
151.997823129,0.390326,0.107791,1.36281,1.58032,0.0898353,0.0836596,0.0473816,3.18458,0.0357062,0.00790285,2.13253,0.0764306
152.044263039,0.886116,0.0158794,1.09294,1.50518,0.063975,0.545982,0.0684377,2.91703,0,0.00486714,2.11632,0.062967
152.090702948,1.05507,0,1.11212,1.63524,0.126532,1.30152,0.0643869,2.59194,0,0.0043176,2.21556,0
152.137142857,0.744108,0,1.44491,1.71906,0.0434133,2.19827,0.0537639,1.91047,0,0.0878728,2.33479,0.0751578
152.183582766,0.417675,0.0126799,1.05769,1.94672,0.0415212,2.26273,0.14912,1.94288,0.0297659,0.322306,2.32711,0.281139
152.230022676,0.313607,0.189147,0.52469,2.20965,0.0384417,2.09554,0.139809,2.33183,0.0691315,0.373301,2.49776,0.12169
152.276462585,0.243194,0.204803,0.529344,2.26507,0.0291085,1.82124,0.0792396,2.81577,0.0393864,0.128605,2.55967,0.0209056
152.322902494,0.0604995,0.214168,0.629711,2.26665,0.103898,1.09871,0.125013,3.056,0,0.0980623,2.36437,0.145597
152.369342404,0,0.19324,0.871876,2.36103,0,0.353064,0.0913123,3.16553,0,0.0730661,2.12395,0.119436
152.415782313,0.00561666,0.172953,0.941413,2.52162,0.00367638,0.116666,0.0411042,3.18104,0,0.0622628,2.01959,0.201535
152.462222222,0.0505351,0.035845,1.35817,2.18593,0.00821423,0.0877185,0.0922138,3.12743,0,0.0887945,1.92901,0.472931
152.508662132,0.0237172,0,1.73483,1.81057,0,0.274127,0.433829,3.12947,0,0.093221,1.9464,0.189464
152.555102041,0,0.0161402,2.00884,1.59655,0,0.304002,0.507768,3.14181,0,0.00125531,2.03953,0.155681
152.601541950,0.000230626,0.094617,2.13935,1.26572,0,0.0408349,0.228685,3.25852,0,0.00283661,2.41716,0.143898
152.647981859,0.000139588,0.178706,1.94314,1.55372,0.0261247,0.0448778,0.0793822,3.33695,0,0.000155961,2.34533,0.187811
152.694421769,0.603885,0.407743,0.820763,2.22317,0.0823861,0.0851749,0.0513068,3.18762,0.0656526,0.000402396,1.9237,0.320066
152.740861678,1.50752,0.170139,0.442898,2.507,0.189177,0.276491,0.111771,2.79821,0.0445134,0.00129162,1.16075,0.401186
152.787301587,2.53932,0.00157303,0.344095,2.41403,0.100148,0.166434,0.147944,2.65688,0.139746,0.0064455,0.789055,0.296113
152.833741497,2.76825,0.000519415,0.339445,2.04307,0.041561,0.38927,0.0428981,2.74552,0.250747,0.00750569,1.07722,0.355871
152.880181406,2.55487,0,0.305852,1.5259,0.0420469,0.876377,0.0510866,2.79422,0.214284,0.00914671,1.22052,0.462741
152.926621315,2.71073,0.00120237,0.24156,1.25494,0.0850558,1.17507,0.0585734,2.61536,0,0.123799,1.47619,0.113723
152.973061224,2.92452,0.028016,0.214776,1.67833,0.410961,1.63275,0.05092,2.07038,0,0.193343,1.2617,0
153.019501134,3.04551,0.154553,0.0133657,2.073,0.0987072,1.94118,0.0339135,1.5284,0,0.212561,1.15215,0
153.065941043,2.92245,0.205309,0.0181236,2.10154,0.147135,1.95129,0.0560318,1.80026,0.000108699,0.151222,1.08661,0.0285331
153.112380952,2.97047,0.100856,0.0974181,1.76555,0.0790705,0.99409,0.17808,2.40878,0,0.0231686,1.317,0.120964
153.158820862,2.87625,0.0522244,0.17803,1.41879,0.102811,0.702179,0.120168,2.89212,0,0.0189286,1.66907,0.107783
153.205260771,3.08727,0.0398363,0.20313,1.60297,0.398578,0.25259,0.0524782,3.04503,0,0.0713305,1.8184,0.0606696
153.251700680,3.15765,0.0523532,0.276258,1.98192,0.088164,0,0.0211745,3.06713,0,0.104803,1.62774,0.151481
153.298140590,2.37342,0.149016,0.163308,2.18023,0.275129,0.149665,0.0462084,3.09249,0.0072277,0.158237,1.03963,0.638767
153.344580499,1.40586,0.265203,0.0689286,1.55857,0.414922,0.239465,0.204701,3.3158,0.0380186,0.0679819,1.25605,0.882562
153.391020408,1.14868,0.253389,0.632851,1.01003,0.552864,0.647902,0.355713,2.93335,0.0204477,0.0552122,1.40885,0.787706
153.437460317,0.917661,0.202229,1.28972,0.837449,0.430956,0.923301,0.418378,2.6201,0.0356109,0.142851,1.42723,0.667474
153.483900227,0.717017,0.153129,1.7076,1.12536,0.0261107,0.827464,0.485821,2.36535,0.0186406,0.209015,1.35847,0.292661
153.530340136,0.841175,0.14644,1.82306,1.40167,0.0208052,0.634141,0.489059,2.28437,0,0.0661764,1.38049,0.221146
153.576780045,1.02023,0.191011,1.64113,1.45087,0.0197608,0.738392,0.449075,2.80797,0,0.027012,1.02773,0.356456
153.623219955,0.90485,0.183735,1.72654,1.45925,0.0439321,0.737191,0.0865417,3.21185,0.00819556,0.0257939,1.24559,0.123182
153.669659864,0.656091,0.132828,1.95712,1.21976,0.0593767,0.619135,0.0862877,3.46077,0.0316753,0.11338,1.49696,0.0360144
153.716099773,0.704847,0.0487457,2.08079,0.468559,0.155661,0.658778,0.120434,3.32123,0.0775869,0.360213,1.83283,0
153.762539683,0.674962,0.0280929,2.2148,0,0.205813,0.891844,0.126889,2.93585,0.0452967,0.603559,2.01732,0
153.808979592,0.623709,0.0817411,2.28503,0.278741,0.0823656,1.20484,0.25344,2.44227,0.0287868,0.656138,1.84936,0
153.855419501,0.633496,0.0225147,2.18202,0.811843,0.0186671,1.51402,0.230169,1.88621,0.0480954,0.909258,1.74345,0
153.901859410,0.666357,0,2.31648,1.11169,0.0244926,1.87416,0.0281,1.35243,0.0624258,0.796089,1.91643,0
153.948299320,0.949422,0,2.48322,1.15045,0.0344809,2.05848,0.0407894,0.587912,0.00460816,0.412583,2.43264,0
153.994739229,1.08872,0.000779033,2.21734,0.910511,0.0904458,2.33705,0.385024,0.725822,0,0.101894,2.66137,0
154.041179138,1.23578,0.00194843,1.81892,0.701533,0.269081,2.09764,0.585403,1.69577,0.0700999,0.0614077,2.35425,0
154.087619048,0.975089,0,1.85801,0.507184,0.320668,1.44837,0.475582,2.05204,0.46313,0.0991035,1.73021,0.0862867
154.134058957,0.547389,0,1.65642,0.909678,0.0154435,1.03338,0.418671,2.17417,0.401686,0.677956,1.7325,0.0306244
154.180498866,0.050335,0,1.74036,1.12927,0.00417169,0.929041,0.130344,2.13893,0.261774,0.808579,1.94203,0.293246
154.226938776,0.0227465,0,2.17128,1.25236,0,0.991818,0.313821,1.92986,0.0139805,0.578144,1.98003,0.611479
154.273378685,0.0539226,0,2.21343,1.23537,0,0.787847,0.40486,2.04961,0.0622569,0.650481,2.02214,0.546284
154.319818594,0.488729,0,2.14772,0.802113,0,0.585021,0.194963,2.46968,0.274276,0.513923,2.08298,0.347167
154.366258503,0.624288,0.00172186,1.98508,0.650392,0.131614,0.820949,0.336701,2.52085,0.0805407,0.520725,1.93785,0
154.412698413,0.693205,0.000996454,1.53699,0.826808,0.314833,0.812946,0.434941,2.36343,0.0549035,0.6873,1.71522,0.0314153
154.459138322,0.801172,0.00124415,1.31767,1.19706,0.189044,1.13894,0.543254,1.93937,0.072731,1.04431,1.5176,0.150669
154.505578231,0.70888,0.00127823,1.32112,1.7183,0.0327416,1.41497,0.748511,1.36618,0.00652633,1.36971,1.35954,0
154.552018141,0.156354,0,1.11793,1.85713,0.0176024,1.36202,0.86644,1.31731,0.116519,1.56827,1.4319,0.163497
154.598458050,0.161249,0.0632597,0.750468,1.93088,0,1.08667,0.654035,1.477,0.0687839,1.58627,1.64583,0.394774
154.644897959,0.183145,0.222987,0.693292,1.62243,0,0.71771,0.426507,1.90192,0,1.55109,1.90286,0.238233
154.691337868,0.194746,0.108116,0.718884,1.62224,0,0.669222,0.144663,2.02482,0,1.19947,1.90751,0.0152584
154.737777778,0.179184,0.0785863,0.816655,1.44372,0.0250985,0.70093,0.0276549,1.71216,0,0.520657,2.10081,0.246295
154.784217687,0.38155,0.139556,0.782116,0.960429,0.259806,0.712284,0,1.85527,0,0.377293,2.20581,0.473519
154.830657596,0.399935,0.124369,0.915643,0.521049,0.437822,0.642265,0.16832,2.31246,0,0.0816132,2.27406,0.443389
154.877097506,0.422494,0.143959,0.820206,0.543742,0.425741,0.760553,0.1877,2.92036,0,0.057163,2.30289,0.288919
154.923537415,0.490795,0.13845,0.927943,0.620898,0.242886,1.3861,0.10522,3.34845,0,0.06186,2.40835,0.13724
154.969977324,0.474152,0.110287,1.04888,0.803831,0.0214739,1.68157,0.157437,3.31246,0,0.0388132,2.48873,0.0615295
155.016417234,0.377791,0.0428807,1.12709,1.01137,0.0011332,1.46258,0.0500236,3.37305,0,0.0406183,2.51129,0.242108
155.062857143,0.333075,0,1.29337,1.35795,0,1.07246,0.0598161,3.11672,0,0.00400903,2.26304,0.382565
155.109297052,0.273046,0,1.33001,1.62396,0,0.421632,0.0438069,3.1715,0,0.00134304,1.87015,0.471577
155.155736961,0.277752,0,1.20177,1.69169,0.00418425,0.366414,0.0453089,3.64323,0,0,1.45974,0.605095
155.202176871,0.274518,0.0318098,0.872692,1.63938,0.00992272,0.413189,0.0223737,3.77605,0,0.373498,1.12634,0.6319
155.248616780,0.25951,0.0830573,0.63269,1.55012,0.0632836,0.224162,0,3.76604,0.00227287,0.276713,1.21575,0.81913
155.295056689,0.21275,0.103048,0.702485,1.44984,0.080779,0.301419,0.0397251,3.6363,0.00119663,0.0312931,1.44934,1.16389
155.341496599,0.136757,0,0.782448,1.58038,0.0712693,0.374165,0.0282016,3.81559,0,0.0590507,1.48092,1.13556
155.387936508,0.160217,0.232932,0.927822,1.45454,0.0584677,0.126376,0.011636,3.78095,0.0162611,0.0521019,1.77489,0.83026
155.434376417,0.410968,0.383962,1.20084,1.4616,0.0634084,0.0427656,0.0230128,3.47679,0.0210162,0.0665588,1.81203,0.0891547
155.480816327,0.618762,0.385132,1.25447,1.52585,0.0521073,0.0191102,0.0577464,3.35711,0.000232792,0.116247,2.23229,9.69067e-05
155.527256236,0.487356,0.347437,1.25492,1.48265,0.0548339,0.162165,0.0732357,3.31743,0.00239688,0.171931,2.7833,0
155.573696145,0.359341,0.040878,1.23236,1.41957,0.0420748,0.939732,0.075733,2.80613,0.0045866,0.198654,2.82532,0.283501
155.620136054,0.308707,0,1.12847,1.39907,0.124443,1.40181,0.215523,2.04256,0.00501137,0.183427,2.80663,0.228833
155.666575964,0.261636,0,0.9193,1.0877,0.504431,1.74397,0.011242,1.7247,0.00177415,0.191807,2.63146,0.14354
155.713015873,0.129078,0.244916,0.882881,0.884576,0.601864,1.6209,0.0792564,2.51943,0,0.0899194,1.99651,0.143807
155.759455782,0.0478972,0.382364,1.049,0.675043,0.754901,1.14159,0.0467952,3.23241,0,0.0649338,1.64434,0.102567
155.805895692,0.014607,0.162104,1.19109,1.00309,0.638697,0.47319,0.0960134,3.40081,0,0.191286,1.64742,0.122871
155.852335601,0.0639006,0.0933596,1.01627,1.63861,0.383972,0.0569421,0.0644681,3.53869,0,0.107758,1.65976,0.171348
155.898775510,0.0304654,0,0.867741,1.99373,0.0847208,0.0116016,0.0555532,3.55466,0.0289963,0.0677159,1.66802,0.0917905
155.945215420,0,0,1.20788,2.00285,0.00628304,0.0027145,0.194804,3.51081,0.0252808,0.0228895,1.71046,0.002058
155.991655329,0,0,1.68114,1.82911,0,0,0.256136,3.34953,0.00740053,0,1.74396,0.000659402
156.038095238,0.112003,0.322657,1.77369,1.57172,0,0.149972,0.0433781,3.35347,8.9864e-05,0,1.8815,0.000454441
156.084535147,0.225147,0.257729,1.35326,1.35743,0.207198,0.1378,0.0266967,3.17047,0.000590965,0,2.49224,0.05135
156.130975057,0.396745,0.228358,0.868978,1.12588,0.324059,0.220446,0.090204,2.91011,0.000879368,0.000116076,2.62816,0.0738471
156.177414966,1.21649,0.35901,0.582388,1.24112,0.231267,0.231926,0.519306,2.56166,0.0368528,0.00363718,1.76479,0.391509
156.223854875,2.24889,0.478008,0.216147,1.39358,0.0307352,0.0837898,0.619892,2.48448,0.0298845,0.0804354,1.44286,0.530221
156.270294785,2.49827,0.117011,0.177513,1.23989,0.0296437,0.059422,0.499059,2.48376,0.0116705,0.13653,1.65038,0.375312
156.316734694,2.20563,0.181486,0.0173346,1.18337,0.0451675,0.254437,0.244332,2.61214,0,0.212259,1.73755,0.331892
156.363174603,2.00556,0.218041,0.000705973,1.27258,0.0809249,0.838777,0,2.75517,0,0.255171,2.0333,0.128007
156.409614512,1.9943,0.170448,0.0669783,1.59796,0.0770269,1.50328,0.100903,2.44054,0,0.300912,1.7436,0
156.456054422,1.73606,0.00137655,0,1.65634,0.0789123,2.34661,0.195128,2.04621,0,0.240512,1.43102,0
156.502494331,1.14751,0.0170918,0.00301671,1.5989,0.0410851,2.93254,0.181509,1.80546,0,0.253034,1.37925,0.315621
156.548934240,0.881374,0.0296958,0.116055,1.58614,0,2.74425,0.296182,1.91415,0,0.280339,1.57593,0.557481
156.595374150,1.04479,0.00323569,0.200537,1.75594,0.165753,2.36846,0.309094,1.855,0,0.333535,1.63746,0.295618
156.641814059,1.39077,0.00357321,0.116702,1.70938,0.218431,2.29459,0.410339,1.85664,0,0.334636,1.63851,0.155168
156.688253968,1.4517,0.00947058,0.0307539,1.77943,0.104837,2.16621,0.148572,2.01216,0.000396401,0.483145,1.48693,0
156.734693878,0.795585,0.250465,0.000406102,1.55382,0.153497,1.96031,0.0429927,1.81344,0.00656094,1.60971,1.39079,0.0306649
156.781133787,0.65947,0.230853,0.470096,0.845507,0.21449,1.517,0.0290969,1.49949,0.00302994,2.32009,1.45636,0.0814309
156.827573696,0.467447,0.881444,1.15757,0.565695,0.204463,1.43487,0.0437906,0.770718,0,2.39005,1.596,0.129268
156.874013605,0.250117,0.755946,1.6217,0.693621,0,1.52418,0.0494731,0.550701,0,2.21625,1.6056,0.499088
156.920453515,0.000115724,0.480503,1.87743,0.682658,0,1.57554,0.21625,1.01245,0,1.76403,1.71999,0.499634
156.966893424,0,0.313772,1.9203,0.908497,0,1.43337,0.303703,1.31574,0,1.44155,1.87619,0.626094
157.013333333,0,0.262867,1.61838,1.28409,0,1.10222,0.104575,1.77249,0,0.837231,2.9157,0.825441
157.059773243,0,0.226309,1.29592,1.49969,0.0419505,0.966319,0.034984,2.09323,0,0.171607,3.14429,0.70848
157.106213152,0.423371,0.112216,0.774027,1.44667,0.0762238,0.733057,0.10885,1.89238,5.62059e-05,0.187923,3.22665,0.0739862
157.152653061,1.30424,0.0567535,0.30257,1.47903,0.103326,0.555809,0.209162,1.52674,0.0329629,0.239261,3.249,0
157.199092971,1.79376,0.0393526,0.104826,1.22298,0.114217,0.886429,0.498617,1.21546,0.0243049,0.521849,3.00981,0
157.245532880,2.00554,0.0278442,0.247446,0.779921,0.0709361,1.10835,0.597718,1.27319,0.02481,0.785089,2.55534,0
157.291972789,2.29331,0.0130114,0.409734,0.900349,0.114655,1.01033,0.264874,1.43591,0.0617568,0.665043,2.54771,0
157.338412698,2.49943,0,0.446833,0.676085,0.458058,0.503703,0.553672,1.21736,0.0674452,0.340649,2.98531,0
157.384852608,2.60501,0.0128524,1.0174,0.510869,0.5722,0.279942,1.18584,0.784867,0.0547612,0.00494079,3.06751,0
157.431292517,1.88494,0.0196068,2.11381,0.360893,0.359349,0.468025,1.34807,0.974467,8.09542e-06,0.111093,2.87497,0
157.477732426,0.775744,0.0220837,2.62832,0.231193,0.38617,0.563994,1.08771,1.55688,0,0.1011,3.014,0.0335244
157.524172336,0.212705,0.0455087,2.70877,0.248109,0.304,0.539516,0.595547,1.93963,0.00203465,0.0775122,3.27541,0.0447391
157.570612245,0.181874,0.0718496,2.73191,0.548155,0.0311636,0.517072,0.234749,2.00878,0.0895343,0,2.90565,0.436485
157.617052154,0.277585,0,2.59757,0.516924,0.0203239,0.558287,0.166277,2.05509,0.0805987,0.708654,2.57679,0.575478
157.663492063,0.39699,0,2.80351,0.704478,0,0.578179,0.0658211,1.93802,0.00356458,1.28742,2.48777,0.65001
157.709931973,0.309573,0,2.73035,0.425265,0,0.667939,0.042781,2.28721,0.00667934,1.68294,2.2493,0.314484
157.756371882,0.603498,0.204303,2.1106,0.461258,0.00951605,0.83922,0.0393285,2.08736,0,1.95812,1.78051,0.0717127
157.802811791,0.630078,0.0334633,1.9878,0.722735,0,0.937611,0.160476,2.00978,0,1.93931,1.56397,0.107466
157.849251701,0.523671,0.0167823,1.95476,0.921653,0,0.912817,0.186346,2.17825,0.0614435,1.8314,1.30901,0
157.895691610,0.655046,0.0113646,1.93029,1.01273,0,0.852729,0.329162,2.47649,0.0812929,1.41426,1.21093,0
157.942131519,0.937424,0.00136295,2.23496,1.08689,0,0.816297,0.457233,2.60852,0.0842568,0.514066,1.22258,0.000150447
157.988571429,1.09881,0.000918507,2.19436,1.09326,0,1.10956,0.431367,2.78062,0.0838886,0.532183,0.914735,0.000209776
158.035011338,1.16448,0.064104,1.69005,0.968786,0,1.10848,0.0221367,3.36124,0.0559607,0.524558,1.00242,0.000111508
158.081451247,1.11495,0.0830302,1.7464,0.461663,0.00320888,0.930234,0.00666083,3.53085,0.0490958,0.55625,1.59111,7.8765e-06
158.127891156,0.915854,0.142701,2.13213,0.145901,0.000340342,0.643255,0.0730153,3.55699,0.063715,0.547738,2.33802,0
158.174331066,0.545685,0,2.47433,0.120614,0.22445,0.632056,0,3.06298,0.0196173,0.450295,2.97662,0
158.220770975,0.453175,0.00330069,2.71082,0.348004,0.175458,1.53017,0,1.29216,0,0.562512,2.74813,0.276637
158.267210884,0.898757,0.0439408,2.31615,0.3099,0.103287,2.335,0,0.53114,0,0.719897,1.83336,0.16518
158.313650794,1.46805,0.0667744,1.81413,0.263043,0.0225798,3.06009,0,0.265206,0,1.04838,0.894483,0.105273
158.360090703,1.89094,0.0846825,1.62358,0.243161,0.0267463,3.37514,0,0.0447567,0,1.31717,0.557768,0.0285273
158.406530612,2.34937,0.122358,1.4065,0.208767,0.0295204,3.54722,0,0.0529295,0.0648539,1.57352,0.205109,0
158.452970522,2.58262,0.0997597,1.06391,0.289542,0,3.71121,0.0299411,0.352111,0.00240546,1.83461,0.00182927,0.031209
158.499410431,2.75819,0.0129,1.07635,0.152328,0,3.90249,0.0329317,0.155837,0.00378848,1.75752,9.47809e-05,0.0770309
158.545850340,2.79965,0.00107736,1.07697,0.0834781,0,3.92208,0.0354012,0.0538139,0,1.58575,0,0.0808139
158.592290249,2.70363,0.00153262,1.09271,0.0676403,0,3.7969,0.0260882,0.0344742,0,1.53425,0.0443673,0.101567
158.638730159,2.47093,0.020366,1.09533,0.204926,0,3.50105,0.00289305,0.0525333,0,1.66608,0.26865,0.112222
158.685170068,2.36709,0.134832,0.760724,0.337114,0.0425749,3.51951,0.274142,0.0859043,0,1.86367,0.26604,0.0485297
158.731609977,1.96137,0.31776,0.654214,0.301877,0.0057822,4.13591,0.310777,0.0848392,0,1.70895,0.21093,0
158.778049887,2.10412,0.290409,0.651279,0.106362,0,4.49666,0.0499171,0.0693753,0,1.40475,0.391499,0
158.824489796,2.44013,0.152903,0.490258,0.0125509,0,4.57396,0.0555843,0.0891305,0,0.995235,0.287095,0
158.870929705,2.12297,0.0914778,0.491098,0.00426294,0.00588975,4.42851,0.0549491,0.133909,0.0122311,1.30151,0.575086,0
158.917369615,1.86796,0.231491,0.792459,0,0.0449512,4.13481,0.047337,0.139261,0.0286666,1.99072,0.460127,0
158.963809524,1.26988,0.512973,1.28291,0,0.0720814,3.75703,0.0416834,0.299585,0.0316803,2.26891,0.461084,0
159.010249433,1.00254,0.400726,1.78263,0,0.0499205,3.13254,0.03746,0.246263,0.0224083,2.20659,0.461845,0
159.056689342,1.19724,0.026682,2.07442,0.00279197,0.0426328,2.81649,0.0347011,0.263193,0.00133046,2.18053,0.44823,0.24398
159.103129252,1.30587,0.00257525,2.12411,0.00637719,0.0374212,2.80047,0.0244951,0.199117,0.0133485,2.0578,0.587638,0.0634646
159.149569161,1.6294,0.105491,1.91911,0.0130138,0.030073,2.4833,0.0337244,0.229663,0.00491956,1.80852,0.657386,0.000403667
159.196009070,1.83302,0.163722,1.49046,0.0153663,0.0285748,2.42631,0.0355354,0.502355,0.00044967,1.38836,0.916746,0.0832623
159.242448980,1.85953,0.127172,0.980607,0.171681,0,2.45352,0.0460094,0.737604,0,1.2092,1.40831,0.0877972
159.288888889,1.84445,0.0120276,0.663422,0.453505,0,2.6986,0.0501229,0.668558,0.00079994,0.850912,1.77349,0.144773
159.335328798,1.95419,0,0.708676,0.438617,0,2.84207,0.369916,0.34102,0.0331105,1.09913,1.80385,0.111588
159.381768707,1.97094,0,0.958545,0.331308,0,3.2421,0.271641,0.073629,0.00497496,1.52309,1.53991,0.0411669
159.428208617,1.80142,0.0300581,1.13028,0.0852697,0,3.45785,0.243135,0.206272,0.000113198,1.69972,1.17184,0.00134965
159.474648526,1.54898,0.350387,1.14933,0.0286751,0.00131765,3.61247,0.0323271,0.531168,3.57228e-05,1.35027,0.655629,0.0141081
159.521088435,1.40775,0.51952,1.12028,0.192846,0.0678439,3.35403,0.0395362,0.529535,0.0320205,0.913055,1.03566,0.0714159
159.567528345,1.45143,0.327116,0.723963,1.03285,0.120665,3.08625,0.0740433,0.21208,0.0683879,1.08965,1.22189,0.0405881
159.613968254,1.54816,0.0129039,0.723991,1.54791,0.0265709,2.86117,0.308219,0.346185,0.0268834,1.47608,0.946053,0.0277932
159.660408163,2.22447,0,0.610805,1.11471,0.0656757,2.95129,0.3216,0.206401,0.0162059,1.69376,0.612153,0.30139
159.706848073,2.54674,0,0.881143,0.619974,0.095011,3.40213,0.292392,0.13983,0,1.85136,0.251295,0.314876
159.753287982,2.54754,0,1.29759,0.394699,0.0927903,3.40849,0.404109,0.168966,0,2.01002,0.379677,0.0562532
159.799727891,2.38001,0.00213307,1.41913,0.350138,0.0640294,3.05875,0.240631,0.250168,0.0206945,2.17985,0.789256,0
159.846167800,2.12115,0.0383436,1.5705,0.561999,0.0295927,2.69748,0.0734838,0.284867,0,2.24233,0.988708,0
159.892607710,1.96308,0.228944,1.74533,0.85503,0.0420996,2.24606,0,0.356454,0.0202568,1.99024,0.763987,0
159.939047619,1.77453,0.241051,1.84976,0.891112,0.344631,2.45682,0.0608836,0.423139,0.205999,1.63402,0.249462,0
159.985487528,2.20001,0.162118,1.72808,0.88529,0.398725,2.81435,0.183746,0.228783,0.171374,1.14035,0.0864931,1.84765e-05
160.031927438,2.88818,0.0344933,1.13276,0.701551,0.309581,2.9643,0.211012,0.0416502,0.174908,0.857547,0.410624,0
160.078367347,3.00319,0.0033556,0.633991,0.648254,0.00203873,3.12808,0.214772,0.0444967,0.149484,0.976449,0.502616,0
160.124807256,2.82823,0.00299044,0.188181,0.697425,0,3.59953,0.0817368,0.0384093,0.0925269,1.28912,0.385671,0
160.171247166,2.5343,0.29152,0.00786567,0.349374,0.125588,3.59094,0.0621448,0.0790603,0.0828493,1.38001,0.737308,0
160.217687075,1.98147,0.599576,0.225923,0.250641,0.207703,3.56655,0.0821319,0.0694645,0.0644939,1.44518,0.818346,0
160.264126984,1.48522,0.384775,0.871203,0.355936,0.163788,3.58595,0.0777755,0.0529914,0.0501768,1.99951,0.481867,0.216695
160.310566893,0.762389,0.21134,1.79684,0.262493,0.00626624,3.83417,0.0286421,0,0.169236,1.88128,0.092758,0.47959
160.357006803,0.211198,0.133868,2.28966,0.0027865,0.0341817,3.96231,0,0.0121283,0.0401037,1.87983,0.343218,0.269336
160.403446712,0.30255,0.100679,2.38762,0.00663595,0.0369116,3.5671,0,0.033499,0.0278866,1.7698,0.592299,0.0606623
160.449886621,0.928696,0.058717,2.133,0.0367657,0.0311666,3.05896,0.121424,0.0444269,0.0261757,1.43013,1.24351,0.0861305
160.496326531,1.1624,0.0338835,2.1116,0,0.0368349,2.94077,0.106109,0.0437078,0.0201891,1.49675,1.45204,0
160.542766440,1.56576,0.00173562,2.20466,0,0.148895,2.87346,0,0.0296355,0.0568871,1.8626,1.34953,0
160.589206349,1.52443,0.0107472,2.29752,0.0703873,0.164022,2.79674,0.0928175,0.0104992,0.131286,1.90796,1.19587,0
160.635646259,1.1372,0,2.25816,0.0955197,0.241435,2.52381,0.317699,0.0475785,0.0974488,1.88788,1.1789,0
160.682086168,0.77521,0.00952801,2.23909,0.0556787,0.336913,2.19154,0.463388,0.0537588,0.0754831,1.45485,1.54977,0
160.728526077,0.64651,0.0242871,2.5136,0.170189,0.656439,1.72223,0.27346,0.042316,0.0737181,0.86646,1.98271,0
160.774965986,0.728568,0.0611201,2.59239,0.304118,0.711026,1.4772,0.126863,0.00365793,0.0169233,0.997354,1.9883,0
160.821405896,0.850629,0,2.42418,0.196281,0.808742,1.5209,0.481377,0,0.00102286,1.25375,1.81014,0.0496949
160.867845805,0.901953,0.000281128,2.64654,0.216894,0.64806,1.59706,0.711578,0.00417503,0.000139343,1.62188,1.72122,0.0659041
160.914285714,0.937027,0,2.80768,0.289905,0.448486,1.63965,0.651364,0.0682132,0,1.93754,1.50599,0.0599904
160.960725624,0.70349,0,2.89965,0.381456,0.118694,1.87294,0.543649,0.192324,0.0624432,2.1641,0.959323,0.017892
161.007165533,0.774083,0,2.81404,0.34454,0,2.15689,0.4885,0.516807,0.0906358,2.20275,0.69392,0.0223619
161.053605442,1.14523,0.22425,2.43842,0.20465,0.123518,2.11973,0.548005,0.816059,0.0568589,2.14924,0.979808,0
161.100045351,1.31086,0.197752,1.98327,0.0062302,0,2.38906,0.349399,1.13959,0.0133715,2.06164,1.23565,0.0229996
161.146485261,1.39748,0.126324,1.45997,0,0.0125665,2.59805,0.110396,1.34434,0,1.7962,1.16506,0.110243
161.192925170,1.53451,0.0250918,1.53299,0.0105552,0,2.7214,0.50311,1.90729,0,1.40986,0.545356,0.190312
161.239365079,1.50157,0.103468,1.12117,0.160867,0,2.48181,0.800225,2.06617,0.0204559,1.36545,0.375442,0.231983
161.285804989,1.3978,0.0235834,0.55477,0.269198,0,2.36658,0.846832,2.2871,0.0453185,1.12737,0.326844,0.617973
161.332244898,1.26833,0.000674107,0.2885,0.32897,0,2.38606,0.830018,2.62487,0.0662621,0.983592,0.43271,0.72628
161.378684807,1.14689,0.144947,0.289498,0.244168,0.0114164,1.96088,0.616963,3.078,0.0826335,0.917361,0.796724,0.274973
161.425124717,0.970083,0.559094,0.418109,0.233173,0,1.79359,0.00318949,3.40839,0.0879434,0.859747,0.521978,0.256831
161.471564626,1.23971,0.327776,0.443262,0.123197,0,1.70963,0.0159163,3.25043,0.16721,0.671335,0.269192,0.235344
161.518004535,1.49606,0.119291,0.636031,0.0382038,0,1.32493,0.0299023,2.95014,0.29389,0.963879,0.327584,0.639876
161.564444444,1.84252,0.181638,0.674558,0,0.157383,0.89972,0.0165942,2.18042,0.489812,1.2079,0.818746,1.01312
161.610884354,2.26101,0.206339,0.529167,0,0.383398,1.0958,0.0723886,1.3692,0.510241,1.29859,0.922652,0.767419
161.657324263,2.5965,0.163361,0.474483,0,0.456227,1.37429,0.0150233,1.377,0.0524869,1.30394,0.725314,0.354904
161.703764172,2.96553,0.172043,0.44283,0,0.466248,1.48059,0.0139152,1.54273,0,1.24104,0.461426,0.114175
161.750204082,3.19179,0.18923,0.377779,0,0.493223,1.34776,0.0131274,1.66044,0,1.18624,0.248753,7.56984e-05
161.796643991,3.29417,0.148001,0.274858,0.0090947,0.568309,1.0298,0.0180948,1.51902,0,1.33449,0.332102,0.0168796
161.843083900,3.01064,0.0354973,0.839312,0.00342353,0.462592,0.859225,0.0379981,1.53244,0,1.26284,0.755006,0.0933983
161.889523810,1.74437,0.128235,1.19575,0.00080378,0.347024,1.10914,0.057271,1.86148,0,1.39387,0.629739,0.473239
161.935963719,1.40527,0.387759,1.91272,0.00451075,0.0117676,1.65839,0.104172,1.75933,0.00118298,1.43957,0.363861,0.572929
161.982403628,1.42091,0.460658,2.20566,0.00790439,0.00926564,2.10866,0.0879845,1.34198,0.00211554,1.47426,0.171795,0.46051
162.028843537,1.28951,0.361152,2.18194,0.0122302,0.122334,2.38396,0.0224934,1.12021,0.0020911,1.22111,0.0370406,0.571122
162.075283447,1.19688,0.0520818,1.92012,0.0120699,0,2.69928,0.0187957,1.0593,0.00408481,1.08201,0.117318,1.15492
162.121723356,1.94701,0.00685126,1.08671,0.0116772,0,2.85508,0.0116318,0.929684,0.00395668,0.909325,0.099287,1.32906
162.168163265,1.96808,0.00242293,1.00057,0.00723207,0.0577589,2.71882,0.0191936,0.815988,0.0326851,0.6218,0.0700073,1.39279
162.214603175,1.82476,0.00268302,1.05894,0.00278841,0.272255,2.74115,0.0148992,0.825432,0.0394106,0.726599,0.0688602,1.21532
162.261043084,1.47662,0.00308261,0.815945,0.0354751,0.325044,2.63712,0.0138623,1.1105,0.0473366,0.631231,0.188414,1.09031
162.307482993,1.8311,0.00307297,0.37179,0.166943,0.210275,2.35804,0.173235,0.973646,0.00395223,0.0189743,0.207854,1.03092
162.353922902,1.82613,0.00277752,0.168011,0.146679,0.0213097,1.94693,0.223034,1.35298,0.00680394,0,0.387337,0.807889
162.400362812,2.44928,0.00212953,0.129686,0.114301,0.0229042,1.60172,0.199762,1.2541,0.00823308,0.0142385,0.161164,0.606701
162.446802721,2.79451,0.03242,0.073907,0.0602607,0.0657336,1.60431,0.0347405,1.55831,0.203629,0.0452865,0.11625,0.434852
162.493242630,3.04922,0.0320583,0.127692,0.0164208,0.118069,2.07444,0.025918,1.44312,0.22339,0.0311836,0.122943,0.132747
162.539682540,3.23388,0.0905052,0.148877,0.1907,0.159775,1.89544,0.0134787,1.36476,0.0465067,0.0466169,0.080915,0.11151
162.586122449,3.59553,0.113612,0.123854,0.235646,0.162923,1.28269,0,1.28338,0.0505063,0.0258977,0.206993,0.00862811
162.632562358,3.69074,0.00462762,0.11051,0.133793,0.182943,1.49938,0.00662917,1.17497,0.0912175,0.0652663,0.175049,0.0435125
162.679002268,3.50435,0,0.259611,0.0144698,0.233095,2.02239,0.0274371,1.19299,0.0451408,0.108393,0.324399,0.107379
162.725442177,2.8946,0.0633892,0.26006,0.0153609,0.286784,1.89401,0.0974813,1.23886,0,1.2128,0.640073,0.218741
162.771882086,1.53225,0.402893,0.529133,0.0107489,0.429211,1.5397,0.133849,0.931572,0,2.09672,0.541346,0.0949363
162.818321995,0.711115,0.500788,1.24518,0.101981,0.653389,1.24421,0.114011,0.716866,0,2.11494,0.333292,0.0418669
162.864761905,0.313359,0.415581,1.22676,0.0956012,0.527605,1.32045,0.140687,0.681459,0,2.11054,0.303974,0.0271332
162.911201814,0.29718,0.333745,1.29309,0.0579583,0.222528,1.1038,0.183969,1.09248,0.441216,2.09877,0.35848,0.0303677
162.957641723,0.546948,0.250215,1.03798,0.00707775,0,0.987934,0.154725,2.3301,0.959853,0.498413,0.135604,0.191815
163.004081633,0.653065,0.472734,0.977316,0.000474755,0.0273654,0.57184,0.0622577,2.74042,0.852418,0.0241111,0,0.320987
163.050521542,0.905048,0.427198,0.992613,0.0176891,0.00948982,0.380306,0.246955,2.59211,0.737212,0.0147234,0,0.357825
163.096961451,1.45938,0.628351,0.34413,0.0484433,0.00147412,0.282819,0.746355,1.95086,0.91911,0,0.0666457,0.262243
163.143401361,1.23723,0.764306,0.00237805,0.0958384,0.417568,0.421621,0.404135,1.85992,0.813156,0.168343,0.126659,0.86309
163.189841270,0.820171,0.604216,0.301082,0.211088,1.05575,0.329589,0.501673,0.771295,1.55002,0.505443,0.146973,0.639092
163.236281179,0.183538,0.730701,0.480445,0.215547,1.29544,0.18734,0.156636,0.727276,1.59204,0.757232,0.411379,0.613772
163.282721088,0.114689,0.600061,0.464868,0.169384,1.38644,0.0591672,0,0.411602,1.5199,1.01429,0.5876,0.610796
163.329160998,0.988096,0.218343,0.291788,0.117443,1.1211,0.540816,0,0.188559,1.41281,1.14402,0.473374,0.608154
163.375600907,0.95606,0.683513,0.366432,0.11174,0.942784,1.09032,0.150604,0.803355,0.909523,0.36404,0.328915,0.556019
163.422040816,0.693594,1.18109,0.371836,0.0548923,1.24,1.34407,0.0533926,1.07348,0.668459,0.0839438,0.167131,0.0904917
163.468480726,0.529048,1.41612,0.626236,0.0600589,1.10328,1.10071,0.00622626,1.23805,0.448336,0.00167535,0.236665,0.131261
163.514920635,0.392869,1.21968,0.904078,0.131271,0.848693,0.850631,0.0908412,1.47157,0.244466,0.137642,0.174299,0.0944171
163.561360544,0.687628,0.7462,0.667925,0.208099,0.697751,0.574352,0.12823,1.7235,0.147258,0.523035,0.145841,0.154585
163.607800454,0.816493,0.443573,0.562969,0.229219,0.976837,0.72145,0.0240388,1.7446,0.700895,1.3018,0.210744,0.0875702
163.654240363,1.38506,0.365371,0.250425,0.20775,1.09631,0.729045,0.0305345,1.2126,0.887912,1.92905,0.284251,0.0752096
163.700680272,1.40781,0.324775,0.239776,0.0534292,1.25042,0.989555,0.0311369,0.857081,0.865972,2.26696,0.291342,0.0918789
163.747120181,1.20671,0.371798,0.224472,0.0163376,1.42164,1.19307,0.0453841,0.696313,0.501207,2.739,0.021293,0.150002
163.793560091,1.31461,0.379112,0.233332,0.302447,1.17507,1.21594,0.0382478,0.660263,0.0812943,3.16714,0.0374784,0.179085
163.840000000,1.50154,0.281177,0.249071,0.378102,1.17257,0.997847,0.0361818,0.738959,0.0799937,3.05037,0.0820925,0.144395
163.886439909,1.68013,0.196636,0.262,0.372317,1.11857,0.873262,0.0341449,0.873366,0,3.14686,0.0970142,0.17779
163.932879819,1.74462,0.195386,0.261666,0.399916,1.07403,0.871998,0.014196,0.894862,0,3.26423,0.117563,0.139629
163.979319728,1.57475,0.40795,0.250299,0.392054,1.00014,1.04875,0.0041308,1.06651,0,3.31011,0.123028,0.147247
164.025759637,1.60835,0.586745,0.23716,0.247724,0.941554,1.151,0.00459494,1.25147,0,3.20853,0.105459,0.0989523
164.072199546,1.67757,0.584928,0.227211,0.0518901,0.931877,1.02777,0.0282559,1.63084,0,3.0587,0.0877604,0.000305896
164.118639456,1.26069,0.427755,0.628642,0.139536,1.04217,0.991138,0.0843032,1.71769,0,2.90433,0.124381,0.0237336
164.165079365,1.2995,0.23409,0.94053,0.218203,1.32304,1.02004,0.146617,1.59342,0,2.49262,0.142124,0.0181458
164.211519274,1.64838,0.212088,0.598906,0.167423,1.32645,0.715434,0.511875,1.52285,0.00332588,2.22484,0.159008,0.0875979
164.257959184,1.81837,0.441357,0.253318,0.079139,1.24575,0.610444,0.170218,1.49251,0,2.41428,0.0929207,0.17408
164.304399093,1.77171,0.541504,0.00344559,0.159776,1.12812,0.882508,0.0503384,1.59567,0.0160171,2.47429,0.0866854,0.157165
164.350839002,1.67431,0.328594,0.00252455,0.0994812,1.02488,1.3502,0.0143706,1.87668,0.102122,2.15256,0.0558082,0.135909
164.397278912,1.74619,0.876923,0.134868,0.158736,0.700627,1.55028,0.0967506,2.0639,0,1.39806,0.0538971,0
164.443718821,1.77786,0.411979,0.584196,0.247914,0.0278904,1.4422,0,1.59525,0.0362421,0.578613,0.959709,0
164.490158730,1.65781,0.24231,0.916008,0.0846632,0.106504,1.68902,0.0458329,1.21901,0.0435123,0.11629,1.99619,0
164.536598639,1.51531,0.21617,0.946837,0.00965375,0.191568,1.72541,0.00999335,0.952502,0.0468403,0.0134834,2.55299,0.101653
164.583038549,1.28362,0.017218,0.528002,0.00896496,0.0935139,1.97003,0.0684069,1.0505,0.038968,0.0432648,2.65492,0.163319
164.629478458,1.25414,0.132357,0.07379,0.0113773,0.199824,1.95904,0.349343,1.15967,0.00946771,0.0551829,2.18598,0.245204
164.675918367,1.48941,0.241435,0.0668728,0.0167214,0.266364,1.99309,0.561913,0.761027,0.0185069,0.0681351,1.84831,0.250266
164.722358277,1.38673,0.193058,0.177245,0.00708997,0.279177,2.03117,0.619629,0.463313,0.0780517,0.126106,2.41902,0.200808
164.768798186,1.20257,0,0.474731,0,0.129337,2.30903,0.62498,0.48273,0.0669057,0.190602,2.70531,0.169504
164.815238095,0.988773,0,0.550797,0,0.037925,2.56449,0.395052,0.679225,0.0160024,0.255345,2.8213,0.199175
164.861678005,0.964384,0.0833449,0.541288,0.0017025,0.0241669,2.57584,0.297119,1.07799,0.011668,0.221592,2.91408,0.171325
164.908117914,0.940712,0,0.47823,0.00699824,0.0460152,2.75174,0.0791325,1.42118,0.207862,0.243914,2.89072,0.151885
164.954557823,0.872222,0,0.62004,0.00852649,0.0344542,2.87792,0.0591082,1.3437,0.151755,0.306064,2.701,0.303914
165.000997732,1.02761,0.0689925,0.576099,0.0763314,0,2.61036,0.0245632,0.746393,0.0876521,0.399593,2.74504,0.510951
165.047437642,1.40626,0.087274,0.582252,0.100502,0,2.21124,0.0929016,0.640345,0.309834,0.410724,2.64505,0.40575
165.093877551,1.84699,0.0075845,1.07664,0.073355,0,1.06621,0.794581,1.14772,0.521008,0.264512,2.81777,0.0440423
165.140317460,1.58734,0.000570101,1.33974,0.000291685,0.000442319,0.47016,1.20711,1.78866,0.483236,0.113875,2.99127,0
165.186757370,0.727058,0.0103954,1.47797,0.370216,0.00675659,0.0929155,0.898712,2.2187,0.168227,0.0994901,2.64885,0.164069
165.233197279,0.0981387,0.00386868,1.38045,0.904927,0.0105074,0.171887,0.461673,2.7878,0.117662,0.100367,2.40726,0.216035
165.279637188,0.0061858,0,1.10884,1.82342,0.025231,0.207455,0.0482031,2.98564,0.104499,0.0878093,2.24312,0.176967
165.326077098,0,0,1.03742,1.9976,0.0324339,0.252438,0.0263459,2.59691,0.06302,0.434513,2.25695,0.225552
165.372517007,0.00163422,0,1.29625,1.91864,0.01936,0.55585,0,2.30157,0.0301841,0.550202,2.27764,0.198796
165.418956916,0.00669188,0,1.3874,1.89299,0.0140928,0.458134,0.0419284,2.43357,0.112826,0.21256,2.43401,0.227838
165.465396825,0,0,1.22634,2.0656,0.0100899,0.177213,0.133534,2.71916,0.121274,0,2.28449,0.267464
165.511836735,0.0210134,0,0.920175,2.26116,0.0574692,0.216117,0.103066,2.95295,0.0320982,0,1.76337,0.402505
165.558276644,0.0724564,0,0.733377,2.40442,0.015301,0.782949,0.000712025,2.8405,0.0159789,0,0.958747,0.579421
165.604716553,0.111539,0,0.89157,2.24176,0.0156355,0.785265,0,2.6068,0.0246181,0.00262282,1.44771,0.677495
165.651156463,0.169871,0,1.27379,2.18132,0.0357473,0.694476,0,2.10367,0.151375,0.0872691,1.65833,0.594594
165.697596372,0.146968,0,1.4676,2.19818,0.0401036,0.435964,0.235692,2.43725,0.126847,0.113646,1.88432,0.348471
165.744036281,0.0447241,0,1.47431,1.95329,0.0155366,0.336212,0.241627,2.77849,0.127001,0.104667,2.04782,0.572167
165.790476190,0,0,1.44363,1.78196,0,0.316701,0.291187,2.79143,0.112879,0.0854697,2.00709,0.732394
165.836916100,0,0,1.41259,1.78574,0,0.509427,0.445052,2.41119,0.124503,0.0724725,1.86072,0.469578
165.883356009,0.0604244,0.0435421,1.50453,1.68679,0.0252264,0.803152,0.535978,1.96717,0.134014,0.0223826,2.22279,0.227688
165.929795918,0.0998215,0.102247,1.59667,1.74962,0.0108506,0.873019,0.235,1.63384,0.123725,0.0204433,2.6113,0.176941
165.976235828,0.35649,0.0663603,1.2985,1.88701,0.0053096,0.596656,0.182347,2.0799,0.104509,0.0941168,2.68091,0.196888
166.022675737,0.350744,0,0.687802,2.21341,0.000804332,0.323883,0.142379,2.60663,0.108475,0.0954347,2.56671,0.286751
166.069115646,0.269414,0,1.22334,2.20695,0,0.143657,0.0654237,2.92543,0.117334,0.102419,2.62107,0.231312
166.115555556,0.112076,0,1.50123,1.73562,0,0.0937197,0.0122213,3.01793,0.128238,0.11236,2.83836,0.209804
166.161995465,0,0,1.70338,1.5547,0.00855091,0.0959463,0,2.86045,0.0964294,0.24626,2.83441,0.183979
166.208435374,0,0,1.7896,1.65787,0.0220926,0.0975714,0,2.68106,0.177433,0.118986,2.73897,0.146918
166.254875283,0.0046139,0,1.84153,1.72076,0.0150598,0.0980916,0,2.2393,0.369294,0.131148,2.84597,0.167609
166.301315193,0,0,1.96317,1.52092,0.00769128,0.100663,0,1.83581,0.403951,0.0396295,2.95706,0.254677
166.347755102,0,0.0209832,1.8303,1.50283,0.0148156,0.414504,0,1.87513,0.268436,0.0116845,2.75731,0.351856
166.394195011,0,0.575334,1.13432,1.77285,0.0122071,0.78745,0.0371259,2.02134,0.026321,0.0342629,2.3233,0.554848
166.440634921,0.517633,0.77675,0.622169,1.91464,0.028413,0.88992,0,2.3972,9.15608e-05,0.000493077,1.96813,0.550093
166.487074830,1.5191,0.365747,0.360045,1.92325,0.0129731,1.17029,0.0252014,2.32904,0.0506167,0.00813251,1.21127,0.36681
166.533514739,1.80163,0,0.245469,1.92296,0.0141537,1.03977,0,2.55316,0.155411,0.406521,1.03504,0.199348
166.579954649,1.75724,0,0.129775,1.53623,0,1.09071,0.0149442,2.41757,0.29283,0.225984,1.22923,0.024486
166.626394558,1.37289,0,0.052049,1.87029,0,1.58792,0.0451944,2.07746,0.243362,0.249001,1.58717,0.136063
166.672834467,0.629632,0,0.0383452,1.80781,0,2.34746,0.0682063,2.0025,0.150231,0.341794,1.596,0.135742
166.719274376,0.52842,0,0.188292,1.79116,0.0251833,2.61437,0.0347757,1.74933,0.0929057,0.402193,1.90776,0.000141319
166.765714286,0.643361,0.00797681,0.322045,1.59622,0.104728,2.40121,0.0285982,1.56058,0.0106862,0.35858,2.57883,0.00014189
166.812154195,0.614807,0,0.566329,1.16986,0.37391,1.98207,0.0871879,1.84457,0.130849,0.211056,2.79734,4.4093e-05
166.858594104,0.387581,0.0135443,0.806404,1.05808,0.366285,1.11985,0.0125607,2.54877,0.104883,0.162742,2.96825,0
166.905034014,0.201844,0.0283008,1.04434,1.31098,0,0.624545,0.0122185,3.02637,0.125369,0.116336,2.96121,0
166.951473923,0.143503,0,0.734795,1.81263,0.00191048,0.316425,0,3.02881,0.126263,0.091321,2.88831,0
166.997913832,0.257319,0.00743425,0.171235,1.69146,0.0243086,0.26853,0,2.58032,0.113512,0.0863118,2.94949,0
167.044353741,0.227972,0.169267,0.0869242,1.18009,0.071576,0.772296,0,1.87807,0.0899685,0.0324445,2.74089,0.0127437
167.090793651,0.175527,0.658469,0.00211726,0.787116,0.224505,1.11305,0.0322264,1.56093,0.13788,0.0320559,2.76495,0.0252484
167.137233560,0.0992837,1.0767,0.585054,1.1646,0.282556,0.946386,0.110477,1.54552,0.26163,0.254418,2.54782,0
167.183673469,0.020639,1.04811,1.07344,1.54387,0.375447,0.635809,0.132513,1.4434,0.0981982,0.443689,2.28418,0.00376113
167.230113379,0,0.664192,1.40764,1.39322,0.371429,0.435386,0,1.67966,0,0.470379,2.22441,0.00116647
167.276553288,0,0.138933,1.53569,1.17336,0.282491,0.431088,0.0407889,2.20719,0,0.447382,2.25179,0.00177058
167.322993197,0,0.0646067,1.38349,1.36461,0.21273,0.553947,0,2.69587,0.0189383,0.29006,2.08518,0.0454027
167.369433107,0,0.0199478,1.28046,1.43953,0.0599425,0.304751,0,2.88537,0.110213,0.0684371,1.95339,0.0792868
167.415873016,0.524459,0.037675,0.850537,0.779016,0.0181897,0.0642313,0,2.93325,0.122916,0.124497,2.1641,0.0339607
167.462312925,1.14745,0.0251502,0.729961,0.391092,0.0134512,0.144421,0.101717,2.49358,0.174125,0.127049,2.26288,0.0488599
167.508752834,1.49438,0.0106932,1.13087,0.324065,0,0.621532,0.0230841,1.99761,0.169129,0.120036,2.07343,0.262218
167.555192744,1.62124,0.00223872,1.22393,0.475049,0,0.823255,0.00982352,1.97536,0.180949,0.095474,2.28655,0.24154
167.601632653,1.33865,0,1.29413,0.734661,0.0327078,1.0116,0.210533,1.79355,0.157211,0.315764,2.46878,0.0383886
167.648072562,0.913402,0,1.60914,0.909338,0.0237936,1.05646,0.900417,1.14862,0.157448,0.256822,2.76229,0.185928
167.694512472,0.635174,0.181932,1.93761,0.774688,0,0.697117,0.997603,1.0588,0.172581,0.0739729,3.07089,0.275568
167.740952381,0.368758,0.290116,2.07708,1.07425,0.00368687,0.48955,0.76308,1.49049,0.151762,0.083879,3.02004,0.202057
167.787392290,0.00178683,0.0385096,2.22689,1.60861,0.0126589,0.535748,0.316139,1.69526,0.127233,0.229049,2.83851,0
167.833832200,0,0.0159437,2.31618,1.65855,0.000246237,0.827128,0,1.7687,0.113355,0.495029,2.24824,0.138686
167.880272109,0,0,2.28213,1.64498,0.00525763,0.909957,0,1.91723,0.101698,0.46082,2.16323,0.328702
167.926712018,0.0474934,0,2.3396,1.76149,0.00800767,0.740987,0,1.76364,0.0610481,0.449718,2.05362,0.318903
167.973151927,0.0460622,0,2.31491,1.92793,0.0165241,0.643722,0.0265927,1.99599,0.0179903,0.555855,1.76341,0.340651
168.019591837,0.0291556,0,2.27796,1.89331,0.0172975,0.534597,0.0823479,2.37063,0.0113139,0.670457,1.76831,0.609874
168.066031746,0,0,2.38398,1.5968,0.0150939,0.399399,0.100318,2.62273,0.0600863,0.839252,2.01548,0.504667
168.112471655,0,0,2.40751,1.19584,0.0142446,0.977832,0.0447298,2.27149,0.2611,0.877863,1.97282,0.378808
168.158911565,0.396389,0,2.15167,1.06839,0.156608,2.01625,0.0428815,1.18122,0.428062,0.639042,2.05139,0.21922
168.205351474,0.693747,0.000443937,2.23276,1.13818,0.0681745,2.76931,0,0.314783,0.50771,0.69249,1.8207,0.128533
168.251791383,1.30433,0.00150565,1.87093,1.33852,0.015144,2.57328,0,0.0280344,0.316954,0.902145,2.16097,0
168.298231293,1.56856,0,1.14761,1.63626,0.0601844,2.47417,0,0.0953458,0.175963,1.22827,2.03942,0
168.344671202,1.7634,0,0.966698,1.78833,0.181282,2.25994,0.184673,0.151753,0.15982,1.38703,1.6971,0
168.391111111,1.49503,0,1.41207,1.19048,0.227056,2.09659,0.120963,0.50338,0.23246,1.25305,1.56086,0.0690851
168.437551020,1.22102,0.0172132,1.84873,0.828183,0.128495,1.87735,0,0.793473,0.207425,0.772908,1.54356,0.159908
168.483990930,0.766999,0.0505545,2.08441,0.979155,0.0133926,1.37124,0,0.819815,0.353257,0.550759,1.86933,0.165304
168.530430839,0.356689,0.0740179,1.65047,1.06963,0.106546,0.637177,0.0148766,1.2617,0.153673,0.582439,2.14956,0.136314
168.576870748,0.156856,0.0777192,1.14332,1.42572,0.151841,0,0.291896,2.29836,0.172515,0.186163,2.34073,0.089239
168.623310658,0,0.0657872,0.968983,1.76422,0.0662506,0.0345923,0.5918,2.61451,0.168759,0.0719606,2.10214,0.296987
168.669750567,0,0.00884305,0.833616,2.05201,0.0333527,0.250654,0.574111,3.18853,0.147021,0.0437092,1.80197,0.343385
168.716190476,0.0382595,0.00296296,0.634383,2.27101,0.0697709,0.176455,0.109525,3.48271,0.146057,0.0196444,1.64685,0.208744
168.762630385,0.0854653,0.0329013,0.614174,2.35643,0.067323,0.344443,0,3.47451,0.101473,0.0185691,1.46267,0.113874
168.809070295,0.133756,0,0.675453,2.28457,0.0794382,0.682841,0,3.46306,0.0391923,0.0292499,1.31207,0.164877
168.855510204,0.027235,0,0.713534,2.19389,0.0944454,0.604241,0.0457917,3.627,0.157982,0.0735093,1.41369,0.185719
168.901950113,0.0969045,0.0983444,0.686256,2.31238,0.128986,0.617073,0.000892356,3.50853,0.142281,0.0944576,1.08683,0.216544
168.948390023,0.186429,0.155058,0.691261,2.20447,0.247606,0.702556,0.14868,3.3675,0.0174478,0.0371043,1.13895,0.347063
168.994829932,0,0.0584169,0.790668,2.19352,0.31603,0.776055,0.159102,3.46814,0,0.0022748,1.60614,0.324732
169.041269841,0,0.043615,0.647962,2.18444,0.357977,0.481884,0.0908249,3.38833,0,0.014592,2.1144,0.270796
169.087709751,0,0.0355979,0.474233,2.25957,0.328602,0.142552,0,3.43323,0.11478,0.0438442,2.17889,0.338044
169.134149660,0,0.0209855,0.513717,2.08366,0.369531,0.169972,0.0095873,3.48944,0.168819,0.0872069,2.00839,0.293713
169.180589569,0.0511841,0.0109987,1.01391,1.81435,0.0650209,0.296006,0.112693,3.37149,0.167472,0.112352,1.88617,0.24345
169.227029478,0,0,1.07923,1.48754,0.0167984,0.797833,0.396213,2.9578,0.177818,0.102897,2.35585,0.17414
169.273469388,0,0,1.30474,1.20938,0.0266535,1.23986,0.634289,2.31233,0.159348,0.0861759,2.76241,0.079797
169.319909297,0,0,1.58734,1.24137,0.0539973,1.47612,0.401871,2.12707,0.136202,0.0571888,2.75047,0.0904111
169.366349206,0.136494,0,1.78513,1.36662,0.0121526,1.36444,0.296392,1.98554,0.2046,0.0314745,2.51136,0.129054
169.412789116,0.277232,0,1.91411,1.39506,0.0276122,1.10671,0.157543,1.94276,0.312531,0.0769544,2.09987,0.222562
169.459229025,0.150212,0.00484552,1.81224,1.67724,0.024241,0.619459,0.151643,2.49901,0.14101,0.0895754,1.81577,0.199155
169.505668934,0,0.00506894,1.71524,1.91267,0.0259383,0.0216814,0.00952461,2.93987,0.123269,0.0827213,2.00684,0.138143
169.552108844,0,0,1.67136,1.93971,0.00667181,0.0388195,0,3.19032,0.119865,0.229497,2.24967,0.159163
169.598548753,0,0,1.64372,1.79797,0.036039,0.09542,0.00430233,3.32178,0.112337,0.25207,2.42414,0.122958
169.644988662,0.02943,0,1.73409,1.68432,0.0116799,0.23861,0.37555,3.09977,0.0538731,0.00266999,2.48205,0.107423
169.691428571,0.0310914,0,1.66947,1.64994,0.0134459,0.219614,0.623168,2.77122,0.109841,0.0368349,2.51622,0.110596
169.737868481,0,0,1.67285,1.67009,0.0144828,0.116707,0.556003,2.81006,0.127653,0.0459129,2.65442,0.35179
169.784308390,0,0,1.78589,1.71953,0.0154876,0.116815,0,2.92308,0.0438033,0.00760762,2.33749,0.776347
169.830748299,0,0,1.81615,1.56929,0.0485407,0.293408,0,2.96065,0.0367792,0.0033776,2.29003,0.705541
169.877188209,0.543505,0.00334538,1.55856,1.55357,0.0573552,0.80178,0,2.90425,0.0408454,0.00225142,1.96644,0.751117
169.923628118,1.32266,0,0.392535,1.7645,0.0617081,1.13465,0,2.75864,0.125966,0.787387,1.35021,0.79012
169.970068027,1.82581,0,0.141345,1.7125,0.0220826,0.870574,0.0151729,2.50473,0.242696,1.2048,1.18921,0
170.016507937,1.97615,0,0.196415,1.34758,0.00545667,1.05998,0.0739896,2.15887,0.363913,1.16426,0.88056,0
170.062947846,1.42407,0,0.0798149,0.844147,0.00833712,1.76386,0.186096,1.9142,0.311306,0.955128,1.11183,0
170.109387755,1.32642,0,0.0811005,0.320227,0.1234,2.45038,0.290218,1.49363,0.310511,0.513711,1.77488,0.235352
170.155827664,1.42594,0,0.510116,0.14642,0.269584,2.39447,0.0728068,0.911189,0.182778,0.176409,2.02521,0.302828
170.202267574,1.43811,0.246802,0.615941,0.213544,0.120726,2.18242,0.0970798,1.07063,0.138876,0.102459,1.81164,0.152672
170.248707483,0.760879,0.295538,0.3898,0.471301,0.0198388,2.04142,0.299025,1.62582,0.157897,0.604941,1.5944,0.16011
170.295147392,0.206839,0.351635,0.527537,1.17111,0.0131949,1.86933,0.274123,1.69448,0.273794,1.01924,1.23963,0.432553
170.341587302,0.109015,0.225254,0.608683,1.53315,0,1.8504,0.201204,1.93364,0.294033,1.05478,1.37757,0.354692
170.388027211,0.347567,0.0205028,0.302192,1.2664,0,1.955,0.217869,2.02883,0.184845,0.647454,1.73289,0.240382
170.434467120,0.414239,0.0416354,0.444935,1.14905,0.428023,2.10271,0.104966,1.1675,0.134194,2.04509,1.14535,2.86678e-05
170.480907029,0.615154,0.147315,0.602825,0.705883,0.885102,1.24695,0.164304,0.418705,0.106804,3.14492,0.634203,0.0474708
170.527346939,0.557339,0.439594,0.600338,0.371056,0.833693,1.02132,0.130227,0.30797,0.0781017,3.78076,0.447635,0
170.573786848,0.223965,0.618766,0.658823,0.533612,0.54431,0.968044,0.227479,0.270176,0.0413708,4.00156,0.359941,0
170.620226757,0.0581071,0.655298,0.958714,0.820255,0.461959,0.738741,0.0996839,0.179727,0,4.02686,0.270769,0.313789
170.666666667,0.00158196,0.213479,1.38882,1.11132,0.614414,0.0273168,0.730982,0.0606141,0,3.62451,0.406445,0.335156
170.713106576,0.145945,0,1.62073,0.748331,0.912806,0.399284,0.411817,0.866371,0,2.7777,0.999453,0.417987
170.759546485,0,0.0190876,1.74434,0.816837,0.947423,0.419571,0.0400616,1.85258,0,1.42877,2.00863,0.720317
170.805986395,0.0665358,0.200881,0.973894,1.21374,0.862053,0.184826,0.0898585,2.35107,0.16016,0.180483,3.1611,0.307259
170.852426304,1.06532,0.0918691,0.398984,1.39077,0.483156,0.162518,0.0576765,2.74727,0.162527,0.150563,3.35901,0.0783009
170.898866213,1.69727,0,0.328416,1.36089,1.00103,0.0947968,0.204879,2.33933,0.187573,0.750358,2.51986,0.0571324
170.945306122,1.97262,0,0.388065,1.32676,1.09548,0.136988,0.333211,2.04325,0.155641,1.3679,1.55472,0.110179
170.991746032,2.05167,0,0.389177,1.43339,1.02927,0.185275,0.192254,1.77478,0.157086,1.92919,1.07602,0
171.038185941,2.09608,0,0.270961,1.35355,0.95489,0.178704,0,1.68811,0.269452,2.29922,0.747912,0
171.084625850,1.96061,0.0255325,0.409487,1.32518,1.14712,0,0.0413183,1.53582,0.291549,2.2624,0.754036,0
171.131065760,1.47896,0.156593,1.27423,1.19367,1.20856,0,0.137067,1.38257,0.116511,1.18745,1.31042,0.281146
171.177505669,0.772266,0.34988,2.05342,0.413782,1.50941,0,0,1.75809,0.104153,0.437667,2.12267,0.513157
171.223945578,0.391806,0.254967,1.90317,0.139413,1.48882,0,0,2.58601,0.102975,0.884394,1.98356,0.533818
171.270385488,0.398392,0.0610187,1.59013,0.045274,1.35163,0.187673,0,2.80418,0.12109,1.32747,1.97375,0.363607
171.316825397,0.301607,0.0643384,1.57709,0.0318543,1.09153,0.45716,0,2.30622,0.0873727,1.19298,2.36029,0.165873
171.363265306,0.306923,0.277966,2.01636,0.0326466,0.669937,0.893289,0,1.49523,0.0482284,0.906974,2.57767,0
171.409705215,0.390341,0.225188,2.22507,0.0723153,0.335594,1.67225,0,1.325,0.0122215,0.937407,2.12281,0
171.456145125,0.700069,0.0440162,2.26491,0.0859139,0.216566,1.39711,0.0435578,1.80788,0.0217887,0.848784,1.99762,0
171.502585034,0.791372,0,2.24812,0.351065,0.193139,1.31241,0.0418846,1.69603,0.0412144,0.560394,2.58126,0
171.549024943,0.631543,0,2.04014,0.565294,0.392721,1.23892,0.0233426,1.5094,0.434568,0.455608,2.96071,0
171.595464853,0.64222,0,1.73624,0.600595,0.445862,1.3233,0,1.48057,0.498889,0.542216,3.10188,0.00914283
171.641904762,0.744648,0,1.71767,0.228245,0.296279,1.16974,0.0463369,1.97578,0.503685,0.252378,3.27352,0.0196093
171.688344671,0.880535,0,1.89688,0.152639,0.234134,0.970299,0.00441111,2.22284,0.175274,0.00177522,3.23377,0.0353675
171.734784580,0.991424,0.0965315,1.69061,0.668781,0.401461,0.772328,0.0075703,2.46755,0.0211434,0.00139571,2.90795,0.206299
171.781224490,1.02985,0.238714,1.66771,1.275,0.293387,0.765255,0.0678249,2.20247,0.00332607,0.044416,2.81375,0.223143
171.827664399,0.908181,0.217064,2.07456,1.27765,0.0133665,0.674711,0.0899691,1.79992,0.0977299,0.000969808,3.1338,0.122
171.874104308,0.458554,0.173884,1.97239,1.28843,0.0273752,0.530241,0.068698,2.0078,0.0908477,0,3.28837,0.11433
171.920544218,0.458124,0.0898224,1.97769,1.10224,0.21383,0.502361,0.138542,1.73946,0.166912,0.315328,2.88189,0.143336
171.966984127,0.923643,0.0251452,2.01019,0.248017,0.427939,0.879361,0.353939,1.1781,0.174865,1.22143,2.00281,0.381617
172.013424036,1.21724,0.265924,1.52483,0.146472,0.651055,1.10237,0.429639,0.384509,0.247217,1.80128,0.926609,0.493395
172.059863946,1.06854,0.435949,1.10471,0.110102,0.751857,1.73959,0.344756,0.060089,0.503432,2.3485,0.490809,0.246743
172.106303855,0.962899,0.356193,0.913397,0.0857619,0.613111,2.04251,0.337417,0.0635594,0.20469,2.77202,0.673404,0.0670849
172.152743764,1.04502,0.283381,0.9111,0.0231457,0.571239,2.58792,0.237959,0.00155883,0.0567439,3.0698,0.249574,0.0870568
172.199183673,1.20205,0.270656,0.717545,0.0156164,1.20146,2.37588,0.172221,0.167702,0.00477535,3.36006,0.183906,0.0535593
172.245623583,1.08945,0.313676,0.476433,0.010054,1.23317,2.36125,0.0340591,0.429296,0.00406662,3.45825,0.00523735,0.0640243
172.292063492,0.775963,0.181344,0.581466,0.00245053,1.19228,2.33847,0.030735,0.134465,0.361152,3.42299,0,0.16119
172.338503401,0.317566,0.021133,0.747549,0.00165111,0.936099,2.35952,0.0342447,0.0842326,0.352434,3.23166,0,0.313453
172.384943311,0.168364,0.0147142,1.00413,0.00271481,0.686039,2.48941,0.035488,0.0993137,0.287523,2.99521,0.033559,0.480453
172.431383220,0.301996,0.0380201,0.91462,0.0462671,0.578663,2.16113,0.0315888,0.115233,0.317481,3.0473,0.0932376,0.536131
172.477823129,0.609322,0.0667815,0.615043,0,0.503062,2.27917,0.0288406,0.0932986,0.249781,3.217,0.132209,0.362228
172.524263039,1.05548,0.0316191,0.296293,0,0.374412,2.66258,0.018751,0.0550149,0.116462,3.33363,0.127587,0.251983
172.570702948,0.963514,0.0540986,0.558517,0,0.319744,2.87337,0.00344455,0.00295323,0.137114,3.39773,0.0979943,0.243805
172.617142857,0.617645,0.0784587,1.39907,0,0.256953,2.81963,0.0131697,0.0193184,0.24636,3.03678,0.18419,0.215007
172.663582766,0.176406,0.0520023,1.80643,0,0.24703,2.60238,0.0308254,0.200253,0.344261,2.33788,0.559114,0.0837088
172.710022676,0.121534,0.00735291,2.01011,0,0.124236,2.25569,0.0803078,0.366295,0.105611,2.27288,1.26109,0.0349149
172.756462585,0.214967,0.00145428,2.28307,0,0.139254,2.0108,0.0481087,0.303684,0.0357682,2.21675,1.61468,0.0727616
172.802902494,0.220073,0,2.43728,0,0.275677,2.0762,0.123284,0.25547,0.10278,2.31483,1.41021,0.102886
172.849342404,0.793484,0,2.42905,0,0.225108,2.21154,0,0.292908,0.112325,2.49392,1.14659,0.0395014
172.895782313,0.960246,4.51524e-05,2.64332,0,0.167739,2.27067,0,0.169128,0.113519,2.54511,1.10707,0.0629127
172.942222222,0.774313,0,2.94453,0,0.103017,2.26281,0.0201699,0.0531714,0.179491,2.37249,0.897964,0.137092
172.988662132,0.84315,0,2.91068,0,0.0950876,2.37809,0.0609926,0.0280215,0.333137,2.1049,0.584231,0.181767
173.035102041,0.986813,0,2.23004,0.167634,0.120431,2.38533,0.0586651,0.118004,0.401654,1.9446,0.474436,0.187359
173.081541950,1.01554,0.0222707,1.6373,0.245201,0.142883,2.18679,0.170373,0.228553,0.374267,1.36944,1.0167,0.171543
173.127981859,0.830402,0,1.55633,0.204051,0.156781,2.08447,0.177465,0.418338,0.194502,0.99017,1.606,0.157322
173.174421769,0.468449,0,1.92769,0.0798758,0.148069,2.25625,0.0824451,0.502286,0.0866069,1.06659,1.59386,0.146663
173.220861678,0.38133,0,2.19479,0,0.1386,2.60314,0.029722,0.292478,0.0527911,1.32126,1.1466,0.232244
173.267301587,0.314524,0,1.61099,0,0.134839,3.05317,0.0261746,0.0752149,0.0429365,1.75627,0.763565,0.265853
173.313741497,0.449699,0.126723,0.763721,0,0.129945,3.26233,0.0281382,0,0,2.04019,1.4625,0.171479
173.360181406,0.991997,0,0.216666,0,0.123741,3.22205,0.0390591,0,0,2.22351,1.62338,0.067019
173.406621315,1.26101,0,0.280224,0.201146,0.13245,3.37853,0.0578138,0.00605057,0.00735246,2.18258,1.11443,0.104684
173.453061224,1.14862,0,1.00282,0.399641,0.14152,3.58268,0.0643621,0.0301264,0.0622212,1.93894,0.347098,0.139715
173.499501134,0.865014,0,1.72455,0.596781,0.155463,3.32969,0.271639,0.0182811,0.484858,1.96858,0.0518178,0.068865
173.545941043,0.477204,0.177237,1.95385,0.508609,0.151003,2.80222,0.432002,0.0293519,0.368322,2.15954,0.268145,0
173.592380952,0.263672,0.230418,1.94398,0.210271,0.0890451,2.55556,0.538546,0.0340933,0.131614,2.1444,0.732783,0
173.638820862,0.320811,0.112687,2.00853,0.0851615,0.0229703,2.46222,0.481459,0.239834,0.0846581,2.03969,0.972636,0.233735
173.685260771,0.570844,0,1.94052,0.118706,0.00361197,2.43229,0.491455,0.222877,0.0789204,2.01336,0.880278,0.286059
173.731700680,1.20075,0,1.28024,0.151119,0.0142626,2.82977,0.31846,0.0829063,0.0918756,1.90326,0.990201,0.179719
173.778140590,1.32456,0.0124992,0.793162,0.175013,0.0427427,3.10402,0.174011,0.00221748,0.0946171,1.93419,1.44424,0.00767421
173.824580499,1.37208,0.0415642,0.54422,0.198717,0.033905,3.19611,0.12899,0,0.0882291,2.02359,1.44421,0
173.871020408,1.19462,0,0.214464,0.205816,0.023815,3.21245,0.0898746,0,0.0898623,1.96778,1.08105,0
173.917460317,1.22185,0.126235,0,0.191738,0.0163151,2.54867,0.0707504,0.90539,0.0528581,1.77764,0.897421,0.000412069
173.963900227,1.73156,0.241853,0,0.177851,0.0177248,1.82898,0.397945,1.41186,0.0240514,1.64198,0.609696,0
174.010340136,1.84131,0.163007,0,0.131876,0.0180031,2.05681,0.0848263,1.49111,0.0112853,1.55418,0.592914,0
174.056780045,2.07894,0.021858,0.464883,0.148405,0.0163404,2.24334,0.0424136,1.19081,0,1.68415,0.800039,0
174.103219955,1.79566,0.0895227,0.853745,0.273089,0.0182931,2.81632,0.0381304,0.970998,0,1.71731,0.808765,0.0116851
174.149659864,1.83401,0.0746167,0.587948,0.322111,0.0261401,3.18595,0.0348766,0.598159,0.00272817,1.9096,0.677778,0.244054
174.196099773,2.37696,0.013707,0.270292,0.292766,0.259972,3.24465,0.0391339,0.497491,0.0091971,1.75297,0.363544,0.184091
174.242539683,2.85469,0,0.162892,0.0900047,0.410415,2.61865,0.0526125,0.600782,0.0185273,1.76469,0.725563,0.0622426
174.288979592,2.76335,0,0.094136,0.142023,0.39131,1.92183,0.0499156,0.709474,0.0338051,1.80053,1.04757,0.0981049
174.335419501,1.81922,0,0.945332,0,0.180678,1.74162,0.180007,0.62253,0.0792003,1.96488,1.08525,0.368887
174.381859410,0.291695,0,2.00041,0,0.0220496,1.89947,0.311822,0.773618,0.100066,1.90396,0.90345,0.663616
174.428299320,0.363259,0.000466406,2.59711,0,0.0276751,1.81466,0.258779,0.530248,0.0873756,1.94344,0.988328,0.293161
174.474739229,0.50799,0.0188658,2.67272,0,0.0350025,1.65876,0.329661,0.626449,0.0715084,2.06025,0.895315,0.0220316
174.521179138,0.274029,0,2.61597,0,0.0329332,1.8263,0.537985,0.741685,0.0728331,2.75355,0.370922,0.0111277
174.567619048,0.296336,0,3.09097,0,0.0375837,1.75103,0.708299,0.274276,0.0828026,3.03905,0.205542,0.000173904
174.614058957,0.24684,0,3.38631,0,0.211851,1.12263,0.807294,0.260775,0.0554698,3.08782,0.169134,1.66482e-06
174.660498866,0.0474329,0,3.45915,0,0.306295,0.990648,0.297828,0.451459,0.0441934,3.10191,0.270615,0
174.706938776,0,0.0346712,3.2234,0.859911,0.253476,1.02768,0.0290392,0.593475,0.0398991,3.01114,0.534949,0
174.753378685,0,0.289222,2.63891,0.963261,0.093346,1.06304,0.0342223,1.00543,0.240754,2.59144,0.747774,0.0962691
174.799818594,0.0136732,0.282064,2.60415,0.678667,0.0134819,1.10994,0.042738,1.7896,0.62168,1.54608,0.916484,0.194739
174.846258503,0.17292,0.0519974,2.33185,0.458535,0.0147071,1.11699,0.0493545,2.42491,0.530567,0.799653,1.38493,0.187236
174.892698413,0.12754,0,2.10999,0,0.0156207,1.30002,0.0362644,2.74827,0.0480939,1.00929,1.76881,0.182717
174.939138322,0.050756,0,2.00218,0,0.0167134,1.58929,0.0337834,2.87664,0.187278,0.825068,1.61763,0.12913
174.985578231,0.330108,0,1.39798,0,0.0158479,1.95795,0.0325357,3.12085,0.340358,0.782945,1.07288,0.0203145
175.032018141,0.813456,0.0154106,0.807801,0,0.0136865,2.48743,0.0341107,3.00305,0.367362,1.18246,0.81726,0.0863713
175.078458050,1.3045,0,0.723594,0,0.0261143,2.88788,0.0384084,2.56812,0.303817,1.41599,0.442288,0.231144
175.124897959,1.67775,0,0.827322,0,0.0168446,3.10894,0.0443126,2.13371,0.202754,1.36179,0.245861,0.298906
175.171337868,1.35444,0.38618,1.08175,0,0.0598014,3.101,0.0516341,1.89262,0.00620438,1.30741,0.332071,0.266501
175.217777778,1.61442,0.565959,1.08689,0,0.486931,2.58839,0.0776083,1.70934,0.00352176,1.63151,0.324872,0.165199
175.264217687,2.2992,0.281699,0.794366,0,0.62026,1.35616,0.0491273,2.07503,0.000516281,1.9275,0.302936,0.121969
175.310657596,2.48817,0,0.892997,0.142391,0.558549,1.15833,0.256925,2.02547,0.00435851,2.10403,0,0.119784
175.357097506,2.44288,0.0411169,0.711837,0.173786,0.386587,1.30499,0.176583,1.79006,0.00517501,2.1184,0.154953,0.302291
175.403537415,2.44073,0.0958347,0.502469,0.128474,0.142452,1.6254,0.053725,1.76706,0.00710711,2.19266,0.308265,0.397285
175.449977324,2.29246,0.0900644,0.261577,0,0.119398,2.31344,0.237253,1.40486,0.0672861,2.12718,0.491801,0.282911
175.496417234,2.08082,0.12438,0.295095,0,0.131585,2.784,0.205287,1.20564,0.0878165,1.74678,0.912371,6.3889e-05
175.542857143,2.11737,0.0917317,0.266525,0,0.124235,3.00485,0.0873207,1.35716,0.0776299,1.2942,0.800097,1.22645e-06
175.589297052,2.45185,0,0.284373,0,0.113657,2.96343,0.00737612,1.1218,0.0706326,1.26599,0.719631,0
175.635736961,2.53547,0,0.216023,0,0.100157,2.90665,0.0221488,1.11215,0.00435481,1.20669,0.389562,0.423547
175.682176871,2.60029,0.00169866,0.0462218,0,0.097927,2.94702,0.142385,1.18032,0.24308,1.43619,0.144107,0.384064
175.728616780,2.78497,0,0,0,0.099516,3.06144,0.290752,1.04852,0.382945,1.56361,0.216121,0.0778987
175.775056689,2.79196,0,0,0,0.096478,2.81543,0.0379797,1.11732,0.182725,1.53689,0.45824,0.0518338
175.821496599,2.61434,0.00321116,0,0.212618,0.208191,2.57067,0.0408262,1.30807,0,0.951805,0.671885,0.156429
175.867936508,2.3018,0,0.0134704,0.249213,0.152514,2.97919,0.199293,1.22301,0,0.448147,0.769533,0.169706
175.914376417,2.29576,0,0.167473,0.16716,0.120793,3.35757,0.123489,0.847507,0,1.1597,0.87028,0.0220637
175.960816327,2.40205,0,0.1926,0,0.0865026,3.38926,0.0370437,0.846057,0,1.37129,0.885348,0.0328518
176.007256236,2.49402,0,0.019966,0,0.0654886,3.0069,0,1.23094,0.0562196,1.32149,0.916849,0.0340542
176.053696145,2.3556,0,0.472915,0,0.0644254,2.60541,0,1.61306,0.0985338,0.987493,0.796955,0.268301
176.100136054,1.96754,0,1.43683,0,0.122784,2.35654,0.0391636,1.67041,0.133946,0.631289,0.939175,0.603546
176.146575964,1.51484,0,1.96231,0,0.134027,2.2914,0.115476,1.40587,0.0782988,0.677589,1.24493,0.933551
176.193015873,1.70776,0,2.21882,0,0.067071,2.16251,0.0950055,0.901676,0.0456317,1.0579,1.10625,0.924144
176.239455782,1.82684,0.285117,2.10278,0,0.0547043,2.03406,0.084785,0.774218,0.0404354,1.09654,0.953653,0.640109
176.285895692,2.07192,0.577792,1.71676,0,0.032423,2.22189,0.0569378,0.606841,0.08529,1.09635,0.885671,0.454646
176.332335601,2.19348,0.644351,1.09614,0,0.0248416,2.53474,0.00859197,0.83666,0.124005,1.47737,0.967114,0
176.378775510,1.96567,0.308717,0.791798,0,0.0361963,2.8439,0,0.940658,0.106597,1.90321,1.16332,0
176.425215420,1.51624,0.157033,1.14061,0,0.0572452,2.94633,0.00197211,0.912594,0.0908372,2.04502,1.15782,0
176.471655329,1.24618,0.288796,1.9418,0,0.0870905,2.99549,0.0406769,0.75797,0,1.76413,1.24225,0.0022944
176.518095238,1.76544,0.146881,2.38996,0,0.0762425,3.01003,0.0344684,0.702335,0,1.29827,1.46009,0.104933
176.564535147,2.11281,0,2.4576,0,0.0223748,2.93168,0.0345938,0.611908,0,1.0785,1.55454,0.0474328
176.610975057,2.12848,0,2.38714,0,0.0163758,2.93221,0.0383604,0.610852,0.0191133,0.969991,1.39387,0.0618583
176.657414966,1.90519,0.255786,2.19942,0.0433084,0.102569,2.82939,0.0388455,0.876362,0,1.52046,0.813692,0.0553739
176.703854875,1.74431,0.472584,1.62075,0.304048,0.0305221,3.10623,0.0280924,0.857903,0,1.98673,0.367664,0.0650622
176.750294785,1.77209,0.502322,0.587163,0.555737,0.0699746,3.43284,0.035457,0.497645,0,2.05159,0.65646,0.0345103
176.796734694,1.90785,0,0.103619,0.406047,0.0889121,3.50589,0.0491052,0.280312,0,2.01563,1.02202,0
176.843174603,1.86154,0.0633722,0.0919968,0.26781,0.0740934,3.4376,0.0617253,0.229523,0.247966,1.77724,0.877653,0.265671
176.889614512,1.69136,0.323475,0.675441,0.211864,0.0437807,3.25937,0.0692975,0.432389,0.876832,1.50892,0.818378,0.426736
176.936054422,1.6417,0.457289,1.29875,0.428892,0.0160363,2.7901,0.115776,0.402664,0.916567,1.44546,0.807414,0.326858
176.982494331,1.89122,0.363886,1.11963,0.394691,0.0556765,2.11123,0.607434,0.315808,1.23207,1.30831,0.807817,0.397049
177.028934240,2.07206,0.134544,1.04922,0,0.106463,2.07348,0.79047,0.561891,1.30623,0.969569,0.984997,0.23373
177.075374150,1.9807,0.0854738,1.05552,0,0.228895,1.93477,0.724173,0.845119,0.966167,0.687835,0.928376,0.199485
177.121814059,2.0063,0.27828,1.19065,0.0298151,0.311082,1.8609,0.215285,0.7772,0.02909,0.767005,0.722397,0.422043
177.168253968,1.84297,0.21599,1.18334,0.0998918,0.201591,2.33143,0.0413989,0.457578,0.0213107,0.83835,1.05344,0.390931
177.214693878,1.56659,0.164044,0.860224,0.154401,0.187555,2.57568,0.121519,0.405109,0,0.926054,1.20224,0.36784
177.261133787,1.51868,0.174201,0.690365,0.117459,0.144134,2.86333,0.0432986,0.430819,0,1.48548,1.25672,0.233665
177.307573696,1.83759,0.202954,0.66704,0,0.294064,2.64428,0.0240866,0.490909,0,1.59049,1.17179,0.0695873
177.354013605,2.10152,0.218253,0.771423,0,1.04826,1.25636,0.90598,0.517191,0,1.90491,1.03792,0
177.400453515,1.63583,0.483748,0.85795,0,1.15668,1.19585,0.971157,0.737945,0,1.89665,1.15955,0.036315
177.446893424,1.20635,0.845787,1.01026,0.161507,1.35197,1.2903,0.619392,0.901246,0.148635,1.75696,1.1067,0
177.493333333,0.850467,1.13653,1.00744,0.131904,1.56751,1.42354,0.0659545,1.09039,0.068451,1.51373,1.19265,0
177.539773243,1.28864,1.05101,0.898356,0.143978,1.49153,1.34378,0.0287618,0.885087,0,2.00574,0.686056,0.00909386
177.586213152,1.64773,0.702018,0.777751,0.215023,1.56732,1.13802,0.0169753,0.715523,0,2.1896,0.331145,0.0207622
177.632653061,1.67069,0.516395,0.721745,0.268339,1.55671,1.20028,0.0195302,0.97974,0,1.84084,0.287077,0.0221707
177.679092971,2.00966,0.255004,0.849036,0.171961,1.01783,1.2899,0.38242,1.39334,0,1.69277,0.131752,0.00395779
177.725532880,2.29672,0.265931,1.11505,0.128596,0.487123,1.18557,0.642728,1.48851,0,1.62759,0.000538446,0
177.771972789,2.30159,0.224731,1.52909,0.00695969,0.752159,1.21655,0.689369,1.01592,0,1.51313,0.460342,0
177.818412698,2.01642,0.177752,1.47021,0.0878666,0.749444,1.36829,0.550594,0.781008,0.0307616,1.45886,0.798173,0
177.864852608,1.68931,0.0566998,1.16167,0.114431,0.837086,1.53382,0.0692114,0.821646,0.128566,1.43647,0.980762,0
177.911292517,1.75202,0.0654495,0.815925,0.127683,1.00792,1.54012,0.0478517,0.681,0.148843,1.84275,0.937911,0
177.957732426,2.14558,0,0.949078,0.0726729,1.07593,1.45309,0.626942,0.375683,0.0497287,2.38046,0.569913,0.133108
178.004172336,2.21799,0.0410236,1.75868,0.00526085,1.11925,1.47739,0.92193,0.255298,0.00744358,2.44358,0.372188,0.220106
178.050612245,2.00098,0.0978218,2.41982,0.0163238,1.15936,1.75889,0.797016,0.281415,0.00527702,2.08296,0.185184,0.227761
178.097052154,1.86014,0.030502,2.52686,0.0188826,0.864857,1.76831,0.484595,0.770277,0,2.1974,0.34653,0.142006
178.143492063,1.60682,0.0686983,2.34714,0.0171265,0.881206,1.78098,0.404407,1.0655,0.0447804,2.26186,0.433043,0.0287811
178.189931973,1.58464,0.0182496,2.13537,0.0151153,0.847481,1.9603,0.257198,1.21166,0.0535196,1.77602,0.833454,0.00404706
178.236371882,1.34744,0.00146211,2.12346,0.0145925,0.340259,2.42303,0.25188,1.54625,0.0278222,0.850363,1.42038,0.0577099
178.282811791,0.986069,0.00158984,2.09691,0.0133994,0.194916,2.44788,0.286855,1.71941,0,0.385105,1.95521,0.063128
178.329251701,0.890615,0.00125828,2.15307,0.00846383,0.1823,2.39447,0.504641,1.53847,0.0181754,0.375123,2.20802,0
178.375691610,0.923679,0.00126078,1.53688,0.0158666,0.165481,2.29924,0.713005,2.11206,0,0.0841573,2.17219,0.0226925
178.422131519,1.22481,0.000768058,0.704622,0.0822517,0.15493,2.34393,0.687446,2.40252,0,0.0961318,1.98891,0.0395093
178.468571429,1.83472,0.00887484,0.432565,0.0602063,0,2.37344,0.502957,1.98102,8.53899e-06,0.361434,1.81876,0.0780913
178.515011338,1.9258,0.000476795,0.34257,0.0233783,0,2.5432,0.299037,1.77075,0.0613858,0.7739,1.60521,0.0927875
178.561451247,1.47831,0.394539,0.284285,0.0174273,0,2.32065,0.19642,2.13724,0.0820932,1.12876,1.69365,0.0503863
178.607891156,1.40375,0.415124,0.304645,0.0146698,0.0192811,1.73173,0.0534891,2.25614,0.0884494,1.35404,2.02396,0
178.654331066,1.53358,0.299539,0.314036,0.0209182,0,1.54973,0.155873,2.18034,0.0672679,1.2615,2.24246,0.103207
178.700770975,1.43068,0.137876,0.407789,0.0194038,0,1.94819,0.0125381,2.24296,0.0684146,0.900373,2.25932,0.503466
178.747210884,1.26895,0.130005,0.564798,0.0183253,0,2.27502,0.163519,1.91979,0.0789933,0.850875,1.99377,0.711087
178.793650794,1.11489,0,0.643258,0.0139015,0.00400298,2.16841,0.60555,1.96611,0.094024,0.834533,1.72563,0.751755
178.840090703,0.965808,0,0.555145,0.0608694,0,1.53224,0.778602,2.3236,0.100531,0.574826,2.68763,0.672672
178.886530612,0.538034,0,0.81947,0.250076,0.00773474,0.927887,0.539557,2.55568,0.0953524,0.0878685,3.16755,0.539558
178.932970522,0.216536,0,0.860291,0.765273,0.0372325,0.61007,0.00589511,2.77555,0.109626,0.0875026,3.00069,0.341598
178.979410431,0,0,0.543342,1.30335,0.0169947,0.661355,0.0785822,2.65555,0.113762,0.495474,2.55329,0.29167
179.025850340,0,0,0.258903,1.99007,0.0244453,0.719255,0.137679,2.14668,0.0946033,0.480568,2.43064,0.287594
179.072290249,0,0,0.253889,2.25241,0.00661234,1.06502,0.0126173,1.9614,0.074291,0.0794449,2.49258,0.262612
179.118730159,0.0335066,0,0.177162,2.61307,0.00781178,1.05638,0.158254,2.0116,0.269893,0.024771,2.25355,0.172846
179.165170068,0.170262,0,0.212433,2.76319,0.0120663,0.878805,0.196519,2.13674,0.268586,0.0662709,2.07723,0.182026
179.211609977,0.192922,0.0173742,0.594042,2.87455,0.0172352,0.654817,0.138687,2.25665,0,0.0618761,1.58297,0.225966
179.258049887,0,0.0391444,0.642687,2.69713,0.119331,0.84316,0.0899718,2.3832,0,0.0242558,1.16145,0.501507
179.304489796,0.0874078,0.00824444,0.348897,2.63475,0.171079,0.763281,0,2.24223,0,0,1.42637,0.779788
179.350929705,0.144658,0,0.433611,2.67234,0.10707,0.532699,0.0441987,1.9986,0.171089,0.000910292,1.58246,0.778147
179.397369615,0.222686,0,0.608291,2.73256,0.0219354,0.285949,0.186199,2.14054,0.0531282,0.0621299,1.95959,0.546398
179.443809524,0.134616,0,0.638453,2.39397,0,0.117422,0.198913,2.77164,0.110987,0.0812232,2.14707,0.344919
179.490249433,0.0134696,0,0.52458,2.09019,0,0.11864,0.230257,3.17988,0.0999471,0.067459,2.17627,0.31989
179.536689342,0,0,0.811326,2.02204,0,0.384519,0.42736,3.00848,0.12146,0.0610643,2.06834,0.221899
179.583129252,0,0,1.29491,1.80089,0.0261155,0.589018,0.6849,2.83077,0.130829,0.0227607,2.04287,0.216297
179.629569161,0.092529,0,1.5335,1.66263,0.027773,0.569559,0.597308,2.49812,0.120153,0.144063,2.33799,0.17469
179.676009070,0.225493,0,1.62312,1.65905,0.0192546,0.558201,0.247924,2.74959,0.109691,0.10227,2.49382,0.215714
179.722448980,0.324528,0,1.6909,1.65104,0.00701535,0.29864,0.145313,3.07607,0.129465,0.10531,2.58308,0.396493
179.768888889,0.269806,0,1.70705,1.66499,0,0.117233,0.104859,3.04639,0.133346,0.108018,2.47757,0.50152
179.815328798,0.0768553,0,1.68557,1.58101,0,0.118961,0.0590072,2.84843,0.121027,0.105756,2.44082,0.427423
179.861768707,0,0,1.51612,1.52441,0.00985421,0.114755,0,2.93147,0.100954,0.0969146,2.57579,0.244714
179.908208617,0,0,1.56513,1.55733,0.0236377,0.111966,0,2.87148,0.0584735,0.0684716,2.57362,0.230355
179.954648526,0.0326618,0,1.66466,1.61434,0.0131578,0.108368,0.0190826,2.59149,0.0765382,0.0435859,2.77189,0.20938
180.001088435,0,0,1.79635,1.44602,0.00265874,0.10924,0.00939939,2.39627,0.0907886,0.00186474,2.82033,0.294001
180.047528345,0,0,1.87942,1.3575,0.00351102,0.14638,0,2.20946,0.0283428,0,2.74785,0.323589
180.093968254,0,0.0336127,1.83079,1.27538,0.0263513,0.606267,0,2.28215,0.0235043,0,2.43155,0.349246
180.140408163,0,0.225064,1.79297,1.36837,0.04496,0.748767,0,2.37207,0.0430887,0,1.92357,0.441076
180.186848073,0.0535107,0.409207,1.42926,1.51222,0.00589148,0.604451,0.0305052,2.65215,0.06001,0.04686,1.57296,0.404359
180.233287982,0.430223,0.345248,0.885296,1.21595,0.0605396,0.405491,0.0867837,2.71389,0.122109,0.169576,2.09699,0.0954068
180.279727891,0.923338,0.0380729,0.438808,0.97109,0.0266199,0.540812,0.175779,2.56866,0.191741,0.267964,2.21329,0.171498
180.326167800,1.10921,0,0.210972,1.34355,0,0.951009,0.130397,2.48006,0.228382,0.312201,1.69104,0.286869
180.372607710,1.31573,0,0,1.28241,0.274858,0.706611,0.24899,2.28977,0.22852,0.459621,1.63366,0.287538
180.419047619,0.682,0.281291,0.0309146,1.15248,0.346835,0.849891,0.152029,2.29592,0.179544,0.273793,1.63547,0.212011
180.465487528,0.445778,0.797898,0.0477522,0.877232,0.0541585,1.42757,0.0407396,2.22607,0.145385,0.222299,1.6918,0.170422
180.511927438,0.470432,0.808036,0.248116,0.60892,0.339465,1.45029,0.246138,2.26112,0.219381,0.24104,1.90845,0.0455476
180.558367347,0.395774,0.754246,0.390851,0.795355,0.447943,0.996466,0.311216,2.86884,0.254521,0.212206,1.98249,0
180.604807256,0.544532,0.330149,0.862356,1.01191,0.155823,0.692602,0.286502,3.24227,0.157598,0.175067,1.96203,0
180.651247166,0.348817,0.0563467,0.709779,1.16607,0,0.663888,0.0193632,3.33709,0.159206,0.136987,1.93015,0
180.697687075,0.204565,0.492207,0.281348,1.14307,0.0107652,0.883444,0.0125402,3.11503,0.125664,0.231156,1.91199,0
180.744126984,0.236076,0.617221,0.208236,0.868889,0.653243,1.25547,0.000974697,1.8501,0.105981,1.16134,1.70821,0
180.790566893,0.191914,0.806212,0.197512,0.88456,1.01284,1.37226,0.0831874,1.31874,0.0754836,1.53207,1.75644,0.0489907
180.837006803,0.124605,0.721358,0.594357,0.877981,1.16475,1.3526,0.152794,1.15997,0.124216,1.79645,1.75194,0
180.883446712,0.0884088,0.442084,0.965593,1.2869,1.20751,1.12112,0.0755022,1.16809,0.00727079,2.13338,1.52785,0
180.929886621,0.0834765,0.0645425,1.11767,1.19452,1.14373,0.796901,0.0172013,1.37886,0,2.70251,1.39222,0
180.976326531,0.0749133,0,0.998087,1.06387,1.23264,0.481441,0.0300075,1.90701,0,2.66388,1.23393,0
181.022766440,0.0633584,0.00319649,0.669891,1.27253,1.45495,0.338243,0.0269077,2.453,0,1.62518,1.94163,0.0159319
181.069206349,0.111561,0,0.173259,1.41977,1.21408,0.194489,0.00418287,2.89503,0.015456,0.936903,2.26255,0.0707097
181.115646259,0.310333,0.0115513,0.284686,1.55067,1.09374,0.106035,0,3.07322,0.0199922,0.2244,2.19805,0.0666326
181.162086168,0.419402,0.0403595,0.282243,1.21578,1.37602,0.0936731,0.166647,2.76716,0.114094,0.340879,1.84688,0
181.208526077,0.59015,0.0469039,0.439229,0.950832,1.60574,0.108829,0.0617804,2.32724,0.125522,1.09471,1.71165,0
181.254965986,0.587822,0.00881312,0.674196,0.901967,1.44461,0.194693,0.0177429,1.88273,0.152042,1.95335,1.49761,0.0567005
181.301405896,0.633659,0,0.746054,0.871571,1.18058,0.441618,0.114119,1.27141,0.15498,2.77925,1.18385,0
181.347845805,0.529552,0,0.556181,0.835563,1.06497,0.589514,0.200732,0.947549,0.125566,3.42363,0.87382,0
181.394285714,0.196318,0,0.530156,0.764169,1.04468,0.26002,0.33978,0.837828,0.155027,3.71567,0.692083,0
181.440725624,0.173163,0.12701,0.711754,1.11399,1.06788,0,0.369067,0.915752,0.140748,3.7829,0.362838,0
181.487165533,0.105013,0.029136,1.03549,1.29371,0.971392,0,0.217481,1.24125,0.117637,3.83332,0.126071,0
181.533605442,0.0617198,0,1.38293,1.19861,0.886145,0.0410412,0.0373802,1.46689,0.106167,3.83363,0.274379,0
181.580045351,0.0598546,0,1.40586,1.29559,0.985915,0.24242,0,1.37413,0.111174,3.33697,1.15862,0
181.626485261,0.0799243,0,1.63239,1.46405,1.09225,0.709848,0,1.23787,0.192003,2.09854,1.6632,0.00873306
181.672925170,0.10422,0,2.28722,1.76311,0.372743,1.25105,0,1.37021,0.0158156,1.39214,1.55895,0
181.719365079,0.130523,0,2.22069,1.78351,0.024925,1.14149,0.0958392,1.78478,0.00674977,1.24085,1.39547,0.0109975
181.765804989,0.177008,0,2.09265,1.57709,0.0126081,1.02345,0.276848,1.95778,0.0121352,0.767686,1.27089,0.0110725
181.812244898,0.235244,0,1.93322,1.13914,0.0105024,0.794504,0.171352,1.98637,0.126733,0.494213,2.21717,0
181.858684807,0.213036,0,1.31994,1.29275,0.170115,1.48464,0.0587716,1.53828,0.41733,0.161139,2.79323,0
181.905124717,0.194824,0,1.20404,1.48955,0.162114,2.41384,0,0.914504,0.562925,0.147315,3.04912,0
181.951564626,0.168494,0,1.3184,1.66837,0.0156516,2.58721,0,0.723256,0.476076,0.286879,3.09982,0
181.998004535,0.127611,0,1.52863,1.7273,0.0156631,2.39216,0,0.658541,0.384226,0.0974512,3.1006,0
182.044444444,0.086719,0,1.58305,1.73088,0.0299302,1.94902,0.155545,0.466854,0.258143,0.0283212,3.27253,0
182.090884354,0.0580689,0,1.73162,1.35494,0.0566384,1.58324,0.275863,0.223881,0.314266,0.0296324,3.46468,0
182.137324263,0.0338191,0,1.70559,0.949092,0.0346478,1.64593,0.0601381,0.411106,0.307202,0.00239776,3.52855,0.133569
182.183764172,0.0756752,0,1.88815,0.999036,0.0132248,1.51622,0,0.502875,0.0257126,0.12235,3.45263,0.223605
182.230204082,0.0447814,0.0073438,1.62426,0.966921,0.0662809,1.41037,0,0.745268,0.121705,0.151122,3.37433,0.269237
182.276643991,0.0192797,0.0633378,1.31562,0.932267,0.112292,1.5387,0,1.68421,0.155902,0.154756,2.83713,0.260144
182.323083900,0.00187786,0.272549,1.02331,1.25179,0.145121,1.40539,0,2.14267,0.158527,0.126135,2.64116,0.188297
182.369523810,0.00231508,0.208412,0.843456,2.05662,0.0598217,1.22343,0.153427,2.00376,0.116188,0.0757497,2.74571,0.1377
182.415963719,0,0.173805,0.718271,2.38596,0.133448,0.972067,0.153739,2.15323,0.115306,0.0676614,2.79434,0
182.462403628,0,0.181121,0.650607,2.46253,0.0700017,0.877983,0.018114,2.4958,0.0822207,0.0606833,2.59795,0
182.508843537,0,0.129859,0.584258,2.36396,0.0336301,0.929977,0.00527442,2.65217,0.0540482,0.0765996,2.27902,0
182.555283447,0,0.0669613,0.667575,2.18946,0.169948,0.824328,0.00646067,2.73294,0.0316019,0.184495,2.10981,0.0343367
182.601723356,0.206873,0.0587217,0.638897,2.37706,0.222707,0.651799,0.00311086,2.6167,0.0312083,0.382507,1.65471,0.0583335
182.648163265,1.06832,0.115281,0.534174,2.29199,0.21271,0.708193,0,2.57677,0.100056,0.542089,1.38301,0
182.694603175,1.19924,0.152669,0.385963,2.00167,0.181357,0.902544,0.0170609,2.66048,0.0442388,0.50711,1.77039,0.0515761
182.741043084,0.994012,0.0136731,0.210608,1.84451,0.124726,0.859649,0,2.65657,0.0601943,0.17585,2.06248,0.70466
182.787482993,0.523982,0.0139941,0.0796998,2.06862,0.121838,0.6298,0,2.84805,0.0210756,0.0637008,1.95396,0.9929
182.833922902,0.0231226,0.00998585,0.256052,2.25457,0.105145,0.515455,0,2.86974,0.0572265,0.111844,1.94872,0.713254
182.880362812,0,0,0.363811,1.96157,0.0255129,0.852927,0.0254021,2.66258,0.313495,0.128217,1.78164,0.481189
182.926802721,0,0,0.672383,1.24524,0.0270355,1.20628,0.265097,1.89603,0.483814,0.146825,2.03893,0.362083
182.973242630,0,0.0306789,0.991716,0.793177,0.00596076,1.38406,0.358718,1.4491,0.298956,0.108455,2.94633,0.267717
183.019682540,0.0169862,0,0.94805,1.15507,0,1.66873,0.336268,1.33834,0.193636,0.0630765,3.20346,0.241349
183.066122449,0.0265186,0,0.601297,1.71589,0.00443569,1.6226,0.115309,1.9556,0.178237,0.105636,2.65862,0.360434
183.112562358,0.0733195,0.0786286,0.772823,1.71198,0.0141886,1.37864,0.0394855,2.28544,0.171904,0.0537484,1.87482,0.479485
183.159002268,0.0584886,0.113454,1.08043,1.44778,0.0189792,0.993705,0.0255565,2.60946,0.160078,0.0687572,1.61029,0.78927
183.205442177,0.0470132,0,1.41335,1.57063,0.155648,0.718237,0.0305133,2.77215,0.150659,0.0821926,1.51627,0.632755
183.251882086,0.0375977,0,1.45533,1.66566,0.162247,0.557128,0,2.87521,0.144675,0.0948335,2.00046,0.267817
183.298321995,0.0289493,0,1.46854,1.61124,0.0195537,0.473426,0,2.89011,0.11366,0.171889,2.24582,0.199668
183.344761905,0,0,1.57968,1.32702,0.00991399,0.44872,0.157933,2.82751,0.114632,0.213646,2.25615,0.237182
183.391201814,0.00536066,0,1.74005,1.17681,0.0266281,0.272765,0.350439,2.44696,0.225153,0.131435,2.31357,0.150065
183.437641723,0,0,1.95654,1.30877,0.0699007,0.222058,0.391973,1.89062,0.313096,0.0264399,2.55617,0.0698466
183.484081633,0,0,1.98532,1.4835,0.0615816,0.133292,0.14084,1.78008,0.291657,0.0104737,2.26334,0.186513
183.530521542,0,0.0276619,1.84267,1.49305,0.0517758,0.0980261,0.0578328,2.10042,0.192279,0.00756344,1.91772,0.490611
183.576961451,0.225285,0.294364,1.53265,1.56701,0.0191678,0.0807246,0,2.35217,0.0149145,0.15324,1.64311,0.454638
183.623401361,1.31225,0.316595,0.540628,1.78154,0.0337201,0.116217,0.00404444,2.4233,0.0491367,0.870562,1.41228,0.154634
183.669841270,2.16383,0.00965689,0.117443,1.25374,0.0578181,0.559121,0.00203433,2.37771,0.23878,1.23095,1.52914,0.103431
183.716281179,2.56,0,0.138141,1.07627,0.00880854,0.873582,0.151721,2.08733,0.126586,1.01511,1.32776,0.198397
183.762721088,2.0285,0,0.111717,1.03504,0.0104548,1.09247,0.4901,1.72537,0.138242,0.535147,0.912311,0.843442
183.809160998,1.11678,0,0.129866,0.693197,0.0115271,1.78795,0.639714,1.27388,0.127755,0.110372,0.989198,1.39979
183.855600907,1.11863,0,0.124268,0.287397,0.00422127,2.43145,0.686717,1.05512,0.112704,0.0953266,1.29958,1.45794
183.902040816,1.45472,0.165487,0.178319,0.383512,0.00117334,2.17237,0.612131,0.982947,0.130918,0.0428642,1.38581,0.985114
183.948480726,1.48443,0.877416,0.269865,0.215539,0.0727675,1.70357,0.505467,1.38344,0.139367,0.136679,1.54645,0.12699
183.994920635,1.03466,1.10281,0.38599,0.250443,0.0180895,1.33242,0.469387,1.28004,0.110975,0.471485,1.85492,0
184.041360544,0.873763,0.784223,0.313919,1.09366,0,1.56184,0.405868,1.43252,0.104606,0.696193,1.54614,0
184.087800454,0.797138,0.00313154,0.185878,1.66729,0.0272182,1.56926,0.0461615,2.17573,0.138635,0.277352,2.10079,0
184.134240363,0.143737,0.286945,0.128272,1.34272,0.0168952,1.57833,0.00233096,1.86858,0.1487,1.23926,2.13071,0
184.180680272,0.0431492,0.722668,0.181813,0.773325,0.522207,0.970476,0,1.29434,0.116871,2.81768,1.55081,0.0513531
184.227120181,0.00823673,0.780312,0.326311,0.489703,0.803015,0.657481,0,0.66387,0.0544776,3.31177,1.25,0.0392699
184.273560091,0.0117436,0.517243,0.754215,0.587945,0.806012,0.640679,0.140904,0.608367,0.0148834,3.34665,0.977463,0
184.320000000,0.00260548,0.355296,1.30616,0.761931,0.628318,0.91062,0.0567379,0.509934,0.00874361,3.50541,0.404394,0
184.366439909,0,0.154011,1.59571,0.839777,0.71866,0.754367,0.324829,0.23381,0.131152,3.45062,0.138785,0
184.412879819,0,0.00530198,1.65512,0.59939,0.74666,0.196769,0.839767,0.199185,0.285967,3.29904,0.138598,0.0376358
184.459319728,0,0.0393591,1.05264,0.66362,0.957259,0.197457,0.233538,1.49592,0.309712,2.59501,1.29344,0.0370352
184.505759637,0.0333761,0.228753,0.458001,0.816644,1.23157,0.00856107,0.044306,1.84876,0.319727,1.68606,2.31889,0.14296
184.552199546,0.812696,0.0658474,0.282412,0.814189,1.51065,0,0.0524338,2.13462,0.225142,0.9724,2.45511,0.0937085
184.598639456,1.52599,0.0617571,0.155355,1.17484,1.64452,0.00193491,0.104343,1.17906,0.681646,1.05971,1.7728,0.0364756
184.645079365,1.73784,0.00606014,0.0947462,1.39825,1.34833,0,0.283796,1.08934,0.665523,1.96468,1.23349,0.0157269
184.691519274,1.63983,0,0.798978,1.46041,1.15234,0.00625281,0.385122,1.09624,0.251093,2.87986,0.746037,0
184.737959184,1.42528,0,1.24077,1.55119,1.1667,0.0023667,0.388919,1.12992,0.0804788,3.40161,0.550273,0
184.784399093,1.58529,0,1.26732,1.60979,1.16091,0,0.418927,0.849726,0.00733474,3.63364,0.480784,0.0240156
184.830839002,1.44992,0,1.10488,1.40475,1.11553,0,0.606933,0.583226,0.000453255,3.57531,0.773477,0
184.877278912,0.797762,0.00322723,1.82085,0.772291,1.15045,0,0.468962,1.01172,0.0842315,2.71036,1.53185,0.026204
184.923718821,0.389591,0.095644,2.47578,0.0642783,1.16347,0,0.236552,2.00612,0.119782,1.88419,1.83737,0.274657
184.970158730,0.538099,0.173191,2.44045,0.382888,1.21681,0,0.174484,2.38018,0.094427,1.55783,2.12957,0.0814015
185.016598639,0.614886,0.267886,2.36037,0.867186,1.21535,0.00149563,0.134279,2.25143,0.158995,1.27246,2.30522,0.162996
185.063038549,0.894771,0.321537,1.99166,1.02085,0.868385,0.207446,0.0777973,1.86295,0.166017,0.981966,2.36537,0.378698
185.109478458,0.903045,0.1851,1.66601,0.709404,0.438534,0.731672,0.016589,1.85471,0.141252,0.678421,2.15395,0.323916
185.155918367,0.910225,0,1.29596,0.562827,0.338491,0.802789,0.134922,2.38742,0.0944234,0.698802,2.27466,0.059013
185.202358277,0.82291,0,1.35105,0.854064,0.480146,0.87157,0.186435,2.2708,0.0352238,0.647063,2.45671,0
185.248798186,0.686338,0,1.49496,0.451979,0.694188,1.17858,0.160573,2.01662,0.173408,0.414384,2.93061,0
185.295238095,0.437113,0.189232,1.71442,0.0153848,0.661594,1.45988,0.124332,1.63594,0.254556,0.3544,3.276,0
185.341678005,0.480903,0.103875,1.85666,0.0352388,0.416611,1.4272,0.127623,1.82863,0.450247,0.358016,3.42352,0
185.388117914,0.60779,0,1.99185,0.0213505,0.0993567,1.21574,0,2.18124,0.326761,0.277141,3.35496,1.34144e-06
185.434557823,0.873712,0.00240492,1.44424,0.157831,0.00505784,1.09437,0.00112798,2.40594,0.109412,0.192517,3.27066,0.0582078
185.480997732,1.01166,0.0190678,0.855002,0.845185,0.0764951,0.904145,0.00180057,2.38001,0.0638673,0.262728,3.18156,0.087282
185.527437642,0.990402,0.171824,1.15096,1.38699,0.123769,0.748176,0.00141297,2.15958,0.0134573,0.214961,3.20156,0.0954352
185.573877551,0.992962,0.167024,1.35583,1.52753,0.0834009,0.821,0.0470085,1.86698,0.0128963,0.215565,3.23713,0
185.620317460,0.948023,0.160346,1.56793,1.2329,0.0610136,0.870701,0.0148931,1.87176,0.151252,0.0890423,3.34133,0.0908588
185.666757370,1.17373,0.171295,1.87876,0.609492,0.338481,1.37743,0.0874122,1.25407,0.257475,0.309072,3.07664,0.169235
185.713197279,1.48336,0.11705,1.99485,0,0.519097,1.9343,0.290348,0.46237,0.467555,1.70058,1.58783,0.0737739
185.759637188,1.43681,0.178195,1.55601,0,0.678198,2.29816,0.11809,0.269523,0.772355,2.51091,0.619297,0
185.806077098,1.15494,0.123603,1.27981,0,0.736199,2.49176,0.0519421,0.0230523,0.764715,2.69831,0.693481,0
185.852517007,1.05956,0.124453,0.929589,0,0.579688,2.67918,0.237719,0.0026009,0.148847,3.35148,0.600155,0
185.898956916,0.939268,0.142004,0.77822,0,0.623709,2.81048,0.202547,0,0.0322539,3.83893,0.205321,0
185.945396825,0.778186,0.336875,0.588158,0.00465778,0.736365,3.03568,0.0396829,0,0.0881164,3.95105,0,0
185.991836735,0.491029,0.505179,0.692143,0,0.659218,3.19248,0.0323487,0.0396532,0.140809,3.83765,0,0.139966
186.038276644,0.38655,0.365127,0.816965,0,0.684462,3.17206,0.0300458,0.039658,0.0306203,3.65835,0,0.245441
186.084716553,0.406962,0.0527603,0.78072,0.210006,0.719843,2.93286,0.0250096,0.00798832,0.0163813,3.41035,0,0.320385
186.131156463,0.492095,0.0911099,0.579605,0.135046,0.88303,2.53227,0.0305213,0.0762083,0.105334,2.70269,0.513159,0.350661
186.177596372,0.51546,0.109751,0.488977,0.0112648,0.67733,2.39816,0.0387877,0.0243969,0.245556,2.60953,0.628536,0.281319
186.224036281,0.679329,0.117598,0.405798,0,0.336674,2.95456,0.0539283,0.027304,0.241133,2.73304,0.479159,0.116045
186.270476190,0.814499,0.125601,0.592285,0,0.417902,3.23693,0.0681262,0.0219641,0.125403,3.04286,0.121082,0.0743956
186.316916100,0.709643,0.0752803,1.00034,0,0.392926,3.09738,0.0817627,0.0304934,0.135913,3.01764,0.0756682,0.0719788
186.363356009,0.329487,0,1.80792,0,0.377533,3.00041,0.17527,0,0.232617,2.63016,0.294843,0.00764949
186.409795918,0.233833,0,2.37894,0,0.334228,2.46518,0.0690811,0.106385,0.17379,2.20327,1.03858,0.00922482
186.456235828,0.0512786,0.0318851,2.58461,0,0.183203,2.02133,0.0426863,0.35664,0.00582945,2.14888,1.65213,0.0101671
186.502675737,0.0287458,0.154153,2.50071,0,0.146356,1.95121,0.0422017,0.447054,0,1.84942,1.89121,0
186.549115646,0.343541,0.14632,2.43681,0,0.243291,1.93598,0.0541836,0.36754,0,1.62799,1.64009,0.00647607
186.595555556,0.541151,0.170897,2.54558,0,0.398827,2.33011,0.0509339,0.388876,0.0749106,1.60034,0.765136,0
186.641995465,0.675183,0.110505,2.53867,0,0.573048,2.47867,0.0385521,0.367738,0.0431714,1.55997,0.597073,0
186.688435374,0.731082,0.0338821,2.44732,0,0.615209,2.55245,0.022329,0.339798,0.0331178,1.73441,0.772209,0.00707044
186.734875283,1.02367,0.0269998,2.35382,0,0.513624,2.68929,0.0343162,0.222199,0.190383,1.75382,0.523333,0.0536759
186.781315193,1.19923,0.0157494,2.00699,0,0.349105,2.73103,0.0425788,0.185115,0.801301,1.45302,0.343136,0.211459
186.827755102,1.26894,0,1.9495,0,0.159711,2.71708,0.043092,0.140816,1.2818,1.15671,0.390734,0.233757
186.874195011,1.15992,0,2.1413,0,0.149744,2.69632,0.0404633,0.136396,1.62524,0.786286,0.430385,0.236902
186.920634921,0.412707,0.231374,2.13317,0.199777,0.154681,2.56713,0.0297577,0.107909,1.73089,0.806417,0.299879,0.243208
186.967074830,0.129327,0.729807,1.68956,0.501299,0.156618,2.91993,0.0272076,0.0466588,1.49559,0.93514,0.177247,0.261068
187.013514739,0.776541,0.501408,0.767998,0.433916,0.136984,3.52607,0.0315305,0,0.981462,1.39298,0.367327,0.183694
187.059954649,1.16122,0,0.286031,0.0915555,0.121273,3.33038,0.0333028,0,0.300302,1.69631,1.13046,0.127382
187.106394558,1.44774,0,0.294298,0,0.134258,3.29291,0.0186458,0.0949082,0.510091,1.75017,1.12409,0.150225
187.152834467,1.29224,0.236673,0.358654,0.120795,0.16269,3.35547,0.018287,0.237925,0.457181,1.91355,0.811135,0.142143
187.199274376,0.861695,0.0451578,0.700719,0.227055,0.129454,3.35384,0.031451,0.544573,0.50086,2.03738,0.649176,0.105451
187.245714286,0.515767,0,1.02491,0.297392,0.121753,3.25812,0.207362,0.679677,0.377279,2.11192,0.569063,0.0964256
187.292154195,0.623401,0,1.17001,0.192472,0.130003,2.79876,0.628475,0.750079,0.0332682,2.47485,0.667244,0.0138825
187.338594104,0.261874,0,1.58264,0.0195577,0.414619,3.04871,0.415436,0.643834,0.049611,2.3897,0.223937,0.287961
187.385034014,0.0762042,0,1.44769,0.0111096,0.403263,3.17706,0.401727,0.493414,0.137006,2.22935,0.25752,0.324851
187.431473923,0.31481,0,1.40544,0.131045,0.224055,2.979,0.317705,0.385412,0.122054,2.35524,0.0719652,0.379974
187.477913832,1.19526,0,1.17727,0.111482,0.126929,2.82134,0.149341,0.314788,0.115141,2.01091,0.568049,0.458178
187.524353741,2.44898,0,0.608105,0.093982,0.0710053,2.92423,0.192804,0.190514,0.0723605,1.82227,0.868507,0.431173
187.570793651,2.64196,0.0142862,0.131707,0.113497,0.197449,2.90883,0.0751002,0.244134,0.0308313,1.72851,1.32802,0.26269
187.617233560,2.34842,0.12671,0.261265,0.100882,0.275883,2.91704,0.082058,0.328526,0.00381409,1.75719,1.49578,0.0579943
187.663673469,1.86994,0.360778,0.838396,0.0518831,0.109056,2.83479,0.0593643,0.378696,0.0014322,2.1142,1.31339,0.0416743
187.710113379,1.08839,0.424198,1.46794,0.013474,0.0209247,3.0772,0.0470565,0.142793,0,2.26253,1.17464,0
187.756553288,0.247423,1.29226,1.77627,0,0.11761,3.0545,0.0394049,0.052008,0,2.53404,0.722878,0
187.802993197,0.220953,1.13497,1.25885,0.226924,0.470827,2.85283,0.408283,0.39711,0.0312381,2.45071,0.250672,0.000879175
187.849433107,0.746494,0.62967,0.764325,0.388754,0.522654,2.72229,0.397543,0.685682,0.145611,1.92352,0.220677,0.05258
187.895873016,1.80593,0.292632,0.300218,0.410226,0.274352,2.43803,0.347946,0.836097,0.0346473,1.73443,0.665177,0.0351776
187.942312925,2.26571,0.129364,0.420092,0.0283374,0.108886,2.14926,0.0444376,0.92023,0.0148285,1.51659,1.06954,0.0850174
187.988752834,2.21794,0.116107,0.743651,0,0.0991054,2.27646,0.0565881,0.889937,0.0771808,1.25473,1.10109,0.223119
188.035192744,1.7961,0.0273182,1.70382,0,0.074279,2.43075,0.05215,1.18948,0.25428,0.88865,0.62375,0.403378
188.081632653,1.8851,0.173385,1.77028,0,0.0530605,2.32819,0.18843,1.36688,0.110578,0.631617,0.539596,0.323795
188.128072562,2.02985,0.286626,1.46029,0.00236766,0.0444798,2.16333,0.160248,1.38291,0.0884089,0.482785,0.6953,0.175677
188.174512472,2.53802,0.0611723,1.61147,0,0.057288,2.09047,0.192755,1.2052,0.0203184,0.122158,0.564136,0
188.220952381,2.79924,0,1.74536,0,0.0545323,1.94958,0.280782,1.31152,0.230027,0.0759357,0.322919,0.129818
188.267392290,2.7027,0,2.33533,0,0.0574115,1.86346,0.323381,1.30908,0.294047,0.273774,0.339345,0.105742
188.313832200,2.32217,0,2.32912,0,0.130964,1.57382,0.0325849,1.50876,0.250202,0.570514,0.34312,0.743684
188.360272109,2.25366,0.022088,2.29705,0,0.161815,1.4704,0.0152965,1.42102,0.0849491,0.860662,0.733694,0.497224
188.406712018,2.11696,0.0242928,2.46997,0,0.109177,1.1719,0.014006,1.2087,0.0505232,1.06697,1.26868,0.210543
188.453151927,1.6872,0,2.37488,0.637285,0.135006,0.972347,0.0257519,1.08889,0.00163446,1.22789,1.30543,0.120549
188.499591837,0.982966,0.130705,2.21922,0.765164,0.47009,0.938795,0.0292944,1.03518,0.0778139,1.31193,1.01418,0.186788
188.546031746,0.981541,0.241495,2.17911,0.731031,0.577147,0.974329,0.0326194,1.08648,0.337883,1.65897,1.01431,0
188.592471655,1.12139,0.288347,1.94099,0.126509,0.652465,0.953137,0.0382525,1.36301,0.575197,1.68575,1.00282,0
188.638911565,1.06952,0.283033,1.88216,0,1.10419,0.934591,0.03564,1.64401,0.854263,1.17136,1.00606,0.0814079
188.685351474,1.03687,0.184941,1.6417,0,0.965184,1.06439,0.0262135,1.8196,0.817142,0.92634,0.816659,0.318584
188.731791383,0.950181,0.0343882,0.910417,0,0.0889329,2.04006,0.0303566,2.27897,0.364279,1.29637,0.905055,0.443935
188.778231293,1.04111,0,0.682913,0,0.121387,2.41542,0.0376467,2.42012,0.307249,1.51429,0.630117,0.347853
188.824671202,1.63845,0,0.636659,0,0.255655,2.53208,0.0420774,1.86363,0.341987,1.70434,0.210385,0.201334
188.871111111,2.32622,0,0.532506,0,0.440447,2.42064,0.0502977,1.24712,0.386391,1.57866,0.0399957,0.0423852
188.917551020,2.67926,0,0.491547,0,0.703039,2.07696,0.112841,1.16036,0.715147,1.146,0.0308231,0.135776
188.963990930,3.47894,0,0.0256246,0,1.03199,1.4407,0.0595711,1.82411,0.327491,1.33699,0.00967222,0.0164944
189.010430839,3.72425,0,0.0229424,0.0442655,0.887547,1.54489,0.156906,2.08366,0,1.38255,0,0
189.056870748,3.80416,0,0,0.00590688,0.57216,1.52055,0.233011,1.8856,0.00729684,1.61988,0.0837003,0
189.103310658,3.73711,0,0,0,0.518941,1.64923,0.0837581,1.72407,0.0694447,1.92731,0.0377163,0
189.149750567,3.65431,0,0,0,0.536007,1.72504,0.0214499,1.57517,0.0985361,1.91664,0.0534037,0
189.196190476,3.43337,0.00257793,0.0236729,0,0.597119,1.91948,0.0431306,1.41439,0.127684,1.44244,0.149244,0.00955815
189.242630385,3.49242,0.0320535,0,0,0.649188,1.93756,0.0407528,1.26328,0.016473,0.795403,0.236175,0.062419
189.289070295,3.43157,0.0193491,0,0,0.622743,2.02494,0.0299621,1.23032,0.00483378,0.645858,0.065167,0.213446
189.335510204,2.92852,0.014656,0.293326,0,0.248918,2.18325,0.0240713,1.32542,0,1.18581,0.209919,0.330029
189.381950113,2.77954,0,0.500736,0.00280848,0.0629984,2.52316,0.0279924,1.29794,0,1.44476,0.282869,0.341028
189.428390023,2.81005,0,0.23005,0,0.0619307,2.81212,0.0330484,1.21225,0,1.54001,0.342977,0.11662
189.474829932,2.40607,0,0,0,0.133329,3.10555,0.0387386,1.04859,0,1.8476,0.297702,0.0414403
189.521269841,2.50693,0.0969106,0,0.214732,0.162338,2.89977,0.363986,0.539732,0,1.96849,0.279039,0.00720161
189.567709751,2.37442,0.17431,0.0151149,0.343399,0.0291441,2.86023,0.325884,0.306646,0,1.78344,0.527674,0.0812759
189.614149660,1.88878,0.00794213,0,0.33344,0.143282,3.22899,0.32048,0.61737,0,1.59951,0.464876,0.101281
189.660589569,1.69254,0,0.015973,0,0.151713,3.38257,0.0487788,0.951155,0,1.65174,0.89705,0.100551
189.707029478,1.91637,0,0,0,0.0609753,3.06197,0.00463151,1.11144,0.0998568,1.48059,0.878008,0.0769628
189.753469388,2.00695,0,0.259271,0.00566723,0.0900975,2.66405,0,1.37848,0.124546,0.834575,0.605878,0.34573
189.799909297,1.97286,0,0.984491,0.00561479,0.216006,2.22847,0.0130011,1.56291,0.126354,0.393155,0.875634,0.577389
189.846349206,2.06416,0,1.32884,0,0.113765,1.98822,0.052667,1.6491,0.0400884,0.11669,1.30521,0.842064
189.892789116,2.35338,0,1.35407,0,0.0718207,1.85757,0.157709,1.68901,0.000577236,0.103198,1.24709,0.785091
189.939229025,2.57649,0,1.32951,0,0.0890304,1.79837,0.338226,1.70301,0.00719672,0.0856841,1.13613,0
189.985668934,2.92464,0,0.966542,0.03237,0.108174,1.84375,0.135394,1.90369,0.0038889,0.196475,1.04715,0
190.032108844,3.19263,0,0.601861,0.186081,0.101873,1.89452,0.0662615,1.85867,0.0421463,0.593637,1.03851,0
190.078548753,3.09378,0,0.687261,0,0.0761332,2.19684,0.0384097,1.57887,0.0337309,0.659428,1.20811,0
190.124988662,2.84021,0,0.797323,0,0.0294358,2.70733,0.0316367,1.41289,0.0150015,0.745031,1.07586,0
190.171428571,2.55702,0.00681406,1.02832,0.562746,0.0131649,2.76569,0.0285716,1.26897,0.0238982,0.88719,0.911405,0
190.217868481,2.41517,0.0236498,1.27886,0.634734,0.0192798,2.84777,0.0349072,1.02916,0.0437258,1.06906,0.521185,0.00529561
190.264308390,2.40441,0.0226795,1.50973,0.386003,0.0214459,2.94164,0.032011,0.79492,0.0425532,1.04093,0.545679,0
190.310748299,2.26606,0.00553231,1.78986,0.0191096,0.0189387,2.98939,0.0447754,0.662721,0,0.562363,0.888324,0
190.357188209,2.21862,0,1.7493,0.0653891,0.0236692,2.61409,0.0361515,0.865074,0.000574188,0.61373,1.20931,0.00628573
190.403628118,2.18144,0,1.78928,0.283534,0.0818273,2.54836,0.0343899,0.980309,0.00135137,0.742582,1.07605,0.0427984
190.450068027,2.00787,0,1.62406,0.44834,0.0147122,2.93916,0.0575629,0.942047,0.00115088,0.842209,0.540752,0.0495339
190.496507937,2.26089,0,0.564773,0.582806,0.0144008,3.39554,0.084651,0.491168,2.80121e-05,1.25283,0.134454,0.0837499
190.542947846,2.17515,0,0.504407,0.42307,0.0328443,3.34113,0.0346096,0.238646,0.0262638,1.1196,1.01432,0.131706
190.589387755,2.1215,0,1.02492,0.249144,0.0752907,3.08271,0.0993457,0.0510477,0.351329,0.742124,1.53788,0.00360067
190.635827664,1.90299,0,1.13848,0.0998641,0.0952992,2.59716,0.0332841,0.342992,0.512309,0.344919,1.87558,0.120168
190.682267574,1.52131,0,1.27946,0,0.0977507,2.21584,0.116563,0.372933,0.527432,0.239389,1.74036,0.532364
190.728707483,1.75171,0,1.25074,0,0.0862073,1.84331,0.187034,0.804194,0.249729,0.110979,1.53773,0.637393
190.775147392,2.13129,0,1.21894,0,0.0697864,1.6485,0.166693,0.976855,0.184984,0.295259,1.12681,0.733354
190.821587302,2.38059,0,1.04742,0,0.0819883,1.38269,0.079613,1.05078,0.376577,0.151148,0.983502,0.831024
190.868027211,2.09738,0.1517,0.906557,0,0.10234,2.27094,0.0210655,0.711415,0.36188,0.743056,0.973821,0.808474
190.914467120,1.82621,0.273842,0.95953,0,0.126465,2.87008,0.00734433,0.732021,0.189028,1.16152,1.36871,0.615201
190.960907029,1.98505,0,0.956352,0.00237945,0.167739,3.18017,0.124411,0.699945,0.116238,1.02099,1.07631,0.155919
191.007346939,1.81613,0.00740681,0.665036,0.321761,0.134693,3.28632,0.164654,0.614953,0.127075,1.61092,0.57574,0
191.053786848,0.932178,0.524607,0.799737,0.253975,0.133883,2.67717,0.133661,0.454379,0.0928656,1.81744,0.845185,0
191.100226757,0.668872,1.04207,0.873243,0,0.865285,1.84047,0.171492,0.219001,0.488685,2.06584,1.24141,0
191.146666667,0.603255,1.31517,0.830629,0,1.27732,1.3888,0.22256,0.192595,0.380115,2.22296,1.59966,0.0979393
191.193106576,0.742463,1.27244,0.571093,0,1.20528,1.40786,0.331453,0.442274,0.40993,2.84047,1.34615,0.0980959
191.239546485,0.953032,1.22241,0.267984,0,1.09476,1.50824,0.323506,0.729706,0.346607,3.36589,0.795532,0.0252668
191.285986395,1.2398,0.937232,0.162638,0,0.950675,1.47162,0.149505,0.914112,0.162161,3.44063,0.414777,0.0505763
191.332426304,1.90803,0.190014,0.493919,0,0.55894,1.50833,0.165925,0.945464,0.0739856,2.92333,0.308929,0
191.378866213,1.84178,0.00378559,0.715044,0.195146,0.0552611,2.22801,0.26032,1.21913,0.030316,2.21035,0.168465,0.0202439
191.425306122,1.88498,0,0.595547,0.337616,0.0311103,2.46805,0.18605,1.1388,0.0644463,2.55472,0.226207,0
191.471746032,1.45222,0,1.00749,0.0338904,0.412786,1.98454,0.106625,0.247904,0.0895346,3.00612,0.405159,0
191.518185941,0.424245,0.237946,1.34996,0,0.604522,1.78541,0.250558,0.273013,0.144071,3.13081,0.566182,0
191.564625850,0.198056,0.252753,1.48771,0,0.803981,1.77499,0.224456,0.176627,0.127158,3.19076,0.583696,0
191.611065760,0.68522,0.090143,1.35243,0.0105393,0.928601,1.84054,0.204161,0.203835,0.102134,3.26506,0.410588,0
191.657505669,1.3648,0.131676,0.909742,0,0.984588,1.66563,0.145999,0.336719,0.00281707,3.31425,0.290618,0
191.703945578,1.68196,0.140413,1.01666,0.0114038,1.17125,1.58807,0.25287,0.330856,0,3.10434,0.172639,0.193119
191.750385488,1.7681,0.0276737,1.12431,0.0176679,1.11373,1.71373,0.34392,0.256845,0.0383347,2.9494,0.204697,0.372024
191.796825397,1.90302,0.00289827,1.48965,0.00443119,0.915857,1.78933,0.304795,0.138384,0.0021845,2.50354,0.396679,0.198351
191.843265306,1.90649,0.00321384,1.95124,0,0.656714,1.88171,0.0175941,0.404236,0.039997,1.59534,0.602389,0
191.889705215,1.86095,0.00149488,2.62121,0,0.466989,1.95605,0.0284648,0.622115,0.115658,0.679634,0.880977,0
191.936145125,1.64891,0,3.00426,0.00563324,0.0261257,1.61279,0.071062,0.494577,0.150336,0.273389,2.03712,0
191.982585034,1.12491,0,3.22525,0.0209664,0,1.67145,0.362219,0.666591,0.0918129,0.141241,2.55369,0
192.029024943,0.652231,0,2.953,0.0238591,0,1.72132,0.34915,0.852246,0.0492495,0.222415,2.62976,0
192.075464853,0.411954,0.000828711,2.52008,0.00661523,0,1.51362,0.310453,1.27473,0.0163482,0.152646,2.99414,0
192.121904762,0.880037,0,1.64944,0.00450771,0,1.50681,0.379781,1.80445,0.095207,0.0792994,3.02166,0
192.168344671,1.46422,0.0072956,0.961231,0.0231436,0,1.50436,0.0106595,1.75129,0.130186,0.186022,3.0377,0
192.214784580,1.62523,0.0365671,0.678641,0.0112683,0,1.54453,0.000519054,1.55872,0.129493,0.235533,3.0727,0
192.261224490,1.67943,0.128534,0.568981,0.20827,0,2.08557,0.00199451,1.343,0.104277,0.234974,2.93527,0
192.307664399,1.515,0.0747498,0.467145,0.370126,0.00257715,2.50613,0.0343946,1.41609,0.010711,0.16816,2.95279,0
192.354104308,1.01902,0.0019249,0.323319,0.219174,0.00525786,2.43738,0.163208,1.20301,0.00197072,0.14926,3.42162,0.00737504
192.400544218,0.638439,0.0102511,0.138517,0.288132,0,2.36259,0.0923798,1.16567,0,0.420793,3.41947,0.0975933
192.446984127,0.805542,0.0220223,0.0942224,0.114613,0.0687549,2.13427,0.179954,1.40924,0,0.367877,3.37655,0.122826
192.493424036,0.903309,0.0363693,0.474481,0.00807362,0.123184,1.82953,0.110959,1.7091,0.305253,0.402121,3.37938,0.103863
192.539863946,0.890604,0.172566,1.27125,0.226002,0.00715448,1.41791,0.092175,2.2126,0.225918,0.294372,3.07629,0
192.586303855,0.711678,0.140659,1.33051,1.08344,0.101461,0.566254,0.0722775,3.0873,0.101019,0.304534,2.6023,0
192.632743764,0.118425,0.172065,1.34307,1.43948,0.150181,0.27598,0.00593735,3.16825,0.1198,0.476501,2.46965,0.00622472
192.679183673,0.026275,0.216218,1.20286,1.32018,0.042531,0.248008,0,2.94836,0.124325,0.482694,2.74792,0.043184
192.725623583,0.177688,0.155454,0.907429,0.9654,0.0271753,0.828278,0,2.32221,0.130167,0.182015,2.95232,0.0358416
192.772063492,0.170613,0.182901,0.544416,0.794233,0.0895478,1.08969,0,2.12103,0.104124,0.053695,3.07032,0.0434795
192.818503401,0.177424,0.149931,0.284877,0.968798,0.013127,0.904255,0,2.04176,0.103765,0.0225253,3.13528,0.125237
192.864943311,0.419556,0.0467344,0.238106,1.3472,0.0094241,0.314759,0,2.00457,0.141837,0.00209545,2.98946,0.192391
192.911383220,0.702398,0.0135392,0.415513,1.88025,0.0129626,0.115491,0.00176636,1.96701,0.0232141,0.00311402,2.67223,0.257731
192.957823129,0.721126,0.0803476,0.394319,2.14154,0.0126839,0.071881,0.00112005,1.89802,0.00145797,0.00245318,2.29977,0.351362
193.004263039,0.311755,0.0815011,0.130607,2.40745,0.112268,0.064995,0.00276419,2.1567,0.0141894,0.000809788,2.0108,0.35312
193.050702948,0.139221,0.0165175,0.212871,2.50341,0.0915217,0.0779488,0.00033919,2.39797,0.0351669,0,1.61821,0.572477
193.097142857,0.39481,0.256384,0.194436,2.29857,0.076945,0.0752487,0.00135858,2.63375,0,0,1.48441,0.548738
193.143582766,0.312954,0.49107,0.458427,1.88495,0.149666,0.0750548,0,2.72491,0,8.30463e-05,1.82263,0.410122
193.190022676,0.0198301,0.437193,0.487827,1.52613,0.438307,0.503261,0,2.56479,0,0,2.41078,0.350101
193.236462585,0,0.324509,0.549248,1.1269,0.440597,1.35982,0,2.12535,0.244895,0.00323683,2.6321,0.389393
193.282902494,0.0264149,0.0853629,0.968174,1.03517,0.129475,2.1485,0,1.42511,0.398116,0.00527041,2.7605,0.409207
193.329342404,0.0462757,0.0757092,1.35097,1.32595,0.0134402,2.38195,0,1.29169,0.319697,0.00433775,2.62207,0.323892
193.375782313,0.0573416,0.0621396,1.27482,1.58778,0.0122288,1.92716,0.0841143,1.79303,0,0.00281431,2.56642,0.301215
193.422222222,0.0536709,0.0167135,1.28454,1.72311,0.00974531,1.29721,0.125056,2.191,0.00154313,0.000748081,2.75688,0.308947
193.468662132,0.035088,0,1.43809,1.75006,0.00960803,0.621819,0.0413564,2.52307,0,0,2.73272,0.336382
193.515102041,0.117299,0,1.55011,1.81436,0.00969537,0.276585,0,2.58116,0,0,2.71727,0.341755
193.561541950,0.117625,0,1.66414,1.90369,0.00955406,0.260158,0,2.65665,0,0,2.74526,0.372529
193.607981859,0,0,1.65796,1.8778,0.00991864,0.244022,0,2.8499,0,0,2.62445,0.393866
193.654421769,0,0,1.66724,1.82033,0.0100674,0.13394,0,2.86986,0,0,2.483,0.361865
193.700861678,0,0,1.63309,1.78608,0.0101081,0.0589646,0.0472033,2.69481,0,0,2.38987,0.299046
193.747301587,0,0,1.65139,1.76114,0.00993438,0.0406933,0.038881,2.52973,0,0,2.46129,0.212322
193.793741497,0,0,1.5742,1.73288,0.00989894,0.042169,0.0110865,2.52489,0,0,2.40702,0.204429
193.840181406,0.397636,0.0117003,1.26057,1.76922,0.010389,0.0632284,0,2.66552,0,0,2.03692,0.324483
193.886621315,1.34221,0,0.500131,1.771,0.0104283,0.0913076,0,2.73927,0,0.00356865,1.58332,0.160346
193.933061224,1.70778,0,0.375977,1.75757,0.00993443,0.102829,0,2.65382,0,0.00597334,1.77797,0.134864
193.979501134,1.77836,0,0.676591,1.56542,0.0101024,0.303136,0,2.25055,0.0434262,0.0249333,2.14756,0.127362
194.025941043,1.55573,0,0.876364,1.09262,0.0102189,0.842809,0,2.18985,0.0775533,0.018676,2.44672,0.113754
194.072380952,1.10628,0,0.736992,0.849802,0.0109206,1.53971,0,2.01637,0.0144107,0.110108,2.61748,0.0930042
194.118820862,0.985599,0.0140799,0.222902,0.916152,0.0121922,2.05566,0,1.78756,0,0.507845,2.4365,0.0700512
194.165260771,0.996612,0.0207942,0.00185284,1.15611,0.0131266,2.01118,0,1.74608,0,0.573139,2.1834,0.0527043
194.211700680,1.02073,0.0394952,0.00163934,1.52109,0.0149658,1.22623,0,2.18109,0,0.429115,1.99518,0.0546071
194.258140590,1.05037,0.0327863,0.0049979,1.64943,0.0164264,0.955952,0.140833,2.57595,0,0.148815,1.74166,0.0503849
194.304580499,1.00983,0,0.0880446,1.52479,0.0174962,0.776012,0.189977,2.81543,0,0.0177264,1.63811,0.0349544
194.351020408,1.00561,0,0.197213,1.52241,0.0156392,0.497456,0.018285,2.97944,0,0.0169733,1.78215,0.142319
194.397460317,1.13388,0,0.312122,1.45889,0.0135224,0.274198,0,2.99324,0.00820017,0.0179969,1.98562,0.25185
194.443900227,1.22957,0.250043,0.26277,1.05093,0.0112704,0.321571,0.287009,2.68843,0.000677361,0.0247303,2.11004,0.178893
194.490340136,0.677152,0.827479,0.165876,0.54751,0.0126328,0.685006,0.698563,2.58931,0.00613173,0.00561027,2.38318,0.0579046
194.536780045,0.180882,1.11206,0.354963,0.557206,0.0204309,0.637391,0.707922,2.55387,0,0.0152292,2.46013,0.138078
194.583219955,0.0395434,0.907223,1.07796,0.664577,0.0436998,0.257294,0.559568,2.41676,0.0101441,0.0287476,2.73313,0.0424594
194.629659864,0.0865296,0.516693,1.55727,1.17409,0.0183826,0.0280743,0.387444,2.08793,0.00624396,0.018706,2.54019,0.000241503
194.676099773,0.265915,0.153697,1.76872,1.52723,0.0802074,0.0104011,0.138519,2.04768,0.00505436,0.13231,2.1047,0.000408063
194.722539683,0.340141,0.0344463,1.80919,1.46073,0.544046,0.00262293,0,2.60067,0.00436857,0.117382,1.73223,0.000636906
194.768979592,0.368921,0.0509569,1.90116,1.50547,0.589272,0.0126412,0,3.05458,0,0.0498163,1.81136,0.024074
194.815419501,0.704619,0.0325139,1.45623,1.66108,0.297225,0.00816003,0.0322816,2.90163,0,0.0236839,1.78974,0.111519
194.861859410,0.75019,0.00993606,1.77012,1.02207,0.0160963,0.690377,0.0689181,2.083,0,0.000274682,1.96571,0.15912
194.908299320,0.667636,0.0019348,1.68261,0.603248,0.0247407,1.33104,0.0789169,2.16019,0,0.0121873,2.35422,0.0170878
194.954739229,0.679476,0,1.52521,0.278535,0.0335713,1.84395,0.111879,2.07287,0,0.00982343,2.75795,0.226421
195.001179138,1.22946,0.00014425,1.43538,0.518231,0.0187987,1.8502,0.0247926,1.62544,0,0,2.96555,0.313659
195.047619048,1.47093,0,1.52667,0.808349,0.0146697,1.76987,0.145714,1.34346,0.00505496,0.0120261,2.79988,0.155794
195.094058957,1.20823,0,1.68452,1.19541,0.0132401,1.452,0.55924,1.1432,0.00292691,0.0280546,2.58906,0.158205
195.140498866,0.794662,0,1.82463,1.56744,0.0134589,1.07719,0.759667,1.29696,0.00430018,0.0310315,2.46539,0
195.186938776,0.430019,0,2.01083,1.56318,0.0133855,0.803281,0.841338,1.46223,0.00276947,0.0922753,2.45436,0
195.233378685,0.310348,0,2.13586,1.36942,0.0136372,0.440527,0.587851,1.6647,0,0.231451,2.45623,0
195.279818594,0.185318,0,2.15286,1.00252,0.0133079,0.320088,0.187546,1.75524,0.0010144,0.392671,2.60289,0.0143692
195.326258503,0,0,2.10035,0.985737,0.01326,0.241653,0.0633146,1.72959,0.00115605,0.487645,2.71101,0
195.372698413,0,0,2.27404,1.03207,0.0142318,0.144936,0.0705862,1.82611,0,0.484244,2.71809,0
195.419138322,0,0,2.50582,1.46085,0.0139649,0.0819706,0.0616576,1.90013,0,0.451961,2.40553,0.0163643
195.465578231,0,0,2.44924,1.84572,0.014416,0.072187,0.0440468,1.85357,0,0.409033,2.03325,0.01125
195.512018141,0,0,2.32639,1.92254,0.0145602,0.09216,0.0660407,1.65237,0,0.428729,2.02086,0
195.558458050,0.031789,0,1.97479,2.15861,0.0144624,0.159289,0.105913,1.51376,0,0.410332,1.92892,0
195.604897959,0.41815,0,1.81874,2.06534,0.0143657,0.582268,0.00971527,1.49233,0,0.791265,1.62349,0
195.651337868,1.03527,0,1.79302,1.74173,0.0143523,1.09675,0,1.11509,0,1.1653,1.6512,0
195.697777778,1.23231,0,1.45211,1.62399,0.0139147,1.28286,0,0.69182,0,1.49178,1.54813,0
195.744217687,1.21492,0,1.10696,1.69276,0.0140148,1.30517,0,0.48376,0.00106744,1.74465,1.29025,0
195.790657596,1.0674,0,1.17025,1.55412,0.0134462,1.26092,0,0.370321,0.00335158,1.80962,1.14225,0
195.837097506,0.535898,0,1.33179,1.31506,0.0136008,1.15307,0,0.632127,0.00207046,1.64006,1.11132,0
195.883537415,0.1056,0,1.22368,1.19061,0.0152617,0.993664,0.000902052,1.41218,0,1.12277,1.17749,0
195.929977324,0.114982,0,0.9392,1.2089,0.0158172,0.936007,0.100545,2.12885,0,0.787636,1.18038,0
195.976417234,0.0903047,0,0.703603,1.33274,0.0150444,0.727183,0.2737,3.01246,0.0546254,0.364561,0.929082,0.00346725
196.022857143,0.0445795,0.150345,0.561315,1.41244,0.0138384,0.429761,0.261372,3.57901,0.104667,0.0965046,0.866019,0.0733004
196.069297052,0.134961,0.31601,0.614814,1.72039,0.0144501,0.218028,0.220277,3.727,0.115306,0.0164231,0.802462,0.099326
196.115736961,0.00423377,0.450355,0.766785,2.03647,0.0187814,0.406747,0.172114,3.59234,0.119743,0.00077545,0.655456,0.101209
196.162176871,0,0.389094,0.899024,1.99213,0.0216027,0.947662,0.0471923,3.1073,0.177357,0.0126911,0.800139,0.14001
196.208616780,0,0.237749,0.767998,1.70565,0.017158,1.16044,0,2.75482,0.0838899,0.0220686,1.08442,0.174907
196.255056689,0.00734631,0.0494862,0.657372,2.08771,0.0141095,0.725726,0,2.93155,0,0.00548872,0.978894,0.161329
196.301496599,0.0114885,0,0.567089,2.2436,0.0132123,0.103072,0,3.20576,0.0681322,0.0177559,1.02619,0.155979
196.347936508,0,0,0.537737,2.45636,0.014097,0.00247634,0,3.33917,0.0508661,0.00394762,1.04175,0.123673
196.394376417,0,0,0.574714,2.58,0.0152129,0.00164419,0.0328127,3.37097,0.0542092,0.0028652,0.938124,0.477956
196.440816327,0,0,0.711788,2.4598,0.0155261,0.00132197,0.0584026,3.42983,0.227312,0.0101049,0.731986,0.686813
196.487256236,0,0,0.750628,2.56203,0.015428,0.007721,0,3.39467,0.345764,0.00337497,0.605246,0.716751
196.533696145,0,0,0.80547,2.71267,0.0156862,0.0075268,0,3.18363,0.0898688,0.00876366,1.07934,0.650647
196.580136054,0.141597,0,0.81772,2.54852,0.0768146,0.40415,0,2.64873,0.0024693,0.0221434,1.32555,0.36941
196.626575964,0.458657,0,0.450089,1.43789,0.350697,1.22251,0,2.83227,0.0185888,0.0232659,1.86092,0.0306533
196.673015873,0.453771,0,0.423392,1.27029,0.167759,1.43732,0.0264647,2.64969,0.0190561,0.0201116,2.21442,0.00560934
196.719455782,0.328176,0.0078853,0.805584,1.45715,0.0136166,1.71581,0.0707383,2.2935,0.00892721,0.00996053,2.19629,0.0139974
196.765895692,0.269721,0,1.35384,1.28742,0.0138037,1.84544,0.0538039,1.85591,0,0.0117665,2.19296,0.00827024
196.812335601,0.27852,0,1.59303,0.986282,0.0146586,1.60914,0.0267348,1.64501,0,0.0129828,2.43131,0.0375501
196.858775510,0.195295,0,1.61119,0.955192,0.0152159,1.33501,0.0283701,2.1372,0,0.0204209,2.61098,0.088705
196.905215420,0.0501792,0.051926,1.60717,1.31229,0.0156928,0.715102,0,2.74654,0,0.0234662,2.55371,0.126352
196.951655329,0,0.102251,1.58988,1.60566,0.0158317,0.15339,0,3.08777,0,0.0027928,2.47289,0.135444
196.998095238,0,0.0125108,1.78411,1.76126,0.0152241,0.100428,0,3.1465,0,0,2.35212,0.163265
197.044535147,0,0,1.84015,1.69134,0.0139989,0.0129214,0.00494411,3.21434,0,0,2.21489,0.177385
197.090975057,0,0,1.83577,1.63284,0.0150004,0.00257634,0.101441,3.08923,0,0,2.19789,0.133602
197.137414966,0,0,1.8355,1.60794,0.0154477,0.00221385,0.0436882,2.89349,0,0,2.37362,0.0689301
197.183854875,0,0,1.83694,1.63075,0.0152349,0.00196361,0.0371234,2.80252,0.000579434,0,2.49778,0.0330717
197.230294785,0,0,1.7793,1.66119,0.0147535,0.00156034,0,2.92239,0.00132964,0.00833962,2.52853,0.0302422
197.276734694,0.0085856,0,1.64243,1.65774,0.0169915,0.00107152,0,2.93702,0.00143983,0.00654219,2.54844,0.0523281
197.323174603,0.917224,0,1.31087,1.79853,0.0319771,0.460815,0,2.85472,0,0.00843709,2.1845,0.0208798
197.369614512,1.98647,0,0.774189,1.74075,0.0449761,0.944919,0,2.54542,0,0.050835,1.85257,4.91815e-05
197.416054422,2.72067,0,0.465732,1.30545,0.0449679,1.09003,0,2.36875,0,0.470506,1.48382,0.0102877
197.462494331,2.85313,0,0.29935,1.24892,0.0482801,1.17368,0.047261,2.13019,0,0.669309,1.05558,0.0270438
197.508934240,2.65177,0,0.0595871,1.07457,0.0471812,1.26793,0.19832,2.03533,0.135375,0.723139,1.05173,0.0385327
197.555374150,2.23607,0,0.0407087,0.327603,0.0391553,2.08293,0.0661386,1.97428,0.400238,0.647305,1.61796,0.0258458
197.601814059,2.25322,0,0.38784,0.127839,0.0337169,2.63333,0,1.78214,0.319894,0.583803,1.72295,0
197.648253968,1.96252,0.332031,0.438451,0.176325,0.0491173,2.6625,0,1.71988,0,0.293742,1.70303,0
197.694693878,1.58727,0.441369,0.443609,0.205344,0.0475669,2.24687,0,1.88728,0.0157998,0.223886,1.70795,0
197.741133787,1.42279,0.176767,0.109034,0.656582,0.0638637,2.25668,0,1.96019,0.0999564,0.240332,1.56378,0
197.787573696,1.26605,0,0.0337363,1.17842,0.0607933,2.48878,0,1.97609,0.125844,0.336805,1.4642,0
197.834013605,0.746596,0,0.0337973,1.3176,0.0316282,2.76253,0,1.87557,0.224634,0.455151,1.46366,0.00456512
197.880453515,0.116121,0.0308199,0.334301,1.0418,0.0225162,2.40878,0,0.997326,0.164109,1.32182,1.67708,0.0412393
197.926893424,0.284592,0.158007,0.467798,0.743596,0.0833397,2.06712,0.207601,0.921579,0,2.52523,1.23835,0
197.973333333,0.209547,0.414448,0.367474,0.63608,0.117245,1.19687,0.475811,0.504689,0,3.12571,1.23617,0
198.019773243,0.0653296,0.635187,0.396437,0.593521,0.131201,0.699571,0.35081,0.103271,0.00889538,2.97821,1.5672,7.18249e-06
198.066213152,0,0.365119,0.617663,0.669212,0.223512,0.439243,0.72375,0.0331284,0.00698795,2.36747,1.71871,0
198.112653061,0,0.0288745,0.902109,0.658318,0.167287,0.377252,1.34132,0.366507,0.0107425,1.93772,1.7628,0
198.159092971,0,0.014459,0.981789,0.499347,0.324619,0.317802,1.03998,1.07197,0.0112394,0.967205,2.58496,0
198.205532880,0.0230931,0.011384,0.750576,0.626604,0.305983,0.443101,0.397262,1.56312,0.383132,0.208305,3.1544,0
198.251972789,0.550713,0.00755069,0.419403,0.913856,0.0165079,0.613212,0.00238483,1.41013,0.477942,0.0945007,3.51513,0.0130907
198.298412698,1.41956,0.00907193,0.354677,1.25666,0.0142404,0.198425,0.0194061,1.0554,0.0068938,0.103854,3.5543,0.0146198
198.344852608,1.79676,0,0.778815,0.985469,0.0136552,0.0197639,0.237113,0.911492,0.00321265,0.00383338,3.14457,0.048376
198.391292517,2.08941,0,0.989106,0.829542,0.0135519,0.0208079,0.384597,1.13821,0.0123158,0.0196312,2.47665,0.0767813
198.437732426,2.23852,0,1.07945,0.985713,0.0142977,0,0.619965,1.18824,0.00261288,0.0758978,1.89531,0.155085
198.484172336,2.21164,0,1.41096,1.20789,0.0200716,0.11233,0.834965,1.07,0.00102388,0.124186,1.59603,0.23521
198.530612245,2.00218,0,1.73495,1.20564,0.0258681,0.271756,0.914798,0.899833,0.0240534,0.139936,1.43662,0.252546
198.577052154,1.46119,0,2.02965,0.454712,0.0257855,0.33284,0.664073,1.37035,0.0855667,0.192821,2.12249,0.287324
198.623492063,0.971224,0,2.05071,0.231049,0.00493679,0.267156,0.230601,2.08005,0.0610989,0.293239,2.80201,0.261116
198.669931973,0.465933,0,2.09726,0.0945932,0.0897232,0.267014,0,2.749,0.0266621,0.262804,2.92071,0.0614142
198.716371882,0.173422,9.81153e-05,2.2558,0.00402486,0.0841299,0.20112,0,2.47926,0.0488959,0.752839,2.52575,0
198.762811791,0.0281441,0,2.35562,0.0437651,0.128151,0.210142,0.0513809,1.90486,0.0170914,1.48494,2.59581,0
198.809251701,0.000458222,0.0015834,2.51011,0.022253,0.510158,0.247779,0.0853767,1.54148,0.0291519,2.10331,2.55816,0
198.855691610,0.000304739,0.000212335,2.79889,0,0.382897,0.208131,0.161858,1.68204,0.0426436,2.22202,2.15211,0
198.902131519,0.000137435,0,2.81596,0,0.296622,0.06709,0.14801,1.94697,0.0116628,2.16883,1.83178,0.0095105
198.948571429,0.000229754,0.0118961,2.65588,0.035009,0.49596,0.00348069,0.00323353,2.00994,0.0013423,2.17636,2.18842,0.0725157
198.995011338,0.000103717,0.0249542,2.73417,0.0629908,0.64789,0.398303,0,1.96541,0.00158353,1.91009,2.432,0.119127
199.041451247,0,0.000997302,2.70315,0.0572405,0.505504,0.574805,0,2.37757,0.000921932,1.28402,2.62929,0.130902
199.087891156,0.514507,0.00172428,2.71983,0.0232009,0.333815,0.715833,0,2.65681,0,0.713057,2.28758,0.0422038
199.134331066,1.2047,0.00174337,2.67001,0,0.243805,0.739822,0,2.80905,0,0.717887,1.60877,0.000499456
199.180770975,1.20872,0.00136734,2.46704,0,0.19308,0.209848,0,3.1441,0,0.648665,2.22904,0.000424899
199.227210884,0.880299,0.0103076,2.19758,0.0232022,0.207124,0,0,3.44178,0.00126069,0.58751,2.84686,0.00036784
199.273650794,0.530565,0.0187041,1.82289,0.0312273,0.022836,0,0.0297919,3.2301,0.00572315,0.99143,3.09915,0.000366131
199.320090703,0.327213,0.00461869,2.12026,0,0.127138,0.058776,0.19719,2.86513,0.0156821,1.16096,2.90369,0.071028
199.366530612,0.509466,0.0136397,2.32146,0,0.484573,0.60062,0.157592,2.20708,0.0572152,1.58095,1.98234,0.375853
199.412970522,0.767933,0.181284,2.34443,8.34284e-05,0.244354,1.60088,0.138364,1.21117,0.406789,2.54308,0.396559,0
199.459410431,1.15368,0.118075,2.02373,0.00415791,0.252854,1.78604,0.181412,0.617311,0.883988,2.54553,0.0101861,0
199.505850340,1.53384,0,1.7547,0.0323237,0.168449,1.96407,0.216795,0.443007,0.730386,2.44534,0,0
199.552290249,1.81188,0,1.62931,0.0311359,0.0197541,2.46041,0.110587,0.42858,0.171941,2.40736,0,0
199.598730159,2.04997,0.299633,1.59597,0.00680785,0.0204748,3.17535,0.0347371,0.107291,0,2.06814,0.000307018,0.00150002
199.645170068,2.1462,0.737029,1.40299,0.027965,0.0235927,3.63016,0.0320771,0.0544298,0,1.63467,6.6116e-05,0.00846595
199.691609977,2.02264,1.04541,1.11701,0.005208,0.076894,3.85783,0.0312309,0.109331,0,1.80913,0,0
199.738049887,1.91894,0.828515,1.00544,0,0.110912,4.0455,0.0358849,0.202875,0,2.13493,0,0
199.784489796,1.75485,0.27134,1.08064,0,0.128314,4.16422,0.0345293,0.397343,0,2.16605,0,0
199.830929705,1.91998,0.116688,0.913394,0,0.130233,4.06612,0.0328172,0.255084,0,1.82649,0,0.155865
199.877369615,1.8209,0.0217649,0.780645,0,0.108838,4.14591,0.031758,0.0777419,0,1.58214,0,0.276694
199.923809524,1.8902,0,0.664013,0,0.0667301,4.30147,0.0323154,0.0402339,0,1.6813,0,0.281825
199.970249433,2.01848,0,0.600478,0,0.0596636,4.41269,0.0327261,0.0282512,0.000373691,1.86318,0,0.167043
200.016689342,1.69889,0,1.16118,0,0.0359885,4.2817,0.0341747,0.0243673,0.00152994,1.83801,0.277745,0.29783
200.063129252,1.03394,0,1.82272,0,0.0178004,3.95248,0.0356623,0.123502,0.00115924,1.61763,0.904435,0.327513
200.109569161,0.518027,0.0464992,2.12716,0,0.01815,3.52188,0.035583,0.328993,0.00647695,1.38521,1.14534,0.361789
200.156009070,0.404027,0.0422775,2.3169,0,0.0174019,2.81136,0.108937,0.343923,0.0171067,1.04974,1.53968,0.483589
200.202448980,0.879422,0,2.48653,0,0.0164891,2.55406,0.423936,0.157285,0.0199225,0.397893,1.6063,0.200784
200.248888889,1.36824,0.0157094,2.57843,0,0.0179797,2.47867,0.498933,0.105275,0.0142464,0.00431938,1.34955,0.0159033
200.295328798,1.80594,0.0568819,2.71712,0,0.0261051,2.30906,0.610843,0.0460626,0.00583922,0.0721438,1.32655,0.0172
200.341768707,2.0715,0.0808989,2.28263,0,0.116607,2.41575,0.421542,0.0405444,0.115329,0.262279,1.56416,0.0138976
200.388208617,1.80393,0.0579735,1.85251,0,0.0904781,2.7719,0.046258,0.478292,0.203358,0.354725,1.72701,0.0547345
200.434648526,1.64107,0.0270753,1.81345,0,0.0195434,3.23301,0.052676,0.623509,0.170976,0.314896,1.60708,0.115503
200.481088435,1.74361,0.04084,1.73825,0,0.0188521,3.51024,0.0612163,0.464095,0.276178,0.0111006,1.48693,0.123185
200.527528345,1.81914,0.0453763,1.40223,0.035601,0.0172399,3.5732,0.0588468,0.235131,0.698112,0.0100653,1.65559,0.101827
200.573968254,1.69943,0.0101564,1.68835,0.0644054,0.0163539,3.442,0.0361165,0.214011,1.08998,0.0106026,1.80563,0.0816779
200.620408163,1.49931,0,1.98944,0.0538018,0.0159976,2.99663,0.036288,0.436445,1.30642,0.00801423,1.90261,0.0431679
200.666848073,1.53623,0,2.03737,0.0300482,0.0160882,2.71546,0.0353213,0.457719,1.04133,0.00632598,2.12204,0.0046168
200.713287982,1.69932,0.0216928,1.73046,0.0191133,0.0242775,2.85627,0.0345639,0.448694,0.529227,0.00848116,2.08666,0.00395241
200.759727891,2.16765,0.0396015,1.13355,0.137532,0.0690022,3.39205,0.0340327,0.208823,0.156379,0.21203,1.66446,0
200.806167800,2.34249,0,0.78356,0.0103108,0.0205117,3.60359,0.0597361,0.0775819,0.116048,0.811849,0.943368,0.0217545
200.852607710,2.06387,0,1.14417,0,0.0328394,3.62331,0.036507,0.149647,0.15948,1.07984,0.250738,0.323536
200.899047619,1.84686,0.0280122,1.46407,0,0.0348664,3.57573,0.0727311,0.171333,0.305812,1.07843,0.0465745,0.44633
200.945487528,1.78572,0.0131356,1.53907,0.0141467,0.0178738,3.54545,0.401551,0.0220477,0.245874,1.07391,0.0579171,0.481163
200.991927438,1.4399,0.0225944,1.96075,0.0337067,0.0174214,3.50885,0.541095,0,0,1.55911,0.28669,0.33832
201.038367347,0.887967,0.0290417,2.39022,0.039108,0.0173842,3.40315,0.652546,0.0798289,0,1.77394,0.663786,0
201.084807256,0.73272,0.225971,2.1052,0.0357213,0.0941203,3.27023,0.575622,0.182976,0,1.95753,0.51774,0
201.131247166,1.05393,0.237368,1.45698,0.0335731,0.118083,3.46308,0.264419,0.0648519,0,2.07036,0.165771,0
201.177687075,1.57441,0.117024,0.960068,0.0584339,0.0177768,3.92939,0.0876587,0,0.107483,1.89639,0.0885555,0.0603766
201.224126984,1.92176,0.0197252,0.531585,0.0961924,0.016582,4.1904,0.0993364,0,0.270067,1.61824,0.166967,0.0693699
201.270566893,2.17326,0,0.124557,0.109299,0.016517,4.38585,0.0362149,0,0.216456,1.46567,0.132799,0.0567
201.317006803,2.26081,0,0.143655,0.0775036,0.0172934,4.22756,0.0348888,0.0184351,0.000254403,1.46652,0.0636518,0.164629
201.363446712,2.1093,0.117826,0.277502,0.00887995,0.0167923,4.29398,0.0685435,0.102857,0.00347425,1.31671,0,0.019019
201.409886621,1.68374,0.544789,0.395769,0,0.0163687,4.19243,0.138359,0.0106069,0.0579721,1.50022,0.259698,0
201.456326531,1.06165,0.753989,0.578395,0,0.0170058,3.92307,0.036292,0.00236438,0.0998948,1.5991,0.444005,0
201.502766440,0.929859,0.901757,0.795547,0,0.0186546,3.81116,0.0339582,0.0202749,0.0489162,1.49248,0.465656,0.0269861
201.549206349,1.08464,0.709296,0.924965,0,0.0190284,3.86063,0.0339885,0.0423307,0.222094,1.1541,0.324723,0.0661706
201.595646259,1.56754,0.796695,0.826153,0,0.0182253,3.80525,0.0331346,0.0472713,0.169133,0.857397,0,0.151584
201.642086168,1.94106,0.743507,0.780528,0,0.0178005,3.754,0.0319164,0.0397951,0.00116991,0.880222,0,0.164271
201.688526077,2.03981,0.532906,1.1107,0.203758,0.0166657,3.9042,0.0336392,0.0191947,0,1.13869,0,0.15495
201.734965986,1.89432,0.430641,1.70245,0.23216,0.0182969,3.59978,0.037587,0,0.016742,1.04574,0,0.376306
201.781405896,0.817313,0.470442,2.12105,0.0459719,0.022658,3.10038,0.0368174,0,0,0.786157,0.887977,0.507177
201.827845805,0.52679,0.26402,2.37092,0,0.114855,2.52186,0.0577389,0.302743,0.00150611,0.513608,1.87801,0.340391
201.874285714,0.55994,0.0454359,2.70624,0,0.0444014,2.1146,0.178315,0.433831,0.00521225,0.395502,2.32684,0.177344
201.920725624,0.530681,0,2.97103,0,0.0169797,1.92659,0.56271,0.482773,0.00406564,0.671139,2.0258,0
201.967165533,0.277369,0.143358,3.09245,0.0488423,0.014857,1.90771,0.729244,0.469574,0.00296579,1.03848,1.17451,0
202.013605442,0.373087,0.101757,3.16499,0.0925772,0.0214432,1.7126,0.848088,0.464325,0.00196569,1.76003,0.848243,0.0166521
202.060045351,0.506212,0,3.1005,0.146812,0.044189,1.71872,0.687834,0.463961,0.000649274,2.02009,0.845476,4.81523e-05
202.106485261,0.663274,0,3.10446,0.119987,0.0418362,1.80954,0.356869,0.571898,0.000359226,1.98588,0.819126,0
202.152925170,1.34161,0,2.87853,0.0835911,0.0718005,2.07887,0.0475141,0.261859,0,1.78714,0.865384,0
202.199365079,1.80289,0,2.20364,0,0.183104,2.25165,0.0316441,0.245283,0.0476773,1.44112,1.0389,0
202.245804989,1.8948,0,1.71098,0,0.125303,2.23735,0.0324913,0.568053,0.0940394,1.40674,1.24355,0
202.292244898,1.7394,0,1.97471,0.0184978,0.0171154,2.16112,0.0355601,1.30849,0.365376,1.25151,1.15653,0
202.338684807,1.62628,0,2.4404,0.0190678,0.0171441,1.64414,0.0359371,1.65694,0.75488,0.716087,0.846052,0.0529164
202.385124717,1.43911,0,2.53634,0,0.0169835,1.77701,0.0334777,1.75941,0.892179,0.61256,0.496301,0.0874387
202.431564626,1.65969,0,2.34231,0,0.0793722,2.10053,0.0311157,1.87134,0.798206,0.844104,0.395458,0.0590547
202.478004535,1.77551,0,1.999,0,0.0373086,2.63887,0.0309859,1.81507,0.479556,1.42881,0.301623,0.0312431
202.524444444,1.57122,0,1.74204,0,0.0165076,2.94484,0.0431947,1.73172,0.0690417,1.72403,0.30514,0.0225596
202.570884354,1.50106,0,1.98437,0,0.0166635,2.90892,0.0894837,1.75444,0.00217836,1.63557,0.321014,0.000334571
202.617324263,1.36761,0,2.0665,0,0.0215389,2.84742,0.196465,1.83571,0.000867925,1.46615,0.39144,0.112775
202.663764172,1.84668,0,1.69616,0.0183374,0.578702,2.0977,0.2299,1.89593,0.000775969,1.25483,0.40125,0.191445
202.710204082,1.8079,0.0313857,1.65661,0.00420747,0.554649,1.90645,0.039933,1.94459,0.000712139,1.30683,0.396103,0.0984173
202.756643991,1.9117,0,1.62931,0,0.484783,1.83317,0.0343534,1.66004,0.222861,1.61647,0.305464,0
202.803083900,2.05356,0,1.43569,0,0.48818,2.13536,0.0437028,1.48837,0.220845,1.70151,0.245015,0
202.849523810,2.27945,0,1.18822,0,0.455815,2.53182,0.0547026,1.29713,0.151668,1.75915,0.318225,0
202.895963719,2.37581,0,1.17022,0,0.483045,2.56689,0.0557078,1.10997,0.0413906,1.56979,0.696306,0
202.942403628,2.08871,0,1.0973,0,0.201062,2.70331,0.044277,1.11992,0.089823,1.53493,1.18233,0
202.988843537,1.95163,0,0.938157,0,0.076198,2.91407,0.0143343,1.25168,0.0886051,1.20058,0.985661,0
203.035283447,1.82272,0,0.829026,0,0.0911577,3.19609,0.18284,1.47529,0.0778435,1.28207,0.324877,0
203.081723356,2.05983,0.00180953,0.733183,0,0.0798097,3.1517,0.254164,1.53858,0.0374623,1.21031,0.0991994,0
203.128163265,2.10594,0.0115124,0.762618,0.00861795,0.246526,2.93096,0.143735,1.46147,0.0722815,1.22559,0.010304,0.0204945
203.174603175,2.01319,0.0263359,0.844199,0.0136957,0.106974,3.07012,0.117981,0.964287,0.00991524,1.17309,0.199776,0.196856
203.221043084,2.05238,6.89181e-05,0.809509,0.0137495,0.121649,3.04617,0.0249152,0.7768,0.000243165,0.761633,0.540164,0.250676
203.267482993,2.16985,0,0.771808,0.0118888,0.124332,2.87554,0.0252958,0.826347,0,0.435142,0.733329,0.1558
203.313922902,2.15357,0,0.796189,0.0146526,0.114888,2.62972,0.00559344,1.10459,0.0332545,0.334098,0.735097,0.0814007
203.360362812,1.96845,0.0755841,0.885721,0.0155328,0.0975495,2.89924,0,0.98441,0.000481361,0.417174,0.583601,0.193567
203.406802721,1.97142,0.240083,0.838011,0.014065,0.131243,2.97244,0.00160023,1.17318,0,0.364284,0.396577,0.424031
203.453242630,1.86177,0.325538,0.728087,0.0121372,0.178261,2.62547,0.0232558,1.82559,0,0.106651,0.698806,0.307877
203.499682540,1.36465,0.294641,0.846082,0.0431228,0.0567052,2.02265,0.0409684,1.92667,0.00160122,0,1.4242,0.430299
203.546122449,0.740987,0.227565,1.09076,0.0112349,0.0327688,1.97884,0.0718649,1.74505,0.0131754,0,2.05623,0.455344
203.592562358,0.647243,0.200982,1.34115,0,0,1.9507,0.116942,1.36719,0.0179115,0,2.12992,0.357952
203.639002268,0.826315,0.0588169,1.66686,0,0.0125016,1.75642,0.148076,1.20056,0.0183807,0.303166,1.63551,0
203.685442177,0.937799,0.0496376,1.94071,0,0.009744,1.69249,0.118595,1.23823,0.0110635,0.409,1.27276,0.00791946
203.731882086,1.07363,0.0437322,2.03237,0.0112018,0,1.45301,0.0225368,1.23449,0.0292595,0.454511,1.66224,0.129424
203.778321995,1.11699,0.119032,1.96376,0,0,1.15499,0.0326968,1.31704,0.0104727,0.372436,2.11696,0.114417
203.824761905,1.37582,0.239219,1.89243,0,0,1.01777,0.0186714,1.58541,0.00485419,0.266998,2.27138,0.0924552
203.871201814,1.06252,0.029327,1.92656,0.00530669,0.00370941,1.38321,0.163725,1.59041,0.0503521,0.199841,2.48197,0.18535
203.917641723,0.734375,0.00616221,2.03144,0.0154348,0.0111456,1.77876,0.370955,1.03112,0.0896196,0.12906,2.56534,0.23537
203.964081633,0.425774,0.103497,1.95572,0.00905386,0.0129929,1.83786,0.497046,0.851931,0.110747,0.346981,2.49643,0.257414
204.010521542,0.199309,0.18799,2.0389,0,0.00627682,1.88812,0.47576,0.904866,0.16183,0.390437,2.22186,0.162744
204.056961451,0.0818073,0.241893,2.06852,0,0.191831,1.46466,0.135212,1.05029,0.169616,0.413084,2.61637,0.0449165
204.103401361,0.000262101,0.310745,2.12626,0.0043141,0.211674,1.22537,0.156658,1.34679,0.145217,0.318446,2.62116,0.0500483
204.149841270,0.138363,0.195064,2.11225,0.0771943,0.175828,1.63576,0.0603599,1.43654,0.114317,0.422083,2.05495,0.357547
204.196281179,0.311065,0.234203,1.79346,0.162523,0.238708,2.21455,0.143776,1.39721,0.100877,0.695402,1.29345,0.211606
204.242721088,1.19166,0.000879639,1.60448,0.0138102,0.189087,2.34128,0.613668,1.28584,0.121867,0.933287,0.736824,0.0172805
204.289160998,1.60237,0.100447,1.92404,0.0772313,0.0643628,2.27787,0.641756,1.186,0.169042,1.0453,0.480087,0.0253846
204.335600907,1.56092,0.165718,2.02605,0.645698,0.0579642,2.3354,0.370865,1.04348,0.000543192,1.32864,0.485993,0.0395991
204.382040816,1.45409,0.0593948,1.95621,0.814468,0.0526788,2.48273,0.257497,0.734238,0.0445372,1.64678,0.222539,0.202873
204.428480726,1.40002,0.000343583,1.8671,0.774651,0.115457,2.46553,0.275369,0.437649,0.0794225,1.54813,0.540088,0.203686
204.474920635,1.29585,0.000264266,1.47839,0.655564,0.243382,2.13042,0.291357,0.65085,0.0845379,1.14062,1.12611,0.329496
204.521360544,1.12862,0.00113684,1.60129,0.616331,0.1031,2.0152,0.224323,1.01364,0.00362314,0.918532,1.31761,0.401117
204.567800454,0.557552,0.478101,1.93453,0.535189,0,2.27828,0.152132,1.2121,0.00203599,0.929968,1.26303,0.314519
204.614240363,0.324593,0.726955,1.7567,0,0.0564692,2.21693,0.22548,1.27203,0.0332109,1.13474,1.75257,0.0284114
204.660680272,0.181861,0.641829,1.4985,0.0435453,0.259332,2.25499,0.151697,1.20098,0.083699,1.2394,1.70007,0.170115
204.707120181,0.149963,0.619384,1.56498,0.0739955,0.166041,2.28504,0.059973,1.37238,0.0034543,1.28807,1.49728,0.499478
204.753560091,0.107228,0.50905,1.89694,0.214,0.179556,2.13547,0.0529,1.20009,0.00368615,1.40229,1.17875,0.391138
204.800000000,0.196668,0.68419,1.98453,0.265634,0.664798,2.05739,0.081799,0.8958,0.00311328,1.45617,1.2046,0.0877003
204.846439909,0.480096,0.491883,1.83545,0.131544,0.468326,2.4269,0.0907654,0.967599,0.00206965,1.4837,1.18999,0.089434
204.892879819,0.447326,0.139003,1.54162,0.0926245,0.0784658,2.52444,0.159356,0.839019,0.0471963,1.37889,1.42767,0.0850245
204.939319728,0.418895,0.0183975,1.46879,0.669387,0.0281823,2.48513,0.250471,0.693006,0.000798368,1.11709,1.58185,0.0581482
204.985759637,0.426854,0.140677,1.42483,0.896589,0.0318644,2.5395,0.311582,0.612053,8.07872e-05,0.562188,1.78178,0.0317741
205.032199546,0.410793,0.295512,1.46931,0.869733,0.0355838,2.6017,0.382684,0.454005,0.0465405,0.729216,1.74675,0
205.078639456,0.53735,0.372161,1.54248,0.846209,0.0408112,2.16907,0.248812,0.550505,0.0667572,1.05866,1.6964,0.00542769
205.125079365,0.703785,0.234002,1.59334,0.598939,0.0418967,1.78506,0.228573,0.877431,0.0593745,1.38823,1.33376,0
205.171519274,0.644037,0.342552,1.57925,0.386844,0.0339523,2.0311,0.072779,1.03727,0.00812318,1.53868,1.11827,0.0706466
205.217959184,0.612334,0.327346,1.35887,0,0.0580688,1.97788,0.0522172,1.13752,0.0016668,1.41946,1.8901,0.104501
205.264399093,0.664417,0.203678,1.4503,0.256448,0.12908,1.90054,0.00327609,1.18707,0.00126486,1.48943,2.02701,0.0929346
205.310839002,0.711342,0.281699,1.6182,0.728959,0.0527084,1.9803,0,1.38195,0.00143308,1.72409,1.58784,0.0562211
205.357278912,0.531218,0.33002,1.78139,0.602692,0.0531403,2.06683,0,1.52476,0.0589644,1.57039,1.19236,0.125513
205.403718821,0.137659,0.236742,1.79699,0.169868,0.0530325,1.66765,0.00500398,1.4781,0.458655,1.43953,1.61316,0.150529
205.450158730,0.105089,0.171248,1.95266,0.199724,0.0428915,1.82937,0.00729561,1.24577,0.594306,1.14062,1.37435,0.252403
205.496598639,0.14006,0.207341,2.06197,0.63185,0.00868797,2.03233,0.108402,0.578789,0.629486,0.933466,0.92865,0.299242
205.543038549,0.182394,0.110916,2.14425,0.688016,0.00719208,1.97875,0.191071,0.425409,0.711547,0.749003,1.01679,0.230908
205.589478458,0.18365,0.109505,2.06246,0.760944,0.0214169,2.00386,0.148328,0.616631,0.651921,0.581602,1.34922,0.0624129
205.635918367,0.119704,0.0177611,2.31572,0.746579,0.0356274,2.12393,0.24753,0.738624,0.439672,0.927931,1.32185,0.0347263
205.682358277,0.0814913,0.360082,2.48541,0.318251,0.0353812,2.26863,0.119199,0.697682,0.00214774,1.44304,1.44866,0.0452058
205.728798186,0.0616372,0.518459,2.43377,0.162469,0.036591,2.12741,0.145596,0.558318,0.23216,1.46325,1.66546,0
205.775238095,0.0696643,0.327606,2.33389,0.301215,0.278212,2.27028,0.0771021,0.503331,0.274177,1.41132,1.27611,0
205.821678005,0.310814,0.0804551,2.13608,0.282918,0.273358,2.31028,0.0670986,0.463958,0.345299,1.19452,1.19667,0
205.868117914,0.331392,0.237627,2.03166,0.128751,0.260847,2.35348,0.0610773,0.763427,0.508509,1.09776,1.33016,0
205.914557823,0.355738,0.249279,2.04575,0.159055,0.162246,1.97434,0.138513,1.08983,0.57768,0.949843,1.51607,0
205.960997732,0.611762,0.151935,2.07066,0.338998,0,1.42984,0.226013,1.14911,0.666684,0.872787,1.46886,0
206.007437642,0.57528,0.00306168,1.9501,0.56006,0.00407166,1.38813,0.157272,1.07383,0.620346,0.941935,1.6456,0.0339426
206.053877551,0.684355,0.00357187,1.76781,0.858245,0,1.46399,0.0609661,1.12166,0.363512,1.11248,1.34156,0.0803625
206.100317460,0.622669,0.0844353,1.80688,0.674132,0,1.67626,0.047084,0.999329,0.222607,1.32104,1.46583,0.128884
206.146757370,0.384495,0.0929229,2.03997,0.447513,0.0138872,1.8986,0.0371301,0.688834,0.125231,1.20446,1.46112,0.147144
206.193197279,0.108623,0.255637,1.99306,0.30467,0.0196929,2.4285,0.00361179,0.597474,0.00159824,1.14927,1.11933,0.184752
206.239637188,0.10409,0.437821,1.87211,0.286674,0.0263747,2.62083,0.000142774,0.638128,0.0250284,1.11701,1.0875,0.213257
206.286077098,0.0919416,0.430862,1.97037,0.270541,0.00913101,2.56983,0.0361375,0.659691,0.00397999,0.813002,1.23131,0.236192
206.332517007,0.0758262,0.32671,2.04014,0.437295,0,2.29082,0.0634161,0.700753,0.464333,0.873945,1.23105,0.203184
206.378956916,0.152084,0.482869,1.75246,0.5087,0.0979279,1.82391,0.0228446,0.854818,0.585796,1.05969,1.24353,0.148862
206.425396825,0.16406,0.569999,1.42014,0.565854,0.107356,1.67173,0.0095656,1.00685,0.3377,1.12104,1.66296,0.144932
206.471836735,0.162548,0.418796,1.38087,0.491868,0.154368,1.96561,0.0371961,1.06658,0.290456,0.99375,1.51377,0.165961
206.518276644,0.130461,0.0777045,1.57075,0.346731,0.0380109,1.99829,0.0539788,1.15932,0.486385,1.16312,1.27005,0.158188
206.564716553,0.0912884,8.70888e-05,2.34819,0.348231,0.00453148,1.87696,0.209922,1.19279,0.603257,1.04909,1.30517,0.149637
206.611156463,0.0386422,0.199421,2.81162,0.248974,0.00975124,2.01544,0.340594,1.16853,0.327587,1.02543,1.13883,0.227924
206.657596372,0.0446354,0.226488,2.84635,0.374416,0.0142443,1.92162,0.337436,0.84764,0.00237364,1.00687,1.19245,0.270842
206.704036281,0.0794819,0.203953,2.44349,0.373842,0.0209677,1.72202,0.149725,0.453328,0.00136815,1.48548,1.34079,0
206.750476190,0.118443,0.319048,1.67638,0.536426,0.0308507,1.83395,0.263558,0.371111,0,1.78336,1.29862,0
206.796916100,0.16211,0.587353,1.16287,0.79097,0.0108602,2.07517,0.262975,0.357501,0.150968,1.67716,0.922403,0.00616645
206.843356009,0.203002,0.537514,1.25723,0.719216,0,2.21592,0.421322,0.454984,0.304379,1.35762,0.740271,0.237092
206.889795918,0.151432,0.463904,1.82558,0.800324,0,2.10025,0.493434,0.844305,0.320884,1.02694,0.51981,0.230403
206.936235828,0.459282,0.280374,2.393,0.758224,0,1.50402,0.541087,0.930257,0.262579,0.80305,0.761693,0.021316
206.982675737,0.588512,0.214136,2.61677,0.214541,0.0161389,1.14435,0.43709,1.02786,0.064586,0.908908,1.18478,0
207.029115646,0.417928,0.311266,2.6276,0.0235024,0.0388329,1.16217,0.263467,1.04658,0.184271,1.12312,1.39952,0
207.075555556,0.356381,0.294723,2.40328,0.00858671,0.0387955,1.50888,0.23154,0.709972,0.282691,1.36946,1.2072,0
207.121995465,0.515912,0.330496,2.28083,0.00908402,0.0319246,1.66124,0.162425,0.49735,0.218774,1.36364,1.24102,0
207.168435374,0.639116,0.272331,2.28703,0.00423838,0.0697797,1.7163,0.255895,0.410514,0.00234727,1.1731,1.668,0
207.214875283,0.423942,0.150502,2.26518,0.00649601,0.0765082,2.08854,0.244096,0.56106,0.0034459,1.3134,1.59512,0.021257
207.261315193,0.136028,0.272128,2.29404,0.0181248,0.00724419,2.83513,0,0.607647,0.0529499,1.26183,0.892143,0.100301
207.307755102,0.15074,0.331847,1.76729,0.101067,0.00642856,2.91612,0.0187898,0.533291,0.00404461,1.35453,0.866829,0.124688
207.354195011,0.34708,0.181384,1.75091,0.298152,0.00618554,2.65513,0.179177,0.370982,0,1.17471,1.01896,0
207.400634921,0.365163,0.203731,2.03117,0.412899,0.00468863,2.05844,0.351459,0.460047,0,1.12402,1.45946,0
207.447074830,0.256478,0.168951,2.25052,0.259934,0,1.45615,0.608159,0.67053,0.00111393,0.985886,1.65713,0.0159049
207.493514739,0.171963,0.328363,2.23315,0.167087,0.009473,1.83054,0.576273,0.765003,0.000200688,0.675934,1.41888,0.363363
207.539954649,0.512701,0.585041,2.05602,0.165279,0.0171936,2.08917,0.0969832,0.748109,0,1.00966,1.07461,0.241018
207.586394558,0.716039,0.598329,2.15617,0.162068,0.0192605,1.86069,0.182963,0.608206,0,1.36336,0.985867,0
207.632834467,0.693925,0.405781,2.00879,0.15003,0.0220096,1.54643,0.270887,0.582011,0.0718459,1.34599,1.01184,0
207.679274376,0.68529,0.0825004,1.88941,0.115858,0.0152875,1.92744,0.321545,0.654442,0.151032,1.06058,1.07319,0
207.725714286,0,0,0,0,0,0,0,0,0,0,0,0
207.772154195,0,0,0,0,0,0,0,0,0,0,0,0
207.818594104,0,0,0,0,0,0,0,0,0,0,0,0
207.865034014,0,0,0,0,0,0,0,0,0,0,0,0
207.911473923,0,0,0,0,0,0,0,0,0,0,0,0
207.957913832,0,0,0,0,0,0,0,0,0,0,0,0
208.004353741,0,0,0,0,0,0,0,0,0,0,0,0
208.050793651,0,0,0,0,0,0,0,0,0,0,0,0
208.097233560,0,0,0,0,0,0,0,0,0,0,0,0
208.143673469,0,0,0,0,0,0,0,0,0,0,0,0
208.190113379,0,0,0,0,0,0,0,0,0,0,0,0
208.236553288,0,0,0,0,0,0,0,0,0,0,0,0
208.282993197,0,0,0,0,0,0,0,0,0,0,0,0
208.329433107,0,0,0,0,0,0,0,0,0,0,0,0
208.375873016,0,0,0,0,0,0,0,0,0,0,0,0
208.422312925,0,0,0,0,0,0,0,0,0,0,0,0
208.468752834,0,0,0,0,0,0,0,0,0,0,0,0
208.515192744,0,0,0,0,0,0,0,0,0,0,0,0
208.561632653,0,0,0,0,0,0,0,0,0,0,0,0
208.608072562,0,0,0,0,0,0,0,0,0,0,0,0
208.654512472,0,0,0,0,0,0,0,0,0,0,0,0
208.700952381,0,0,0,0,0,0,0,0,0,0,0,0
208.747392290,0,0,0,0,0,0,0,0,0,0,0,0
208.793832200,0,0,0,0,0,0,0,0,0,0,0,0
208.840272109,0,0,0,0,0,0,0,0,0,0,0,0
208.886712018,0,0,0,0,0,0,0,0,0,0,0,0
208.933151927,0,0,0,0,0,0,0,0,0,0,0,0
208.979591837,0,0,0,0,0,0,0,0,0,0,0,0
209.026031746,0,0,0,0,0,0,0,0,0,0,0,0
209.072471655,0,0,0,0,0,0,0,0,0,0,0,0
209.118911565,0,0,0,0,0,0,0,0,0,0,0,0
209.165351474,0,0,0,0,0,0,0,0,0,0,0,0
209.211791383,0,0,0,0,0,0,0,0,0,0,0,0
209.258231293,0,0,0,0,0,0,0,0,0,0,0,0
209.304671202,0,0,0,0,0,0,0,0,0,0,0,0
209.351111111,0,0,0,0,0,0,0,0,0,0,0,0
209.397551020,0,0,0,0,0,0,0,0,0,0,0,0
209.443990930,0,0,0,0,0,0,0,0,0,0,0,0
209.490430839,0,0,0,0,0,0,0,0,0,0,0,0
209.536870748,0,0,0,0,0,0,0,0,0,0,0,0
209.583310658,0,0,0,0,0,0,0,0,0,0,0,0
209.629750567,0,0,0,0,0,0,0,0,0,0,0,0
209.676190476,0,0,0,0,0,0,0,0,0,0,0,0
209.722630385,0,0,0,0,0,0,0,0,0,0,0,0
209.769070295,0,0,0,0,0,0,0,0,0,0,0,0
209.815510204,0,0,0,0,0,0,0,0,0,0,0,0