TIME,A,Bb,B,C,C#,D,Eb,E,F,F#,G,Ab
0.000000000,0,0,0,0,0,0,0,0,0,0,0,0
0.046439909,0,0,0,0,0,0,0,0,0,0,0,0
0.092879819,0,0,0,0,0,0,0,0,0,0,0,0
0.139319728,0,0,0,0,0,0,0,0,0,0,0,0
0.185759637,0,0,0,0,0,0,0,0,0,0,0,0
0.232199546,0,0,0,0,0,0,0,0,0,0,0,0
0.278639456,0,0,0,0,0,0,0,0,0,0,0,0
0.325079365,0,0,0,0,0,0,0,0,0,0,0,0
0.371519274,0,0,0,0,0,0,0,0,0,0,0,0
0.417959184,0,0,0,0,0,0,0,0,0,0,0,0
0.464399093,0,0,0,0,0,0,0,0,0,0,0,0
0.510839002,0,0,0,0,0,0,0,0,0,0,0,0
0.557278912,0,0,0,0,0,0,0,0,0,0,0,0
0.603718821,0,0,0,0,0,0,0,0,0,0,0,0
0.650158730,0,0,0,0,0,0,0,0,0,0,0,0
0.696598639,0,0,0,0,0,0,0,0,0,0,0,0
0.743038549,0,0,0,0,0,0,0,0,0,0,0,0
0.789478458,0,0,0,0,0,0,0,0,0,0,0,0
0.835918367,1.02329,0.00283421,0.449994,0.854125,0.677018,0.00231851,0.73528,0.417933,1.3226,0.608691,0.468033,0.274343
0.882358277,0.900189,0,0.2807,0.472072,0.501743,0.187915,0.739624,0.461375,1.7646,0.593221,1.11767,0.55901
0.928798186,0.737067,0,0.30033,0.311777,0.48623,0.218931,0.45259,0.656653,2.21748,0.294048,1.24839,0.948518
0.975238095,0.93142,0,0.261922,0.413281,0.547095,0.0192634,0.515999,0.790239,2.35048,0.0631144,1.03925,1.05221
1.021678005,1.11141,0,0.291812,0.364784,0.733795,0.115769,0.554844,0.773859,2.18149,0.0733905,1.07016,0.910954
1.068117914,1.20693,0.00219863,0.668232,0.356521,1.07308,0.326142,0.42867,0.378383,2.04302,0.0664925,1.01467,0.507459
1.114557823,1.05442,0.129335,1.04017,0.330619,1.23162,0.557818,0.112977,0.116459,2.17603,0.245127,0.797814,0.360005
1.160997732,0.591954,0.14469,0.73481,0.37274,0.967501,0.713993,0.0833974,0.209309,2.24574,0.396387,0.928511,0.352915
1.207437642,0.725691,0.068969,0.0416856,0.410301,0.785954,0.575746,0.13639,0.709244,2.01175,0.410834,1.05532,0.224288
1.253877551,0.712149,0.0718648,0.00728042,0.738542,0.722877,0.552945,0.141471,1.13749,1.35591,0.417689,0.859599,0.216642
1.300317460,0.941069,0.17052,0.171874,1.23242,0.665001,0.51339,0.0915828,1.10074,0.58497,0.371178,0.642303,0.0997046
1.346757370,1.08313,0.127361,0.173489,1.3756,0.41944,0.326647,0.200571,1.14727,0.592031,0.0263612,0.784158,0.146938
1.393197279,1.07705,0.00287977,0.00476735,1.31327,0.0439828,0.09711,0.450109,1.38692,0.790396,0.448627,0.7275,0.282775
1.439637188,0.894646,0.0456328,0.249375,0.914337,0.0671124,0.115913,0.600899,0.796088,0.881285,0.353089,0.814771,0.521187
1.486077098,1.201,0.243567,0.214788,0.583666,0.5945,0.309054,0.534768,0.27374,0.783032,0.155049,0.851371,0.460469
1.532517007,0.986706,0.635528,0.0750039,0.807608,0.679595,1.09584,0.085167,0.0321422,0.677673,0.285143,0.949573,0.103963
1.578956916,0.943846,0.699596,0.0376768,0.981177,0.340386,1.05978,0.0614392,0.062962,0.608009,0.496375,0.916603,0.290617
1.625396825,1.05041,0.387531,0.0366835,1.23211,0.35224,0.695786,0.205263,0.436006,0.374735,0.758625,0.658333,0.270056
1.671836735,1.17012,0.0867847,0.150179,1.30239,0.471315,0.840669,0.34487,0.430484,0.277866,0.586268,0.162384,0.515258
1.718276644,1.01696,0.0374249,0.180343,0.735924,0.383707,1.573,0.464703,0.205156,0.2608,0.405293,0.15006,0.622852
1.764716553,0.784362,0.293791,0.0982166,0.400755,0.343454,1.92047,0.368101,0.231684,0.0537817,0.46109,0.167787,0.686321
1.811156463,0.565254,0.380571,0.235618,0.458286,0.358886,1.80263,0.826933,0.420312,0.0390025,0.460229,0.177234,0.343459
1.857596372,0.351978,0.41476,0.0535589,0.753572,0.42988,0.967144,1.16176,0.851836,0.204827,0.411774,0.150905,0.313111
1.904036281,1.36896,0,0.00130319,0.91031,0.577958,0.418638,1.43388,1.12088,0.073278,0.84768,0.154185,0.167247
1.950476190,1.86414,0,0.053001,0.838905,0.713943,0.399738,1.51102,1.29477,0.0158442,0.922469,0.161937,0
1.996916100,1.34075,0.00742077,0.158159,0.558053,0.440623,0.974299,1.80264,0.953718,0.0469454,0.889019,0,0.429375
2.043356009,1.28783,0.305524,0,0.919552,0.325114,0.496895,0.785783,1.1417,0.158293,0.528053,0,0.501521
2.089795918,1.4364,0.472262,0.00459536,1.34146,0.345234,0.332061,0.425697,1.15346,0.0771888,0.115691,0.126543,0.457414
2.136235828,1.60708,0.523088,0.0163142,1.50897,0.395369,0.243714,0.319318,1.29634,0.0226205,0.027229,0.188123,0.409133
2.182675737,1.76892,0.24167,0.0110604,1.36747,0.43509,0.309564,0.447114,1.24318,0.0777102,0.100442,0.386186,0.401077
2.229115646,2.04663,0.22354,0.00130279,0.825017,0.168067,0.721431,0.772326,0.890584,0.41701,0.531784,0.507147,0.304432
2.275555556,1.66043,0.216005,0.826505,0.12355,0.0841286,1.02238,1.29079,0.663493,0.820803,0.552985,0.156742,0.276291
2.321995465,1.34773,0.26788,0.968998,0.162197,0.0774128,0.951992,1.21503,0.910086,0.909153,0.39531,0.12217,0.239308
2.368435374,0.445388,0.435365,1.11719,0.165473,0.0941611,0.804154,1.04002,1.45482,0.653845,0.247694,0.179272,0.421228
2.414875283,0.109901,0.619758,1.00672,0.134012,0.109585,0.617578,0.828058,1.9088,0.267258,0.39682,0.336874,0.588718
2.461315193,0.0899275,0.907941,0.527355,0.180774,0.119477,0.725582,0.355091,2.27541,0.499716,0.476847,0.64741,0.438109
2.507755102,0.126316,1.3416,0.213553,0.0402621,0.256275,0.816894,0.222043,2.2568,0.574925,0.481257,0.733725,0.202447
2.554195011,0.217685,1.38484,0.303562,0.0308013,0.462754,0.769105,0.164143,1.75124,0.329227,0.493696,0.817702,0.172283
2.600634921,0.00112709,0.536136,1.30586,0.224816,0.803755,0.66196,0.583007,1.78988,0.693395,0.850559,0.144219,0.111689
2.647074830,0.0698106,0.142892,1.51481,0.0218572,0.274106,0.385155,0.432887,3.6896,0.28255,0.0203048,0.326288,0.294039
2.693514739,0.00184151,0.143506,1.59923,0,0.256113,0.235932,0.263974,4.0715,0.0131968,0.02165,0.657665,0.444404
2.739954649,0.000432616,0.168265,1.66002,0,0.235997,0.124213,0.0725319,4.2345,0,0.0358452,0.903916,0.46573
2.786394558,0.000332204,0.11618,1.78155,0,0.109129,0.0919294,0.0236926,4.28015,0.00817957,0.0755155,1.07147,0.498632
2.832834467,0.00024956,0.0524298,1.85978,0,0.00362685,0.0210113,0.0433775,4.29348,0.021684,0.127731,1.25173,0.475264
2.879274376,0.00413769,0.04979,1.98997,0,0.0041928,0.0290851,0.0823547,4.35396,0.0165204,0.145768,1.42473,0.236298
2.925714286,0,0.0406775,2.2322,0,0.00222384,0.0327711,0.104522,4.32585,0.00202085,0.135132,1.61349,0.0285763
2.972154195,0,0.0502728,2.29193,0,0.0126616,0.0338852,0.102954,4.2,0,0.0766859,1.73387,0
3.018594104,0,0.0682492,2.21447,0,0.0146001,0.0213013,0.0976726,4.31025,5.52248e-05,0.0396212,1.74935,0
3.065034014,0,0.0776831,2.16983,0,0.0197941,0,0.116342,4.2953,0,0.00416907,1.86223,0
3.111473923,0,0.0715308,2.35672,0.000143735,0.025259,0.00244729,0.121674,4.15406,0,0.0126585,1.88785,0.035599
3.157913832,0,0.104169,2.46741,0.0108443,0.0139055,0.0346968,0.285349,4.06193,0,0.0219504,1.74436,0.0230004
3.204353741,0,0.130756,2.4086,0.00627097,0,0.0571458,0.129014,4.1502,0,0.00120268,1.64546,0.0559054
3.250793651,0,0.0742835,2.27718,0,0,0.0603291,0.0631867,4.16448,0,0.000126779,1.61134,0.27551
3.297233560,0.0110381,0.0916896,2.24133,0,0,0.0421461,0.039503,4.15586,0,0,1.64821,0.405589
3.343673469,0.0305698,0.11922,2.16676,0.00152934,0.00862299,0.0402745,0.0647078,4.07445,0.0056223,0.00740216,1.66055,0.308061
3.390113379,0.0944315,0.0741337,2.37032,0.00275926,0.0505755,0.0776327,0.0676866,3.9751,0.0131707,0.01334,1.56075,0
3.436553288,0.119983,0.10402,2.40629,0.00177005,0.0278866,0.263119,0.0658624,3.90715,0.0140211,0.0132639,1.51951,0.159752
3.482993197,0.099378,0.134354,2.41353,0,0.0109349,0.441062,0.0620553,3.92275,0.0100237,0.0135169,1.51906,0.259244
3.529433107,0.0807737,0.121718,2.34997,0,0.00940775,0.413154,0.064067,3.98024,0.003521,0.0133661,1.51997,0.373581
3.575873016,0.000224772,0.140376,2.15097,0.000406208,0.0206234,0.258458,0.0510719,4.20014,0.02112,0.011251,1.61182,0.362193
3.622312925,0.000547701,0.157597,2.12551,0.00135858,0.0222106,0.0982096,0.0235942,4.29493,0.0579461,0.0511842,1.79126,0.252912
3.668752834,0.000298623,0.130058,2.04427,0.000451399,0.018643,0.139697,0.0179648,4.32387,0.0404759,0.0489079,1.92777,0.150168
3.715192744,0,0.115796,1.90771,0.0459835,0.0249644,0.283069,0.0278068,4.34287,0.0269792,0.00508261,1.95296,0.0938715
3.761632653,0,0.127532,1.84761,0.00814139,0.0303264,0.392433,0.0267803,4.19169,0,0.00657873,2.01842,0.153181
3.808072562,7.57607e-05,0.158913,1.81227,0.0162946,0.0220163,0.443032,0.0130196,4.12924,0,0.00775359,1.98293,0.257206
3.854512472,0.000179699,0.161377,1.8918,0.0170423,0.0127542,0.401804,0.0159849,4.23871,0,0.00683507,1.864,0.371049
3.900952381,0.000312875,0.113166,1.91437,0.0181634,0,0.355559,0.00402227,4.39498,0,0.0261098,1.74536,0.449828
3.947392290,0.000200928,0.0512459,1.87373,0.0152057,0,0.427985,0.0293618,4.1746,0.0079091,0.0868493,1.53228,0.576231
3.993832200,0.000125958,0.134362,1.57566,0.0123267,0,0.668128,0,4.14866,0.0456997,0.0753471,0.887428,0.622372
4.040272109,0.0189899,0.317067,1.29439,0.0123976,0,0.602592,0.0126486,4.17476,0.12462,0.0104027,1.08671,0.671036
4.086712018,0.0545538,0.33401,1.32809,0.0138476,0,0.348342,0.0420466,4.11934,0.0859157,0.012178,1.48033,0.462806
4.133151927,0.0626526,0.0976928,1.75619,0.0165639,0,0.214202,0.0498104,4.10519,0.014991,0.0132867,1.70899,0.310479
4.179591837,0.0132539,0.0454031,1.8879,0.016724,0,0.200534,0.0454701,4.22979,0,0.011574,1.80404,0.25213
4.226031746,0.108376,0.139648,1.66189,0.0132262,0,0.195719,0.0390517,4.16216,0.0421824,0.0120382,1.96113,0.236212
4.272471655,0.123534,0.372614,1.46799,0.0188518,0,0.404144,0.0590379,4.08954,0.0134771,0.0116757,2.05263,0.0996986
4.318911565,0.126158,0.455363,1.49516,0.0313256,0,0.626017,0.0564775,3.84442,0.000239373,0.0101113,1.92031,0.143994
4.365351474,0.139586,0.4381,1.70554,0,0,0.745941,0.0650223,3.66107,0.00101349,0.0096394,1.82199,0.193193
4.411791383,0.0878046,0.281953,1.71766,0,0,0.745458,0.0506657,3.60711,0.00145971,0.0100416,2.0959,0.384873
4.458231293,0.026253,0.0565843,1.68256,0,0,0.731638,0.0263819,3.64224,0.0262142,0.00982927,2.43087,0.361212
4.504671202,0,0.0864472,1.82469,0.0153426,0.0156577,0.723392,0.0106964,3.65864,0.056256,0.00882788,2.46773,0.249824
4.551111111,0,0.135923,1.90805,0.0179919,0,0.620373,0.00583416,3.76799,0.0780911,0.005779,2.52016,0.173938
4.597551020,0.0344697,0.165475,1.94093,0.0178061,0,0.542723,0.00526382,3.91862,0.0778355,0.00281495,2.52876,0.143898
4.643990930,0.0322344,0.167082,1.96912,0.0147986,0.0135339,0.471769,0,4.06038,0.0023016,0.0100246,2.54752,0.181503
4.690430839,0,0.161331,1.92017,0.00178497,0.0179969,0.432934,0.0180817,4.15663,0,0.0161108,2.53504,0.236664
4.736870748,0.000376733,0.0864924,1.96104,0.000289238,0,0.412343,0.0269052,4.02186,0,0.0115045,2.50165,0.250211
4.783310658,0.00034635,0.0905415,1.96543,0.00239404,0,0.413602,0.0416996,3.79402,0,0.00512298,2.45844,0.347149
4.829750567,0.000236479,0.0906626,1.76888,0,0,0.403116,0.0232422,3.5388,0.281775,0,2.32821,0.868295
4.876190476,0.000240338,0.0823071,1.61056,0.0522816,0,0.353427,0.0390904,3.29625,0.318215,0,2.27468,0.755621
4.922630385,0.000560628,0.0772583,1.49073,0.219348,0,0.280604,0.00544559,3.3149,0.161582,0,2.23824,0.716413
4.969070295,0.000600562,0.0798763,1.53202,0,0,0.261507,0,3.44501,0.0752203,0,2.37386,0.861169
5.015510204,0.00825469,0.0799603,1.53285,0,0,0.399084,0.00371184,3.55309,0.055037,0,2.42575,1.04067
5.061950113,0.000415401,0.0821428,1.55259,0,0,0.489479,0.0065173,3.68148,0.0282318,0,2.43684,1.19817
5.108390023,0.000390754,0.0762352,1.63933,0,0.00379196,0.38384,0.0161682,3.85189,0,0,2.40517,1.04376
5.154829932,0.000241371,0.0474429,1.22721,0.0991205,0.0688929,0.217087,0.0071002,3.71704,0.00330579,0,2.38274,0.971016
5.201269841,0.000208763,0.0451811,1.22785,0.103992,0.292329,0.214266,0.0321574,3.41066,0.00573586,0.0559174,2.31398,0.912605
5.247709751,0.050716,0.141513,1.63307,0,0.115911,0.517291,0.0769803,3.03016,0.00187008,0.0825967,2.36406,0.972495
5.294149660,0.135866,0.223305,2.04825,0.00838939,0.0635265,0.794707,0.0544215,2.85217,0,0.0861481,2.36725,0.912453
5.340589569,0.171622,0.216755,2.34769,0.0171094,0,1.07096,0.0530079,2.793,0,0.0359544,2.29434,0.867778
5.387029478,0.140647,0.081669,2.40324,0.0174274,0.00467801,1.31794,0.0333474,2.90393,0,0.0182267,2.31256,0.948554
5.433469388,0.0239751,0.050407,2.35803,0.00868047,0.0256955,1.47499,0.0223373,2.91063,0,0.0770266,2.37451,1.08799
5.479909297,0,0.05679,2.40723,0,0.00778809,1.49003,0.0509767,2.95954,0,0.0721681,2.40138,1.18642
5.526349206,0.000152174,0.0558854,2.56932,0,0.00749541,1.32152,0.293857,3.07733,0.024896,0.102287,2.52196,0.963697
5.572789116,0,0.109836,2.51348,0,0,1.19054,0.123255,3.22353,0.0442579,0.0889613,2.6577,0.602885
5.619229025,0.051631,0.131186,2.24967,0,0.00209661,1.25046,0.0653466,3.24475,0.0598107,0.0907923,2.63673,0.680651
5.665668934,0.176294,0.131014,2.10498,0,0.0110571,1.3368,0.0638733,3.2378,0.0500961,0.100541,2.60153,0.739191
5.712108844,0.356058,0.103138,2.19029,0.00361159,0.0141886,1.27025,0.071149,3.09376,0,0.106635,2.65478,0.673933
5.758548753,0.3998,0.0822213,2.3515,0.00925498,0.0116731,1.05065,0.083898,2.90658,0,0.0956098,2.74199,0.440806
5.804988662,0.261803,0.0884187,2.40532,0.00117447,0.0138734,0.928393,0.164136,2.79576,0,0.0828516,2.7688,0
5.851428571,0.190634,0.105159,2.37493,0,0.027178,1.15819,0.189738,2.61292,0.0428093,0.0626012,2.44686,0
5.897868481,0.249833,0.110723,2.36375,0,0.0210022,1.17547,0.138163,2.75395,0.0501836,0.0823491,2.33634,0
5.944308390,0.259489,0.18113,2.31964,0.0166419,0.167456,1.05155,0.0620925,2.84094,0.137999,0.0210266,2.31595,0
5.990748299,0.290981,0.472226,2.18827,0.0183353,0.283069,0.781071,0,2.43301,0.0397524,0.734151,2.00206,0.111047
6.037188209,0.152049,0.193155,2.30111,0.0477381,0.506149,0.828082,0.120153,1.65635,0.686657,1.02979,1.30214,0.323036
6.083628118,0,0.091197,2.55139,0.0407265,0.716219,1.20472,0.170989,1.45894,0.81659,1.32566,0.909179,0.273042
6.130068027,0,0.0933136,2.62996,0.00644386,0.467686,1.39609,0.364687,1.47613,0.61755,1.79052,0.843698,0.215005
6.176507937,0,0.145612,2.75866,0.00962683,0.355061,1.49245,0.394734,1.64331,0.184997,2.00579,0.879481,0.157133
6.222947846,0.00290195,0.191317,2.86733,0.00877308,0.354991,1.51435,0.2751,1.97751,0,1.83091,1.36318,0.0894037
6.269387755,0.0343888,0.225339,2.83459,0.00180262,0.247797,1.24779,0.108066,2.34605,0,1.7305,2.09973,0.019718
6.315827664,0.000199432,0.223353,2.84162,0,0.198916,1.19727,0.0645741,2.55985,0.0567556,1.73678,2.18213,0.0227949
6.362267574,0.0153331,0.228236,2.9043,0,0.0557873,1.30207,0.0690168,2.67339,0.0739462,1.69494,2.05629,0.0484233
6.408707483,0.0202109,0.251465,2.97281,0.00870968,0.0166363,1.43825,0.11216,2.62778,0.0831007,1.65473,1.87423,0.0557765
6.455147392,0.109337,0.264537,2.98964,0.00834721,0,1.62933,0.102538,2.65802,0.0732678,1.50797,1.93951,0.0465163
6.501587302,0.151936,0.229488,2.87403,0.00316665,0.0240235,1.6495,0.0289993,2.82999,0.0668355,1.28346,2.29572,0.0204081
6.548027211,0.0876105,0.097852,2.78455,0.00488187,0.0274903,1.63277,0,2.87134,0.0214847,0.973251,2.78127,0
6.594467120,0.0718157,0.0789818,2.85884,0.0105838,0.0251094,1.67437,0.000619293,2.35891,0.212225,0.576649,2.55901,0.420964
6.640907029,0.0191356,0.0375261,1.99375,0.0158772,0.0200043,1.52924,0.085637,2.48952,0.207114,0.409129,2.63168,0.338098
6.687346939,0.0072325,0,1.36419,0.0213907,0.0550212,1.45489,0.0796442,2.49459,0.183814,0.219738,2.68577,0.163527
6.733786848,0,0.0394767,1.61448,0.0208797,0.0125608,1.45437,0.00567369,2.47363,0.29049,0.043602,2.46785,0.0471869
6.780226757,0,0.098024,2.04604,0.0186565,0.00767856,1.42543,0,2.42012,0.363104,0,2.36474,0.0953481
6.826666667,0,0.118302,2.36243,0.0166499,0.00639013,1.42438,0,2.35207,0.148171,0,2.67978,0.0930563
6.873106576,0.00063388,0.043782,2.57104,0.0362021,0,1.51089,0.0346329,2.05879,0.0581962,0,2.59152,0.0277978
6.919546485,8.28823e-05,0.0513211,2.43803,0.0449824,0,1.43373,0.131509,2.10012,0.0549866,0.0648779,2.73908,0.0860498
6.965986395,0.110719,0.0684078,2.12522,0.020598,0,1.46647,0.145448,2.71327,0.0681616,0.187211,2.81127,0.10564
7.012426304,0.135347,0.122213,1.94445,0.13574,0,1.44176,0.100235,3.13197,0.0747187,0.248244,2.84463,0.145858
7.058866213,0.0940145,0.211588,1.90959,0,0.0021099,1.52247,0.0737433,3.14359,0.0942921,0.269095,2.83235,0.148996
7.105306122,0.0161195,0.163986,1.88417,0,0.00530651,1.5287,0.0241459,3.1052,0.117231,0.288322,2.98344,0.047357
7.151746032,8.44365e-05,0.049408,1.83415,0,0.00940275,1.30558,0.00968125,3.13406,0.156102,0.293135,3.01441,0.0853779
7.198185941,0.00506037,0.0307255,1.63543,0,0.00372546,0.922769,0,3.3088,0.159478,0.341606,2.84277,0.107064
7.244625850,0.692942,0.0197267,1.27676,0,0.583428,0.270059,0,3.2629,0.132481,0.690531,2.40765,0.143331
7.291065760,1.6958,0.0191922,0.731157,0.0152899,1.37694,0.839006,0.023768,2.28671,0.149647,1.2986,1.82987,0.0960715
7.337505669,2.27005,0.0841568,0.179642,0.0364224,1.62027,1.0284,0,1.3791,0.630261,1.56302,1.40807,0
7.383945578,2.55168,0.0800139,0.342157,0.0169592,1.67815,1.07174,0.0062706,1.38839,0.499412,1.52794,1.31684,0
7.430385488,3.06004,0.049327,0.282365,0.0998364,1.60922,1.10993,0.0261232,1.29113,0.527024,1.37696,0.941292,0
7.476825397,2.89802,0.0526362,0.223432,0.0123147,1.9278,0.909027,0.0242754,1.27824,0.887757,0.897094,0.860454,0.0981807
7.523265306,3.06785,0.214262,0.0840666,0.00397419,1.80173,0.103001,0.0185619,1.57136,0.800008,0.612296,0.718287,0.0833558
7.569705215,3.43656,0.138245,0.000795705,0.00138374,1.47839,0.0977594,0.15228,1.79197,0.662776,0.424983,0.711442,0.0537077
7.616145125,3.77455,0.0503376,0.000547687,0.00283822,1.39972,0.0727624,0.193853,1.87237,0.426359,0.204037,0.658384,0.0238078
7.662585034,4.12125,0.0237526,0.000374142,0.00334117,1.52226,0.0290095,0.172376,1.86599,0.0138559,0.173382,0.500338,0.00055567
7.709024943,4.2634,0.0169809,0.0823747,0.000730788,1.65219,0.0153646,0.11455,1.77003,0.00513392,0.177738,0.578384,0
7.755464853,4.07657,0.025445,0.0279467,0.00810933,1.71494,0.00504152,0.0924209,1.89851,0,0.0808987,0.793775,0
7.801904762,3.99833,0.00714203,0,0.00344124,1.6572,0.00164974,0.113217,2.01533,0,0.104753,0.67413,0.00479073
7.848344671,4.10215,0.000751898,0,0.00162038,1.53233,0.00103607,0.141355,1.99262,0,0.139839,0.427644,0.020347
7.894784580,4.29259,0.00462832,0,0,1.63302,0.0122497,0.0751305,2.07747,0,0.138852,0.151268,0.028449
7.941224490,4.32086,0.0235046,0,0,1.72629,0.0354743,0.0546068,2.02658,0,0,0.297663,0.0253682
7.987664399,4.31299,0.0323368,0,0,1.56257,0.0363984,0.0334019,2.02446,0.0110862,0.10885,0.270139,0.0303358
8.034104308,4.40049,0.00814646,0,0.00703838,1.50293,0.0104198,0.160841,1.91412,0,0.163316,0.110691,0
8.080544218,4.414,0,0,0.002774,1.73452,0.0248516,0.118799,1.58694,0.0126363,0.231229,0.000448188,0.00697012
8.126984127,4.25535,0.0247343,0,0,2.14129,0.0423327,0.0676975,1.35954,0.744581,0.0239163,0.000479669,0
8.173424036,4.22742,0.0226908,0,0,2.38642,0.0423622,0.0824499,1.55123,0.833031,0.0593112,0.0123255,0
8.219863946,4.22034,0.0160306,0,0,2.45988,0.0314098,0.0809178,1.95188,0.401563,0.0246486,0.0246464,0
8.266303855,4.20792,0.011803,0.037765,0.00422748,2.53734,0.0330572,0.323514,2.10859,0.0126124,0.0193767,0.0314939,0.00783387
8.312743764,4.32546,0.0155926,0.0809712,0.0110632,2.66117,0.00718253,0.184048,2.1657,0.00644941,0.00871454,0.0459597,0.0358056
8.359183673,4.26948,0.0287936,0.113395,0.00866529,2.86543,0.00160516,0.108697,1.81927,0.0015957,0.0325174,0.137475,0.0139409
8.405623583,3.89441,0.0417837,0.0972252,0,3.07803,0.00691892,0.112709,1.17184,0.000352818,0.00837402,0.206236,0.00744932
8.452063492,3.95455,0.00247116,0.0807721,0,2.95144,0.00565929,0.128124,0.748308,0,0.00646381,0.113947,0.0357938
8.498503401,3.99734,0.00192239,0.0693278,0,2.73708,0.00865841,0.110118,0.665795,0,0.0020189,0.0911554,0.0403927
8.544943311,4.13561,0.000600855,0.0575523,0.0127912,2.62087,0.00291922,0.037614,0.783009,0.0211384,0.000204066,0.0559922,0.039856
8.591383220,4.13684,0.00243528,0.0373901,0.0153294,2.72382,0.0360884,0.0116768,0.889424,0.0409233,0.000377004,0.0199307,0.0266695
8.637823129,4.12155,0.00234497,0.0199768,0,2.69653,0.040407,0.0564288,1.01696,0,0.000326952,0.00441795,0.0125524
8.684263039,4.14071,0.00285457,0.00101518,0,2.48561,0.0151726,0.179749,0.965808,0,0.000274387,0,0.0142021
8.730702948,4.16335,0.00720453,0.00222629,0,2.42261,0.00848348,0.108342,0.96239,0.040091,0.00032235,0.0217841,0.00730602
8.777142857,4.09361,0.0139833,0.0029667,0,2.53587,0,0.00852112,0.942906,0.372392,0.02446,0.091401,0.0161118
8.823582766,3.96128,0.0522572,0.00278253,0.00848233,2.65357,0.00573885,0,0.958714,0.445106,0.0567761,0.0909538,0.016497
8.870022676,3.70283,0.0357827,0.00209287,0.0128099,2.52147,0.0179494,0.0740424,1.18375,0.172745,0.0520459,0.0887128,0.0255371
8.916462585,3.53148,0.0169095,0.00274124,0.0170431,2.51359,0.0384285,0.141643,1.16219,0,0.00780299,0.102085,0.0388699
8.962902494,3.57258,0.049731,0.00325911,0.0175813,2.54197,0.00538333,0.0833284,1.04277,0.208454,0.0194785,0.0280853,0.0312407
9.009342404,3.39843,0.0456423,0.077669,0.0148701,2.35424,0,0.000297265,0.902698,1.02424,0.301988,0,0.0133776
9.055782313,3.03087,0.00254804,0.173174,0.00978418,2.60484,0.00558952,0.00888494,1.0163,1.17165,0.305841,0.036032,0.00995473
9.102222222,3.19139,0.00343049,0.22425,0.00260458,2.70454,0.00942322,0.0137301,1.10122,1.16703,0.245237,0.0745371,0.0162511
9.148662132,3.19338,0.00357957,0.251573,0,2.76415,0.00455674,0.0980465,1.22731,1.14504,0.205037,0.127166,0.0245876
9.195102041,3.22847,0.00342542,0.258495,0,2.76322,0,0.088978,1.39688,1.00806,0.237896,0.161242,0.0358936
9.241541950,4.11149,0.00784874,0.253084,0,2.65828,0.00384332,0.0215586,1.32946,0.756787,0.234409,0.047994,0.067062
9.287981859,4.55579,0.00282253,0.216559,0,2.65714,0.00405111,0.174183,1.56543,0,0.0406221,0.0323569,0.104909
9.334421769,4.5766,0.00154477,0.146094,0,2.47563,0.00318648,0.0759076,1.63946,0,0.0315042,0.0247628,0.106591
9.380861678,4.56193,0.049277,0.0998962,0,2.48647,0.00917854,0.00756702,1.53198,0,0.035171,0.0214175,0.053067
9.427301587,4.53026,0.0560711,0.0970707,0.00737135,2.6105,0.0109808,0.0178721,1.22069,0,0.00699503,0.0227984,0.0140939
9.473741497,4.51815,0.0564491,0.109454,0.0119716,2.72049,0.0088391,0.026354,0.787681,0.0775816,0,0.0326458,0.0117058
9.520181406,4.42259,0.0340714,0.126217,0.0168359,2.76895,0.0779483,0.0493304,0.389051,0.302674,0,0.0482502,0.0324583
9.566621315,4.10125,0.00677262,0.118204,0.010918,2.42237,0.211738,0.0692474,0.14219,0.289309,0.809957,0.0701252,0.0431524
9.613061224,3.8253,0.0147719,0.101756,0.0990759,1.75484,0.155003,0.108877,0.0128434,0.413322,2.01142,0.194173,0.0355508
9.659501134,3.52514,0.0136535,0.109205,0.234161,1.47099,0.137819,0.10027,0.0152782,0.404125,2.77958,0.159613,0.0250165
9.705941043,3.27014,0.025242,0.107251,0.114154,1.6545,0.172284,0.118146,0.0161624,0.422385,2.83597,0.0672643,0.0363163
9.752380952,3.18946,0.0401431,0.0978075,0.0186149,1.73752,0.139355,0.0981142,0.122037,0.197736,2.58273,0.0840637,0.0494699
9.798820862,3.24322,0.0304641,0.0613307,0.0083972,1.63217,0.0298429,0.0278944,0.255679,0.0537902,2.62286,0.0954901,0.0521062
9.845260771,3.22033,0.03328,0.139517,0.012434,1.63908,0.00558467,0.0552074,0.133328,0.000215579,2.74604,0.0651837,0.029977
9.891700680,3.01333,0.0430339,0.248096,0.0113956,1.3679,0.0252518,0.0953152,0.000184397,0.0377349,2.8308,0,0.029179
9.938140590,3.15103,0.0318515,0.26047,0.00864077,1.69372,0.0211617,0.175266,0.00441973,0.122091,2.66872,0,0.0343376
9.984580499,3.2738,0.00125477,0.41859,0.000659739,2.12178,0.0424117,0.141211,0.000649686,0.186214,2.39418,0.071498,0.0379511
10.031020408,3.18893,0.00215713,0.523151,0,2.30707,0.0400885,0.0947067,0,0.174551,2.42801,0.0645161,0.0333623
10.077460317,3.06224,0.00204062,0.569616,0,2.3847,0.0339691,0.0896525,0,0.206844,2.71938,6.80223e-05,0.0364911
10.123900227,2.96641,0.00218519,1.1114,0,2.3414,0.0712964,0.080716,0.364013,0.231786,2.22695,0.0165696,0.0467963
10.170340136,2.8328,0.0375961,1.54681,0.00244527,1.99034,0.126524,0.0734257,1.44998,0.311359,0.971888,4.12951e-06,0.0639245
10.216780045,2.73127,0.0638593,1.92878,0.00849991,1.76339,0.0875153,0.0549037,1.72638,0.298799,0.00403569,0,0.0451639
10.263219955,2.77083,0.00208787,2.11644,0,1.34128,0.0120651,0.0386124,1.82536,0.21464,0.00482973,0.0030782,0.0052495
10.309659864,2.88159,0.00219797,2.24279,0,1.17626,0.00497059,0.0433206,1.81038,0.252728,0,0.00754147,0
10.356099773,2.82219,0.00120857,2.41269,0,1.24817,0.0187424,0.132284,1.8299,0.217487,0.000225971,0.00122027,0.00753217
10.402539683,2.68273,0.0213434,2.72471,0.0124241,1.11773,0.0296595,0.214742,1.45682,0.113355,0.234556,0.00142804,0.0379441
10.448979592,2.55228,0.0126713,2.88849,0.0166638,0.842735,0.00352368,0.103436,1.42545,0.0914984,0.541183,0.000940983,0.0298173
10.495419501,2.38893,0.0145997,2.80844,0.0164927,0.679565,0.00125585,0.0451741,1.79329,0.184414,0.660824,4.50804e-05,0.0244263
10.541859410,2.27915,0.0179683,2.63491,0.0162798,0.878551,0.00271818,0.0650762,1.96243,0.248516,0.569935,0,0.0238424
10.588299320,2.38527,0.0140985,2.44905,0.0121368,1.3081,0.0194492,0.127365,1.84632,0.233508,0.35135,0,0.0136291
10.634739229,2.85797,0.000602532,2.22428,0.00541346,1.56784,0.0273545,0.12065,1.38605,0.181986,0.382263,0,0.0339078
10.681179138,3.14825,0.00298888,2.04265,0,1.29459,0.39084,0.594684,0.406788,0.157105,0.43373,0,0.0241981
10.727619048,2.75441,0.144272,1.66717,0,0.745527,1.71911,0.317377,0.0179353,0.0500264,0.213888,0.122915,0.0256166
10.774058957,2.54998,0.272155,0.898982,0.0200619,0.939825,2.38623,0.404018,0.191402,0,0.246568,0.0039666,0.0458151
10.820498866,2.44718,0.318931,0.243056,0.0121213,1.30656,2.41289,0.264889,0.304482,0.25207,0.393773,0.115292,0.075223
10.866938776,2.59954,0.170232,0.195541,0,1.58447,2.61635,0.0777835,0.268379,0.191248,0.485686,0.402289,0.0343852
10.913378685,2.87723,0.000672361,0.341033,0,1.60309,2.78259,0.0747636,0.215083,0.129534,0.501738,0.454878,0.0140125
10.959818594,3.13154,0.00180246,0.47624,0,1.56945,2.66218,0.0532759,0.222225,0.134361,0.406264,0.309623,0
11.006258503,3.30354,0.000828773,0.454823,0,1.38708,2.79253,0.00143491,0.482313,0.143843,0.24716,0.159111,0
11.052698413,3.47492,0.0359653,0.332814,0.0107868,1.33833,2.69472,0.000554153,0.718888,0.122739,0.128477,0.0591527,0
11.099138322,3.43985,0.0361611,0.22621,0.0141261,1.31031,2.85259,0.0168878,0.734914,0.097663,0.00825737,0.0618377,0.018839
11.145578231,3.34742,0.0130929,0.197512,0.00921622,1.18407,3.01111,0.0193396,0.655286,0.0751124,0.000924911,0.067899,0.0166894
11.192018141,3.39608,0.00036057,0.204742,0.00791067,1.40148,2.76411,0.0224135,0.574765,0.0709907,0.0062798,0.0636833,0.0113926
11.238458050,3.56597,0.0396309,0.219976,0.0123655,1.84101,2.32128,0.009416,0.534875,0.0658904,0.0191238,0.0518464,0.0165432
11.284897959,3.8527,0.0593925,0.209805,0.0139382,1.85783,1.23833,0.0114292,1.42661,0.11566,0.257728,0.0446073,0.00985454
11.331337868,3.72612,0.0325804,0.423521,0.0734779,1.36333,0.681274,0.0091255,2.21279,0.355337,0.317488,0.032759,0.0258088
11.377777778,3.52272,0.0215563,0.743188,0.13293,0.735497,0.360346,0.00592094,2.50113,0.314963,0.266376,0.0397347,0.0355195
11.424217687,3.40178,0.00967277,1.15579,0.0723169,0.531983,0.22147,0.139801,2.25225,0.289101,0.147887,0.138276,0.0338564
11.470657596,3.28187,0.000832409,1.25375,0.0337804,0.524516,0.21409,0.105668,2.21079,0.292424,0.141058,0.210656,0.0488435
11.517097506,3.32504,0.00019426,1.19744,0.0101007,0.852348,0.0661259,0.0314818,2.33556,0.282603,0.182197,0.120415,0.0286259
11.563537415,3.45959,0.0189957,0.926617,0.0118921,0.974724,0.00871149,0.0136999,2.08337,0.444053,0.196904,0.047508,0.0252129
11.609977324,3.49719,0.0498257,0.690844,0.000490772,1.06958,0.0014456,0.07448,1.73165,0.616695,0.142238,0.037905,0
11.656417234,3.48613,0.0233909,0.588104,0.000684147,1.47005,0.00620142,0.135381,1.56807,0.65036,0.167082,0.120705,0
11.702857143,3.60992,0.0189233,0.670596,0,1.71881,0.022506,0.162152,1.39893,0.645092,0.235508,0.138346,0.000724734
11.749297052,3.73884,0.00143935,0.582582,0,1.94438,0.0414945,0.0752817,1.73995,0.614721,0.222289,0.0965377,0.0182551
11.795736961,3.86332,0.00295428,0.382988,0,2.08882,0.0449509,0.10136,1.97873,0.336969,0.14325,0.0284546,0.0170094
11.842176871,3.90962,0.00314113,0.171547,0,2.07218,0.0461551,0.225769,1.74994,0.174352,0.0173382,0.0145712,0.0180032
11.888616780,3.83954,0.00229814,0.149843,0,1.86345,0.0395746,0.359457,1.2425,0.11827,0.00752943,0.000914034,0.0381153
11.935056689,3.73006,0.00875124,0.127964,0.0126856,1.46887,0.0428133,0.419602,1.18924,0.0373483,0.143707,0.0911988,0.013231
11.981496599,3.38272,0.0233668,0.0793805,0.0082197,0.840756,0.099751,0.990038,1.47816,0.0171577,0.680155,0.1068,0.00623048
12.027936508,2.90415,0.0324352,0.0289627,0.574486,0.643189,0.639799,1.23616,0.520602,0.444904,1.14528,0,0
12.074376417,2.49262,0.133136,0.0550261,1.77093,0.360824,1.03826,0.97762,0,0.930637,1.41902,0,0.0474336
12.120816327,2.01247,0.0976085,0.500542,2.03517,0.293901,0.831613,0.427102,0,1.04377,1.52143,1.63085e-06,0.00756837
12.167256236,1.15124,0.0594132,1.49769,1.72724,0.388174,0.690015,0.00628917,0.396181,0.777604,1.50787,0.402787,0.0581216
12.213696145,0.256176,0.110416,1.12466,0.693677,1.47523,0.375416,0.0110607,0.743389,0.593745,0.864676,2.49937,0.070606
12.260136054,0.115917,0.153126,0.913864,0.0267491,1.69896,0.066838,0.322003,0.938874,0.296354,0.483368,2.97682,0.148616
12.306575964,0.0730998,0.218377,0.744586,0,1.78512,0.261968,0.353896,1.17457,0.245695,0.0632074,3.53638,0.0639781
12.353015873,0.00021082,0.212445,0.851679,0.00821373,1.76306,0.690693,0.253568,1.17268,0.320741,0.0900883,3.80602,0.0222235
12.399455782,0,0.0265152,0.838497,0.00903173,1.59923,0.863832,0.00617854,1.23171,0.312418,0.101696,4.01325,0.0198183
12.445895692,0.0372603,0.0421217,0.717192,0.00907833,1.49685,0.586342,0,1.37422,0.0761678,0.0857035,4.00547,0.0475894
12.492335601,0.0320163,0.0565712,0.685977,0.00844409,1.33919,0.621667,0.00864103,1.55661,0.0794043,0.0459682,3.9832,0.051775
12.538775510,0.00026532,0.0671815,1.03544,0.0105633,1.09735,0.75241,0.0100829,1.6062,0.0413561,0.0708438,4.00856,0.0262557
12.585215420,0.0397976,0.188479,1.25902,0,0.899152,0.658355,0.0291614,1.79752,0,0.00264893,4.00728,0.0747701
12.631655329,0.000741611,0.224892,1.21921,0,0.55688,0.99433,0.0157735,2.01254,0,0.00246026,4.07037,0
12.678095238,0.00082489,0.163137,1.1108,0,0.133641,1.07149,0.00534524,2.2209,0.0539903,0.00095976,4.10625,0
12.724535147,0.0275723,0.171017,0.89229,0,0.118048,1.13039,0.0274009,2.27489,0.0320571,0.00988532,4.12712,0.00663063
12.770975057,0.161153,0.240139,0.627997,0.00675603,0.549356,0.941832,0.057567,2.31742,0.0102376,0.0163037,3.69177,0.00505968
12.817414966,0.1337,0.174308,0.622901,0,0.632095,0.55553,0.0833149,2.36068,0,0.0192368,3.36518,0.0930647
12.863854875,0.000217155,0.0879092,0.711574,0,0.657151,0.262747,0.083848,2.64495,0,0.0271086,3.58352,0.123107
12.910294785,0.00037027,0.0363031,0.88999,0.0661984,0.647525,0.16605,0.0803496,2.88448,0,0.0378087,3.66212,0.0944711
12.956734694,0.000387516,0.0262657,1.06914,0,0.625167,0.184484,0.0821071,2.96509,0,0.0392117,3.83921,0
13.003174603,0,0.0267402,1.20353,0,0.43385,0.384129,0.0778077,2.91831,0.00399153,0.0184216,4.0115,0
13.049614512,0,0.0372467,1.53692,0.00226519,0.234811,0.415871,0.0345748,2.76101,0,0.0153306,4.1537,0
13.096054422,0,0.0495844,1.60481,0.0354686,0.206655,0.381692,0.0176342,2.71395,0,0.0341886,4.1855,0
13.142494331,0,0.0615111,1.73456,0.0147224,0.21574,0.331348,0.0153936,2.57687,0,0.0121883,4.18012,0.0366909
13.188934240,8.23973e-05,0.0663996,1.69784,0.0126715,0.243088,0.393245,0.160553,2.47601,0,0.00815589,4.15951,0.0224807
13.235374150,0,0.0617808,1.60674,0.0149269,0.222716,0.50176,0.0606642,2.31984,0,0.00510786,4.18748,0
13.281814059,0,0.0477624,1.5662,0.0141595,0.200938,0.546725,0,2.13403,0.0281683,0.00499591,4.21277,0.121993
13.328253968,0.0189115,0.0314297,1.5875,0.0175879,0.182932,0.559895,0,2.29154,0.0449613,0.00696606,4.19802,0.170251
13.374693878,0.0172123,0.0487922,1.96868,0.0112075,0.241549,0.509925,0.0898268,2.28946,0.111838,0.00974279,4.08488,0.227159
13.421133787,0,0.0379581,1.93068,0.0807556,0.487877,0.238185,0.0956023,2.0479,0.302509,0.00622296,3.78998,0.203622
13.467573696,0,0.0440688,1.66722,0.167137,0.519521,0.082061,0.0116822,1.806,0.266897,0.0183459,3.69879,0.134645
13.514013605,0,0.045591,1.5734,0.215249,0.510678,0.0849998,0.0159425,1.88377,0.109337,0.0635693,3.80258,0.109672
13.560453515,0,0.0843617,1.5895,0.209718,0.514211,0.0953065,0.00703093,1.95432,0,0.0541239,3.83576,0.0492943
13.606893424,0,0.0687118,1.77863,0.0164779,0.615985,0.0986278,0,2.19079,0,0.0132925,3.96812,0.0561668
13.653333333,0.000430652,0.134456,2.16,0.0118145,0.390037,0.179377,0,2.48684,0.173553,0.017633,3.75193,0.164487
13.699773243,0.00050171,0.0547751,2.17724,0,0.111743,0.217018,0.00268469,2.80888,0.511331,0.0173786,3.53996,0.243441
13.746213152,0.000525832,0.0457994,2.0971,0,0.094054,0.242105,0.00688849,3.14875,0.36111,0.0283433,3.359,0.245716
13.792653061,0.000576475,0.0813046,2.0296,0,0.0566266,0.325322,0.00108983,3.33108,0.0584393,0.0736844,3.24323,0.233256
13.839092971,0.000381549,0.0325913,2.00638,0,0.0171121,0.284375,0,3.65794,0.0290623,0.07883,3.30066,0.129815
13.885532880,0,0.0704334,2.13599,0.0139489,0,0.170673,0,3.80048,0,0.0166387,3.24073,0.0220891
13.931972789,0.0184716,0.148392,2.24586,0.0198483,0,0.0979917,0,3.87197,0,0.0169959,3.01024,0.034093
13.978412698,0,0.175386,2.24973,0.0180279,0.00124619,0.0959442,0.00388162,3.93393,0,0.0173079,2.82994,0.151743
14.024852608,0,0.1645,2.1576,0.0124948,0.108289,0.0887943,0.0106027,3.85301,0,0.0168599,2.84358,0.243324
14.071292517,0,0.136559,2.06303,0,0.210679,0.0823931,0.100155,3.48759,0,0.0165632,3.14559,0.229516
14.117732426,0.000138036,0.113452,2.13519,0,0.219035,0.0817246,0.111455,3.06293,0,0.0242845,3.29995,0.185055
14.164172336,0.000230678,0.0446845,2.17424,0.0117862,0.149901,0.0822926,0.0226071,3.14871,0,0.0639906,3.02389,0.146043
14.210612245,0,0.0219941,2.00702,0.146928,0,0.0852833,0.0231831,3.22814,0.172508,0.0342396,2.9769,0.0635483
14.257052154,0.111027,0.0100789,1.99183,0.168052,0,0.0614652,0.205504,3.13147,0.348306,0.00369713,2.87529,0.34001
14.303492063,0.11321,0.00403687,1.63317,0.248103,0,0.0367337,0.0733355,3.05436,0.211179,0,2.93987,0.270679
14.349931973,0.131925,0,1.34691,0.191344,0.0021807,0.0286831,0,2.88212,0.0889479,0.000124407,2.99316,0.454105
14.396371882,0.105764,0,1.03858,0.00226991,0.0912187,0.262616,0,2.76392,0.152083,0.00085571,3.08801,0.663304
14.442811791,0,3.95475e-06,0.792901,0.16065,0.104635,0.504311,0.0983598,2.68662,0.190024,0.00139661,3.04705,0.753435
14.489251701,0,0.00945552,0.556185,0.22403,0.297995,0.571982,0.127947,2.52346,0,0.00867786,3.10064,0.762501
14.535691610,0,0.0134464,0.540057,0.24644,0.430674,0.60086,0.128263,2.39813,0,0.0178909,3.09072,0.965451
14.582131519,0,0.0152205,1.1166,0.0073552,0.3884,0.702198,0.0841462,2.51656,0,0.026342,3.03332,1.06795
14.628571429,0.000595442,0.0111504,1.6715,0,0.317207,0.776889,0.0724576,2.46093,0,0.0513503,3.02816,1.0512
14.675011338,0.0328585,0.00345297,2.19257,0,0.259538,0.794818,0.0814982,2.40342,0,0.0851477,3.04742,0.971799
14.721451247,0.0489765,0.00214812,2.51829,0,0.173301,0.855318,0.0593453,2.48238,0,0.139621,2.98138,0.732685
14.767891156,0.0508596,0.000566652,2.57382,0,0.086082,0.98024,0.0666965,2.88087,0,0.163116,2.86104,0.568016
14.814331066,0.0320125,0.00913735,2.63384,0,0,1.07151,0.0712216,3.10699,0.00232621,0.100017,2.90731,0.734668
14.860770975,0.00024683,0.0170063,2.59578,0,0,0.975736,0.0646222,3.04972,0,0.0011692,3.04825,0.657969
14.907210884,0,0.0478506,2.47536,0,0,0.739683,0.0478963,2.92357,0.0303832,0,3.19683,0.345886
14.953650794,0,0.203015,2.45579,0,0.0126633,0.549543,0.0202528,2.89454,0.0633429,0.00229612,3.2521,0.103061
15.000090703,0.00734911,0.0218169,2.46212,0,0.0140624,0.736479,0.183292,2.77404,0.0642296,0.00883561,3.29679,0.341612
15.046530612,0.000426574,0.0126527,2.53953,0,0.0116652,1.00783,0.265804,2.54865,0,0.0131435,3.28409,0.525254
15.092970522,0.000624156,0.00179008,2.70098,0,0,1.20938,0.291107,2.31155,0,0.0144641,3.18531,0.45031
15.139410431,0.000420313,0.0117196,2.65349,0,0,1.21464,0.241925,2.45295,0,0.0133931,3.16249,0.173701
15.185850340,0.000390215,0.0200303,2.56116,0,0,1.28743,0.147325,2.70821,0,0.0114977,2.88834,0.17855
15.232290249,0.000261976,0.0268927,2.52096,0,0,1.20671,0.123619,2.83158,0,0.00970299,2.90799,0.165223
15.278730159,0.000326205,0.0297691,2.53777,0,0,1.06134,0.0780077,2.65064,0,0.00603592,3.2831,0.0713781
15.325170068,0.000533918,0.0267583,2.71886,0.165074,0,1.16578,0.0799574,2.16478,0,0,3.10957,0.0181057
15.371609977,0.000526864,0.335738,2.46012,0.261962,0,1.20393,0.0417142,1.90056,0,0.858475,2.68385,0.0635924
15.418049887,0.00791137,0.681381,1.99073,0.241125,0.0865017,0.795653,0.213271,1.89351,0.0184234,1.59781,2.05054,0.0359614
15.464489796,0.0956745,0.716902,1.82489,0.102305,0.320378,0.418751,0.448887,1.90179,0.0953042,1.93612,1.84273,0.0111617
15.510929705,0.0868335,0.694997,1.88684,0.121787,0.666155,0.200405,0.526536,2.03876,0.103358,1.80685,2.1512,0
15.557369615,0.124256,0.556448,2.18523,0.107776,0.850741,0.119749,0.513389,2.28182,0,1.5482,2.48245,0
15.603809524,0.170847,0.4002,2.44062,0,0.812413,0.0081826,0.371587,2.44091,0,1.27747,2.63444,0.010155
15.650249433,0.0689775,0.292456,2.63675,0.01781,0.409086,0,0.168482,2.50416,0,1.15308,2.82769,0
15.696689342,0.0575568,0.244568,2.78109,0.0175213,0.0289215,0,0.0177296,2.45502,0,1.26465,3.0225,0
15.743129252,0.0513935,0.237385,2.80059,0.0150945,0.00311235,0.116897,0.0163299,2.32877,0.0169119,1.30093,3.0257,0
15.789569161,0.0440334,0.151508,2.7855,0,0.00361232,0.227738,0.0183541,2.25088,0.0306068,1.13486,3.21926,0
15.836009070,0.00367711,0.243906,2.80595,0,0,0.355079,0.0148765,2.26031,0,0.730642,3.65951,0
15.882448980,0,0.220349,2.77954,0.00554954,0.0119349,0.906849,0.157602,2.2548,0,0.519194,3.91852,0
15.928888889,0.135912,0.0115503,2.90169,0.0140702,0.015649,1.51056,0.167793,1.97944,0,0.28267,3.85516,0
15.975328798,0.268907,0.00549413,2.71682,0.197406,0.00993321,1.60326,0.186428,1.18991,0.00587149,0.413862,3.48922,0.0554936
16.021768707,0.119963,0.000387334,2.6444,0.12934,0.00935624,1.61238,0.0756621,1.12405,0.0257826,0.25884,3.40834,0.244077
16.068208617,0.0163523,0.000911356,2.33417,0.10722,0.000885305,1.19057,0.0404225,1.50828,0.0747985,0.0315764,3.72975,0.12606
16.114648526,0.000753052,0.0568267,2.26052,0.110651,0,1.17844,0.118584,1.66054,0.0809959,0.00426125,3.94723,0.0129631
16.161088435,0.00874852,0.107135,2.10847,0.0610694,0,1.09144,0.225948,1.7513,0.0505339,0,4.10378,0.0275423
16.207528345,0.0315705,0.0419636,2.11778,0.0957238,0,1.02567,0.280222,1.9579,0,0.0373759,4.06186,0
16.253968254,0,0.1283,2.20258,0.0860503,0,0.990928,0.382723,2.23659,0,0.112868,3.80481,0
16.300408163,0,0.0395183,2.06736,0.083757,0,1.0977,0.441095,2.70566,0.10635,0.200655,3.42637,0.0496904
16.346848073,0,0.0251995,1.95308,0.0101027,0,1.10525,0.447472,2.91393,0.423381,0.29563,3.30876,0.0488118
16.393287982,6.5278e-05,0.0208434,2.42655,0.0134649,0,1.15517,0.334585,2.84395,0.622281,0.350707,3.10707,0.0385473
16.439727891,0.000201093,0.0160681,2.68851,0.037667,0.00377856,1.1987,0.131227,2.80555,0.57624,0.412683,3.21332,0.0272686
16.486167800,0.000166379,0.0205179,2.55364,0.00585273,0,0.995873,0.0602847,3.02665,0,0.38194,3.75041,0.0409632
16.532607710,0.0635514,0.0290807,2.38731,0,0.0888548,0.797769,0.0468113,3.0598,0.249496,0.237461,3.69857,0.0568337
16.579047619,0.382506,0.0317416,2.11099,0,0.17932,1.08082,0.0286685,2.76243,0.891547,0.601641,2.95416,0.0856724
16.625487528,1.3956,0.00257768,0.782996,0,0.499523,1.36198,0.0136114,1.85744,0.931572,1.98775,1.93398,0.105684
16.671927438,1.53283,0.0564374,0.00919408,0,0.615148,1.81509,0.00231961,1.06022,0.757954,2.79628,1.54314,0.0909226
16.718367347,1.74813,0.158185,0.00032906,0,0.526787,1.99744,0,0.82094,0.431512,3.074,1.23924,0.0539071
16.764807256,2.25235,0.164183,0.001842,0,0.797314,1.81556,0,0.798117,0.152957,2.95514,1.20128,0.0644973
16.811247166,2.73966,0.0664401,0.00353121,0,1.91171,0.642311,0.00433425,0.614972,0.379863,2.75285,0.965359,0.12417
16.857687075,2.53281,0.174506,0.0026827,0,2.25259,0.352661,0,0.702316,0.596132,1.51963,1.65752,0.108189
16.904126984,2.36727,0.206467,0.0240117,0,2.37741,0.009594,0,1.08059,0.550424,0.216278,2.1435,0.0685105
16.950566893,2.47085,0.112927,0,0,2.38168,0.0201978,0,1.58299,0.395022,0.152485,2.13296,0.0310679
16.997006803,2.57599,0.0197564,0,0.0362302,2.21874,0.0238019,0.12421,1.70328,0.0202335,0.17878,1.9216,0.014579
17.043446712,2.59169,0.00411185,0,0.028976,2.33633,0.024862,0.174896,1.62441,0,0.204002,1.70381,0.0131834
17.089886621,2.76371,0.0138822,0,0,2.52583,0.0087957,0.129102,1.36474,0.0125102,0.24238,1.61485,0.00347745
17.136326531,2.91496,0.0298168,0.000817711,0.00811297,2.65584,0,0.101186,1.00455,0.0890042,0.160392,1.74576,0.0251187
17.182766440,2.97474,0.0259369,0.00152199,0.0146597,2.61645,0,0.138561,0.898104,0.0881421,0.0108872,1.69821,0.0345132
17.229206349,2.9245,0.0197709,0.00147511,0.0136423,2.36459,0,0.214702,1.40277,0,0,1.50411,0.0299233
17.275646259,3.16468,0.010813,0.000732298,0.0281962,2.49179,0,0.17215,1.73932,0,0,1.3267,0.00606556
17.322086168,3.24139,0.000509289,0,0.0124509,2.6043,0.00481903,0.131776,1.7961,0,0.000949637,1.47853,0
17.368526077,3.23255,0.00066348,0,0.0132272,2.4147,0,0.150906,1.49475,0,0.0852522,1.47457,0
17.414965986,2.92279,0.23624,0.0257282,0.0572444,2.03333,0,0.364732,1.13242,0,0.53813,1.17694,0
17.461405896,3.26785,0.262169,0.0801407,0.111012,1.78877,0.0325736,0.390045,0.919533,0.125152,0.620872,0.261908,0
17.507845805,3.51751,0.0580235,0.0661285,0.00806753,2.21558,0.0110113,0.336615,1.04318,0.644849,0.503571,0.0603438,0
17.554285714,3.68516,0.0639768,0.0561973,0.00717134,2.47593,0.000957772,0.201349,1.52592,0.696959,0.39541,0.0858287,0
17.600725624,3.78184,0.0588795,0.154651,0.00513704,2.59302,0.000638975,0.18867,1.75056,0.591826,0.167392,0.176143,0
17.647165533,3.7685,0.0429941,0.250199,0.0044416,2.67829,0.000972984,0.231626,1.87854,0.359442,0.0348681,0.284216,0
17.693605442,4.06114,0.0134113,0.255143,0.00657124,2.71551,0.0197581,0.203406,1.82842,0.0143152,0.0432804,0.22254,0.00738951
17.740045351,4.44066,0.0189834,0.12004,0.00254347,2.58367,0.0277152,0.0740051,1.60324,0.049517,0.014665,0.0996078,0.0240319
17.786485261,4.47035,0.02531,0.00104287,0,2.33989,0.0277544,0.0358731,1.51136,0.0605275,0.0144277,0.0388182,0.0253836
17.832925170,4.51991,0.022548,8.05226e-05,0.00115279,2.25556,0.0131143,0.0882609,1.40992,0.0159777,0.00872121,0.0364053,0.0285122
17.879365079,4.50517,0.0114856,0.000502435,0.0120501,2.42095,0.0179901,0.102442,1.25967,0.038037,0,0.0341315,0.0491765
17.925804989,4.5402,0.00774984,0.00127517,0.0138192,2.54193,0.00858091,0.0170908,1.16327,0.0944211,0.00766219,0.0404033,0.0378204
17.972244898,4.56014,0.0282184,0.0419393,0.0149804,2.65977,0,0.0400399,0.862142,0.116592,0.0477211,0.0478236,0.0218846
18.018684807,4.4633,0.0426788,0.142926,0.00741007,2.74225,0.00301079,0.11395,0.848254,0.0378021,0.0374199,0.0585137,0
18.065124717,4.44707,0.030056,0.142375,0.00659183,2.77079,0.00298289,0.169479,0.868814,0.0336619,0.0467751,0.0526496,0
18.111564626,4.48864,0.0468647,0.134031,0.00591935,2.76068,0.00219615,0.156153,0.915799,0.0261838,0.106465,0.0339344,0.00334066
18.158004535,4.47208,0.160635,0.144087,0.00252794,2.75642,0.00234829,0.123671,1.12834,0.0233309,0.0793873,0.048025,0
18.204444444,4.45044,0.0680694,0.110367,0.000194707,2.81406,0.00221398,0.0845376,1.17604,0.0421389,0.0529641,0.08844,0
18.250884354,4.32235,0.0381719,0.08248,0,2.88555,0.0282819,0.212742,1.33236,0.069959,0.000274663,0.100913,0.0145683
18.297324263,4.22876,0.023332,0.0708932,0.003987,2.85014,0.0245947,0.228506,1.60616,0.0942987,0.0565448,0.0291658,0.041375
18.343764172,3.91999,0.103649,0.00506884,0.00139841,2.69317,0.0150288,0.0220071,1.77818,0.649017,0.388801,0.258358,0.0130765
18.390204082,3.91145,0.161579,0.00119193,0.00152476,2.73229,0.029197,0.0975626,1.64319,0.654012,0.347994,0.401646,0.00300064
18.436643991,3.9533,0.166939,0.00630484,0.00152708,2.72119,0.0291633,0.0948963,1.68378,0.676676,0.317447,0.400506,0
18.483083900,4.00251,0.134322,0.0959649,0.00726198,2.72312,0.022415,0.0800088,1.73047,0.784289,0.289657,0.327361,0.00678961
18.529523810,4.14121,0.0484342,0.226253,0.0162674,2.66315,0.0148562,0.0575783,1.74644,0.716573,0.279417,0.214186,0.0336199
18.575963719,4.28309,0.0510941,0.255471,0.0136793,2.50952,0.0144319,0.0484798,2.01904,0.172895,0.318113,0.146114,0.070091
18.622403628,4.08852,0.174921,0.276216,0.00254575,2.36847,0.0133697,0.0788947,2.26981,0.072829,0.152228,0.197106,0.107193
18.668843537,3.75584,0.0928514,0.18237,0.00250544,2.1034,0.0018175,0.176923,2.12619,0.00662638,0.200511,0.312796,0.145675
18.715283447,3.70749,0.00145613,0.0611435,0.0131993,1.55109,0.00116087,0.181984,2.08473,0.000455589,0.258434,0.30728,0.122122
18.761723356,3.80594,0.0020296,0.173082,0.00736287,1.00547,0.00550959,0.166463,2.13317,0.0264412,0.270286,0.250509,0.0562133
18.808163265,3.89569,0.0013556,0.384725,0.00566751,1.13569,0.00499666,0.0587987,2.04144,0.0470745,0.197491,0.506418,0.026303
18.854603175,3.98832,0.0358808,0.303934,0.00792669,1.41112,0.00590496,0.0534057,2.15795,0.00142883,0.107571,0.669577,0.00930659
18.901043084,3.82583,0.157532,0.0043741,0,1.61907,0.0063428,0.182629,2.02612,0.00449495,1.00995,0.46307,0.0225709
18.947482993,3.04936,0.40253,0.000635667,0.00944005,1.40161,0.028826,0.0995996,1.86167,0.00744918,2.15598,0.000659041,0.0468946
18.993922902,2.05614,0.536223,0.00205886,0.00690937,1.63608,0.048501,0,1.67133,0.0119338,2.44278,0.00399335,0.02993
19.040362812,1.76242,0.50558,0.00100024,0.00898989,1.73241,0.0837241,0,1.63794,0.0127202,2.52276,0.00112389,0.0275381
19.086802721,1.78812,0.488624,0,0,1.64852,0.108103,0,1.63715,0.0102304,2.42473,0.000948094,0.019379
19.133242630,2.25369,0.338587,0,0,1.38671,0.0173849,0.00762027,1.59549,0.0410859,1.97367,0.0011491,0.0206955
19.179682540,2.28842,0.0239729,0.47925,0.0479415,0.880437,0.0276831,0.0235743,1.52704,0.075869,1.92789,0.000973681,0.0384766
19.226122449,1.88887,0.049066,1.49404,0.195504,0.784462,0.0140444,0.0444154,1.56624,0.0320662,2.30605,0.000285881,0.0346121
19.272562358,1.69679,0.0604921,2.05609,0.0126486,0.683329,0.00627259,0.0568567,1.65032,0.0153781,2.53386,2.40564e-05,0.0178628
19.319002268,1.65956,0.046027,2.41205,0.0113514,0.79938,0.0112161,0.0737846,1.69525,0.0128836,2.33851,0.003263,0.00775637
19.365442177,1.58092,0.0316146,2.5225,0.00742282,1.44872,0.018972,0.0649406,1.74868,0.00726784,1.92375,0.00773609,0.0150951
19.411882086,1.50263,0.0251105,2.49693,0.00892082,1.77608,0.0199161,0.0752417,1.93756,0.0536229,1.59809,0.00335721,0.0399679
19.458321995,1.30793,0.000955625,2.42804,0.00500674,1.83,0.0137365,0.186115,2.77555,0.024766,1.07916,0,0.0327296
19.504761905,0.961549,0.00254838,2.57948,0.00217368,1.36333,0,0.601324,2.91049,0.00369225,0.875194,3.37706e-05,0.167561
19.551201814,0.877518,0.00203746,2.66231,0.00533458,1.02382,0,0.519871,2.90698,0.00490803,0,0.000216871,0.364888
19.597641723,0.964521,0.0104962,2.69136,0.0143409,0.587541,0.0451038,0.299754,3.16102,0.00921251,0,0.0001816,0.40505
19.644081633,1.07665,0.0219622,2.67921,0.0132046,0.417837,0.0826695,0.133734,3.41645,0.0175093,0,3.47728e-05,0.339884
19.690521542,1.22318,0.0264636,2.65374,0,0.669398,0.0918027,0.0633222,3.37223,0.0241832,0,0.00541103,0.147855
19.736961451,1.14702,0.000875433,2.65641,0.00216154,0.700516,0.0237038,0.0347058,3.25782,0.100908,0.0511534,0.000210275,0.0289311
19.783401361,1.37067,0.000328352,2.57848,0.00621128,0.724713,0.0196737,0.0738173,2.92518,0.0545913,0.0972029,0.234375,0.0416875
19.829841270,1.69759,0.0126324,2.05286,0.00344345,0.790489,0.0313941,0.11551,2.80698,0.0666475,0.221453,0.523193,0.0291583
19.876281179,1.88697,0.0247264,2.01286,0,0.75257,0.03446,0.145226,3.03684,0.0358665,0.243533,0.618198,0.0189334
19.922721088,2.15046,0.0163141,1.81732,0,0.527622,0.755342,0.140563,2.75253,0,0.208037,0.63063,0
19.969160998,2.17554,0.0149393,1.56188,0,0.361276,2.40579,0.136463,2.07331,0,0.104126,0.443232,0.0188827
20.015600907,2.3159,0.0846721,1.2297,0.0165792,0.280857,2.91756,0.118257,0.957767,0.00236262,0.0051881,0.110047,0.0280087
20.062040816,1.86251,0.15776,0.807819,0.089056,0.284722,2.47756,0.385572,0.569996,0.0148666,0.225155,0.000121712,0.0300507
20.108480726,1.64676,0.137724,0.402388,0.131632,0.349538,2.58682,0.296499,0.648457,0.0198373,0.766187,5.06252e-05,0.0237057
20.154920635,1.8377,0.149508,0.212081,0.116424,0.632223,2.77814,0.180703,0.720434,0.0213167,0.809301,0.000134666,0.0395867
20.201360544,2.12257,0.107848,0.298186,0.0566021,0.813786,3.00108,0.0909005,0.770424,0.0220806,0.53431,0.000375982,0.0770846
20.247800454,2.70959,0.0539809,0.443222,0.0149958,0.887179,2.88328,0.0639714,0.732136,0.0228603,0.44515,0.00045605,0.102199
20.294240363,2.78699,0.039491,0.411859,0.0125885,0.962008,3.09294,0.0999832,0.7478,0.0263633,0.267937,0.00045065,0.120752
20.340680272,2.7943,0.000965537,0.378882,0.00277063,1.24936,2.92058,0.0636631,0.805331,0.0348101,0.139031,0.0318386,0.251473
20.387120181,2.78482,0.0243501,0.319707,0.0078358,1.49671,2.63641,0.0549265,1.07712,0.0432005,0,0.048865,0.40407
20.433560091,2.94028,0.0422277,0.288416,0.00713847,1.38673,2.27206,0.0659975,1.14083,0.0693478,0,0.0357828,0.483695
20.480000000,3.06838,0.042754,0.281378,0.00258368,1.34286,2.10474,0.0881871,1.12034,0.0481159,0,0.0273067,0.406113
20.526439909,3.04095,0.0390856,0.215644,0,1.99498,2.06443,0.0611931,1.25591,0.0357026,0,0.0278929,0.155866
20.572879819,2.80998,0.026766,0.322721,0,2.43794,1.65134,0.0320159,1.7507,0.031522,0,0.0521182,0.0143991
20.619319728,2.26759,0.0292708,1.24228,0.00510768,2.03085,1.31201,0.000192147,2.39709,0.0291904,0.189998,0.0802556,0.164796
20.665759637,1.85977,0.048778,1.34662,0.00663051,1.18352,0.651544,0,2.82558,0.0242045,0.277668,0.116302,0.494099
20.712199546,2.11596,0.0683133,1.21235,0.0143133,0.842691,0.0673897,0,2.79682,0.0227166,0.240969,0.21502,0.603485
20.758639456,2.64037,0.0576374,1.06317,0.0216394,0.841879,0.0128886,0.0824237,2.70411,0.0227339,0.18495,0.265242,0.526396
20.805079365,3.11519,0.0379407,0.873663,0.0229637,1.20165,0.0316302,0.1986,2.63209,0.0204067,0.146742,0.297309,0.34843
20.851519274,3.49074,0.0141046,0.845586,0.00735734,1.69171,0.036536,0.248875,2.36399,0.0179382,0.141906,0.332134,0.218641
20.897959184,3.51417,0.015972,0.705436,0.00387721,1.798,0.0415375,0.266735,2.17421,0.00559961,0.201488,0.747443,0.00462497
20.944399093,3.40451,0.0157058,0.365169,0.170586,1.47715,0.0263924,0.16229,2.44292,0.030241,0.55958,0.713698,0
20.990839002,3.41341,0.00718641,0.123915,0.148794,1.75635,0.0384266,0.143795,2.37976,0.0212101,0.637864,0.701086,0
21.037278912,3.49725,0.00130065,0.110371,0.108502,2.06685,0.0366829,0.136962,2.30711,0.039735,0.536609,0.563896,0.0127605
21.083718821,3.39412,0.00183495,0.176289,0,2.31511,0.0351173,0.0848171,2.5381,0.0157832,0.348096,0.373614,0.0268836
21.130158730,3.22318,0.00289152,0.184557,0,2.50812,0.0296472,0.0574023,2.88811,0.0184264,0.142562,0.452592,0.0175322
21.176598639,3.45644,0.0331248,0.215987,0.064539,2.37373,0.00325692,0.0921646,2.56591,0.0213122,0.00035128,0.659627,0.00642012
21.223038549,3.2858,0.387049,0.107781,0.172004,1.73409,0.0506199,0.188407,1.99041,0.0334271,0.000607837,0.651084,0
21.269478458,2.78019,0.670106,0.00506557,0.0195426,1.17491,0.149781,1.12078,1.70498,0.00481364,0.892745,0.53724,0.0013008
21.315918367,2.5307,0.61123,0.00609031,0.0347626,0.439817,0.283093,1.39858,1.33289,0,1.81655,0.391559,0.0116095
21.362358277,2.29772,0.53268,0.266249,0.0136083,0.23687,0.909508,0.842174,1.10193,0.290437,1.95372,0.144497,0.0196345
21.408798186,2.1452,0.319474,0.575089,0.401968,0.329795,1.1297,0.310875,1.35744,0.371172,1.88821,0.00387337,0
21.455238095,2.10836,0.199486,0.683182,0.780456,0.393095,1.3092,0.0409127,1.53186,0.309509,2.29921,0.00267145,0.0131514
21.501678005,1.8246,0.0622135,1.88294,0.413668,0.252285,1.20683,0.0339346,1.57242,0.0661805,2.37497,0.00176925,0.0815148
21.548117914,0.521574,0.117586,2.8802,0,0.0134126,0.664754,0.0447899,1.99157,0.526833,1.6626,0.00176905,0.163412
21.594557823,0.013103,0.23723,2.65691,0.0176654,0.0131517,0.403762,0.0244301,3.308,0.302073,0.131824,0.0926833,0.968599
21.640997732,0,0.19488,2.38586,0.0658015,0.0118771,0.424923,0.0153665,3.58994,0.0529214,0.00170854,0.138845,1.379
21.687437642,0,0.132468,2.38701,0.0194325,0.00548108,0.462217,0.0150723,3.63134,0.0185325,0.00149231,0.329296,1.52196
21.733877551,0,0.141355,2.3271,0.0204139,0.00831812,0.483093,0.00742576,3.70977,0,0,0.579226,1.45718
21.780317460,0,0.0857648,2.23844,0.0106557,0,0.502032,0.0123093,4.01992,0.000307871,0.0238268,0.712191,1.16516
21.826757370,0.000354583,0.0874757,2.10414,0.000371911,0,0.47693,0.0375003,4.28865,0,0.13003,0.729682,1.14937
21.873197279,0.000524808,0.0882521,2.1274,0,0,0.375305,0.0229689,4.34003,0,0.139945,0.837131,1.19841
21.919637188,0.000668542,0.0898257,2.18192,0,0,0.277204,0.0335128,4.23159,0,0.061668,0.949088,1.01455
21.966077098,0.00060973,0.0923689,2.15537,0,0,0.266637,0.0257893,4.24034,0,0.0167656,0.961497,0.54392
22.012517007,0,0.115649,2.10973,0.0121019,0.00985421,0.115276,0.00721482,4.31057,0,0.124758,1.13198,0.170542
22.058956916,0.00311611,0.137717,2.29505,0.0189672,0.161789,0.0928923,0.0568946,4.06798,0.00120837,0.140618,1.24412,0.287277
22.105396825,0.0662106,0.209515,2.25603,0.0103201,0.279342,0.373649,0.0625965,3.87469,0.0473211,0.123473,1.59071,0.180143
22.151836735,0.00038131,0.207085,2.27143,0.000924525,0.247717,0.567378,0.0653249,3.50014,0.0842733,0.0899339,2.23986,0
22.198276644,0.00156531,0.155334,2.32395,0,0.132505,0.697038,0.0580164,3.18449,0.131308,0.0143414,2.69297,0.141532
22.244716553,0.03345,0.0523066,2.29086,0,0.00833683,0.695462,0.0377107,3.17742,0.148419,0.0148211,2.99225,0.136018
22.291156463,0.037596,0.0518439,2.38705,0.0171207,0.0043726,0.7636,0.023394,3.31639,0.00265317,0.0148871,2.8932,0.119374
22.337596372,0.0288548,0.138011,2.46128,0.0179828,0.00392845,0.791018,0.021621,3.44608,0.0626155,0.0143927,2.73765,0.0505926
22.384036281,0.0373293,0.0467013,2.52093,0.0162003,0.00515146,0.822235,0.0461212,3.48886,0.0818236,0.0555113,2.62254,0.0116004
22.430476190,0.091962,0.0425513,2.65004,0.0169244,0.00316956,0.830343,0.0197534,3.48096,0.0641928,0.098091,2.47113,0
22.476916100,0.0833776,0.050388,2.63221,0.0182183,0,0.826109,0.0116317,3.53257,0.0223553,0.0617329,2.29293,0
22.523356009,0.0951376,0.0665516,2.52783,0.0143338,0,0.76676,0.0110309,3.54964,0,0.0111928,2.12101,0
22.569795918,0.103596,0.039207,2.58439,0.0343141,0.00146378,0.724507,0.0107063,3.4373,0,0.0153487,2.04129,0.100586
22.616235828,0.0633997,0.0234634,2.45001,0.0285833,0.00950271,0.671252,0.00423896,3.41961,0.0314018,0.0999967,2.27158,0.182789
22.662675737,0.0574361,0.0299986,2.44785,0.00570893,0.0154804,0.650287,0.0308349,3.03588,0.0553776,0.186469,2.47968,0.180275
22.709115646,0.090011,0.1099,2.3152,0.00355137,0.0199668,0.731699,0.100143,2.92599,0.0653493,0.256614,2.55661,0.202667
22.755555556,0.157916,0.12281,2.33811,0.0102224,0.0200034,0.761031,0.141386,3.12785,0.0240653,0.200736,2.44296,0.209639
22.801995465,0.0792838,0.102518,2.47273,0.0189782,0.00665579,0.826651,0.0408354,3.22477,0.00642524,0.133865,2.2811,0.244549
22.848435374,0.0148936,0.089126,2.49237,0.0223686,0.00811093,0.847098,0.0281014,3.26352,0.0199557,0.117443,2.40696,0.428789
22.894875283,0.0841091,0.0505223,2.4632,0.00715406,0.0134064,0.883869,0.016989,3.18187,0.0381455,0.0133466,2.48629,0.650045
22.941315193,0.166275,0.0470292,2.41712,0.00377588,0.00909644,0.833648,0,3.09768,0.00160065,0.0150087,2.36581,0.679341
22.987755102,0.173304,0.16894,2.44138,0.0119041,0,0.779788,0.0138231,3.09092,0.350154,0.109784,1.82745,0.423971
23.034195011,0.0352052,0.251842,2.38144,0.0115661,0,0.847211,0.0360824,3.29613,0.478393,0.155644,1.42047,0.240392
23.080634921,0,0.189931,2.32094,0.0117441,0,0.838349,0.0556315,3.42344,0.418416,0.0834495,1.49213,0.240034
23.127074830,0,0.0638884,2.32606,0.0159566,0,0.774443,0.0864473,3.50099,0.311127,0.0143035,1.82045,0.260492
23.173514739,0,0.0975554,2.34551,0.0200555,0,0.691379,0.0628,3.48255,0.0865423,0.0146451,2.2217,0.359377
23.219954649,0.00364137,0.0888776,2.3281,0.0145556,0.0275254,0.793191,0.101627,3.44006,0,0.0143773,2.27154,0.384756
23.266394558,0,0.0785718,2.48878,0.0153191,0.0353343,0.959501,0.206934,3.39771,0.000769799,0.0535456,2.08424,0.291286
23.312834467,0,0.089821,2.67037,0.0178721,0.0229502,0.976402,0.160955,3.26809,0,0.0810802,1.98667,0.161853
23.359274376,0.00466107,0.137584,2.69238,0.0213106,0.116678,0.818914,0.0349057,3.22066,0.000832211,0.0560139,1.98493,0.232174
23.405714286,0.154753,0.159776,2.66566,0.0212282,0,0.75174,0.0106759,3.16318,0.00150525,0.0149141,1.9561,0.424404
23.452154195,0.170738,0.0801844,2.54417,0.0199232,0,0.835545,0,3.32569,0.023065,0.0308909,1.88441,0.457343
23.498594104,0.102368,1.26231,1.47753,0.0229943,0.0809359,0.838279,0,3.5021,0.0612695,0.182919,1.50542,0.355693
23.545034014,0.288049,1.76979,1.41165,0.0126407,0.175625,0.671732,0.00430228,2.77385,0.0511408,0.549739,1.16849,0.439284
23.591473923,0.236928,1.45493,1.61841,0.0755152,0.275132,0.282012,0.0145132,1.94823,0.411556,1.03269,0.710339,0.287033
23.637913832,0.0383476,1.08706,1.77046,0.222323,0.14472,0.174647,0.0200036,1.15889,0.527628,1.26111,0.483944,0.235841
23.684353741,0.0226349,0.526282,1.73721,0.373511,0.0422399,0.148696,0.101894,0.804004,0.517262,1.30565,0.431373,0.275986
23.730793651,0.0988222,0.122652,1.3413,0.750319,0.315189,0,0.201461,0.711947,0.168837,1.40211,0.532982,0.32484
23.777233560,0.181633,0.0119191,1.15456,1.1434,1.02911,0,0.212537,0.6186,0.0613365,1.65718,0.588714,0.463008
23.823673469,0,0.0127478,1.32616,0.779359,1.83467,0.021967,0.172051,0.77162,0.0857126,1.53684,0.860617,0.424082
23.870113379,0.00958747,0.0909044,1.81463,0.00768672,1.93797,0.343743,0.189464,0.735561,0.0921459,1.12264,0.870968,0.245451
23.916553288,0,0.0495195,2.3457,0.0702975,0.947174,1.62027,0.291259,0.814809,0.0743049,0.779929,0.670141,0.278761
23.962993197,0,0.0406463,2.33055,0.195064,0.0622182,2.51036,0.265079,0.855589,0.150395,0.981131,0.332414,0.486394
24.009433107,0,0.0374374,2.2031,0.121315,0.005378,2.67251,0.206655,0.94373,0.155811,1.11107,0.908131,0.47619
24.055873016,0.00287582,0.0400385,1.98878,0.134828,0.0701608,2.46474,0.284562,0.991863,0.140819,1.20417,1.62749,0.40348
24.102312925,0.0218013,0.0497403,1.8394,0.110157,0.637146,1.85104,0.206524,1.03191,0.234873,0.903533,2.57637,0.343556
24.148752834,0.0210188,0.0627128,1.44231,0.0628794,1.17582,1.47992,0.13945,0.82288,0.633551,0.242176,3.01926,0.246913
24.195192744,0.00366247,0.0615012,1.15462,0.0327565,0.966363,1.84205,0.22917,0.467538,0.61086,0.00348235,2.96876,0.215797
24.241632653,0.0272808,0.0631035,1.03354,0.0290481,0.904942,2.20815,0.284955,0.24309,0.49705,0.0053783,2.75677,0.139278
24.288072562,0.320908,0.0671767,0.976573,0.024136,0.539608,2.33252,0.256122,0.0630675,0.274242,0.136947,2.68448,0.13494
24.334512472,0.536518,0.0715078,0.91927,0.114995,0.200488,2.55042,0.237441,0.0268358,0.0423675,0.459367,2.52124,0.252097
24.380952381,0.821743,0.0576853,0.989019,0.136957,0,2.90317,0.244938,0.0315312,0.183313,0.348899,2.06073,0.322894
24.427392290,0.991886,0.0424457,0.877752,0.00846886,0,2.86145,0.310153,0.190863,0.20228,0.183703,2.37598,0.236954
24.473832200,0.955098,0.0262922,0.899628,0.0107226,0,2.92874,0.321276,0.377641,0.0369594,0.101379,2.4136,0.221468
24.520272109,1.12713,0.0794324,0.80349,0.00790678,0,3.10195,0.226224,0.551449,0,0.212676,2.15684,0.210929
24.566712018,1.49139,0.124709,0.519427,0.0169029,0.0126342,3.45855,0.0814247,0.550626,0.00143984,0.288266,1.61527,0.19334
24.613151927,1.78889,0.00327059,0.32617,0.0261291,0.0051696,3.76374,0,0.483324,0,0.379052,1.22017,0.17849
24.659591837,1.96829,0.000758799,0.135439,0.0298098,0,3.78683,0.00457008,0.229227,0,0.484138,1.34905,0.122007
24.706031746,1.41593,0.00197837,0.517891,0.01948,0.00607418,3.71351,0.0180109,0.087378,0.0263551,0.746283,1.76379,0.0741476
24.752471655,0.440199,0.415986,1.01748,0.0227642,0.00160197,3.5412,0.0228545,0.433025,0,1.28327,1.90499,0.166152
24.798911565,0.280218,0.552269,1.23368,0.0343389,0,3.45918,0.11391,0.911005,0,1.70322,1.82368,0.161394
24.845351474,0.399721,0.652144,1.22304,0.039003,0,3.59216,0.0138045,0.922004,0,1.76709,1.95705,0.167201
24.891791383,0.533838,0.623905,1.06378,0.0493242,0,3.81928,0.000984209,0.646246,0,1.94447,1.84441,0.166511
24.938231293,0.631613,0.382732,0.935695,0.0511678,0,4.01328,0,0.390107,0,1.91442,1.66251,0.139384
24.984671202,0.870833,0.0182092,0.852564,0.0501105,0,4.08471,0.00367891,0.257891,0,1.65161,1.5354,0.14394
25.031111111,1.08175,0.00592461,0.814591,0.0535729,0,3.98391,0.0164462,0.160976,0,1.28232,1.64894,0.101359
25.077551020,1.05717,0.00292406,0.756753,0.0564471,0,3.90533,0.00544122,0.0397314,0.0544244,1.17194,1.80971,0
25.123990930,0.978801,0.0751815,0.708086,0.0585245,0.00903424,3.83189,0.0098346,0,0,1.32334,1.77343,0
25.170430839,0.975967,0.0852134,0.658122,0.0515707,0,3.74007,0.0139289,0.00299921,0,1.39814,1.76197,0.10656
25.216870748,0.929592,0.00305362,0.481014,0.0577103,0,3.73483,0.0188695,0.000747755,0,1.38765,1.8502,0.152408
25.263310658,0.724916,0.00186355,1.10768,0.571176,0,3.35158,0.0232134,0,0,1.24625,1.84179,0.150741
25.309750567,0.579096,0.0111789,1.53389,0.791808,0.265551,2.60394,0.0594615,0.510688,0,1.3668,1.38045,0.0856134
25.356190476,0.344485,5.10505e-05,1.99308,0.608238,0.21289,2.21277,0.212681,0.918875,0.000453976,1.45598,0.715072,0.0838699
25.402630385,0.19111,0,2.38317,0.293035,0,1.6496,0.415431,1.11515,0.00129622,1.59381,1.02382,0.085966
25.449070295,0.166178,0,2.9173,0.0133225,0,1.32201,0.440397,1.43822,0.0399495,1.50541,1.08814,0.0918574
25.495510204,0.148011,7.39978e-05,3.2176,0.00755154,0,1.1445,0.268811,1.58082,0.102877,1.47895,1.18925,0.081343
25.541950113,0.128945,0.0569025,2.769,0.00700278,0.0243131,1.19111,0.169455,1.76729,0.153443,1.05093,1.20476,0.159474
25.588390023,0.309486,0.170708,1.96227,0,0,1.4369,0.167147,1.62904,0.139202,0.782956,1.09371,0.260373
25.634829932,0.274719,0.243884,1.93268,0,0,1.59079,0.244912,1.29295,0.0891983,0.825727,0.605551,0.226507
25.681269841,0.000709993,0.179011,2.37252,0.0972785,0,1.26028,0.411125,1.2009,0.193838,0.909656,0.241404,0.203027
25.727709751,0.000739451,0.155793,2.1093,0.934852,0,0.590799,0.695443,1.1671,0.44996,0.917117,0.330007,0.277315
25.774149660,0.000453977,0.218587,1.12997,1.90186,0.746185,0.481414,0.440151,1.16244,0.651763,0.701834,0.449892,0.282782
25.820589569,0,0.210388,0.877405,1.41011,2.19673,0.208783,0.0316768,1.08737,0.699714,0.345081,0.524838,0.486062
25.867029478,0.128944,0.283222,0.639971,0.242689,2.53582,1.08445,0.00867649,0.959491,0.522343,0.192354,0.471845,0.583606
25.913469388,0.689395,0.298613,0.533196,0,1.80736,2.47625,0.000621385,0.823819,0.336638,0.459971,0.11014,0.3466
25.959909297,1.15671,0.174704,0.41827,0.148386,1.04441,3.16816,0.00386536,0.639633,0.0908463,1.34279,0.164253,0.11272
26.006349206,1.54228,0.00233097,0.191303,0.058975,0.648318,3.53427,0.139917,0.450335,0.0774666,1.66498,0.219412,0.0300956
26.052789116,1.8443,0.00139446,0.147627,0.00867828,0.556569,3.6135,0.391709,0.140434,0.0445811,1.75073,0.20398,0
26.099229025,1.82671,0,0.205407,0.0645456,0.344113,3.98901,0.425805,0.0412755,0.0180385,1.75555,0.0964774,0.00745125
26.145668934,1.98973,0.0793138,0.00514927,0.0817735,0.0269827,4.24444,0.217544,0.0413197,0.0520453,1.75212,0.246333,0.0231345
26.192108844,1.94245,0.218563,0.0600615,0.0989463,0.0290742,4.18239,0,0.035972,0.00159006,1.40625,0.483408,0.178485
26.238548753,1.86132,0.230547,0.172803,0.0587996,0.122641,4.06061,0.00671643,0.0185366,0.408068,0.983867,0.598172,0.0492722
26.284988662,2.21365,0.420829,0.252792,0.0430585,0,3.94993,0.0129915,0.00694149,0.483337,1.06666,0.418128,0.0125043
26.331428571,2.4989,0.368613,0.285309,0.034453,0,4.04943,0.0271023,0.0133099,0.485636,0.876888,0.268758,0.00194496
26.377868481,2.64702,0.156055,0.263783,0.0282079,0,4.24089,0.0370535,0.0225997,0.406895,0.561185,0.055922,0
26.424308390,2.7978,0.0034017,0.136185,0.0219773,0,4.2582,0.0169856,0.0291302,0.15354,0.631788,0.00165632,0.00250969
26.470748299,2.80664,0.00301696,0.0856179,0.0347118,0.0171718,4.2853,0.00993474,0.0257286,0.0389653,0.662227,0.00121695,0.0167218
26.517188209,2.76946,0.0144532,0.0189508,0.0426463,0.0235208,4.39642,0.0057372,0.0126921,0.00515337,0.784437,0.000455762,0.00172643
26.563628118,2.77945,0.0032035,0.000469743,0.0688823,0.0232113,4.42807,0.0013318,0.00626226,0,0.898767,0.00010122,3.13783e-05
26.610068027,2.79365,0.0027908,0.000384769,0.116552,0.0181357,4.35814,0,0.00592731,0,0.875222,3.76456e-05,1.70932e-05
26.656507937,2.79301,0.0448505,0,0.167616,0.0244135,4.17623,0,0.00326165,0,0.730743,0,0.0095458
26.702947846,2.6414,0.0771537,0.0327392,0.187145,0.0318745,3.82529,0.00334534,0,0.00454042,0.661697,0,0.160683
26.749387755,2.06747,0.126657,1.12798,0.188889,0.397341,3.64749,0.000957667,0,0.0336207,0.432845,0.101426,0.248163
26.795827664,1.24691,0.174521,2.8521,0.0651387,0.528959,3.15433,0,0.00354757,0.176672,0.406732,0.603971,0.185281
26.842267574,0.769737,0.00328905,3.53962,0.054231,0.22685,2.92408,0.0121532,0.00759954,0.674756,1.05,0.523291,0.175179
26.888707483,0.745702,0.00383937,3.80061,0,0.0104168,2.75403,0.121376,0,0.794062,1.4149,0.238172,0.158205
26.935147392,1.24077,0.253631,3.37328,0,0,2.65843,0.148283,0.050465,0.621537,1.55551,0.00191291,0.257506
26.981587302,1.79291,0.164101,2.44525,0.00201189,0,2.69165,0.0602982,0.248687,0.225113,1.49927,0,0.324308
27.028027211,1.7586,0.0739762,2.11784,0.00721966,0.100709,2.57982,0.0202065,0.782863,0.0489054,1.24975,0,0.253072
27.074467120,1.305,0.0505213,2.20637,0.0108241,0.535798,2.32151,0.0990945,1.39978,0.0536354,0.840353,0,0.142285
27.120907029,1.8288,0.0759629,1.94066,0.00636502,0.891599,2.33829,0.0807056,1.62592,0.00230177,0.401513,0,0.0322094
27.167346939,2.7408,0.101882,1.52647,0.00730241,1.06181,2.30566,0.0117595,1.72048,0.000738271,0.21402,0,0
27.213786848,3.30154,0.118593,1.41569,0.00854083,1.04309,1.98083,0,1.56946,0.000404961,0.0314999,0,0
27.260226757,3.60515,0.0976867,1.21862,0.0120947,1.06788,1.5944,0.00871629,1.60909,0,0.0673262,0.000119107,0
27.306666667,3.72437,0.0804638,1.08298,0.0133607,1.0594,1.43756,0,1.63878,0.0841056,0.0479749,0.000220907,0
27.353106576,3.89127,0.112857,0.833766,0.0143036,1.13831,1.30543,0.0580806,1.49831,0.107488,0,0.0257236,0.00136367
27.399546485,4.0476,0.140473,0.599411,0.0158025,1.0782,0.992745,0.347987,1.52551,0.103562,0,0.0325203,0.0203441
27.445986395,4.1461,0.0484844,0.499293,0.00993024,0.943201,0.57663,0.50511,1.80368,0.0324437,0.0146056,0.0230982,0.0268549
27.492426304,4.16678,0.023064,0.44874,0.00902493,0.935633,0.506791,0.474085,2.03211,0.0339299,0.00248518,0.0173169,0.0283696
27.538866213,4.11936,0.0841814,0.484343,0.0114948,0.894042,0.879749,0.136651,1.87568,0.124648,0.0298561,0.0214045,0.0133908
27.585306122,3.87864,0.117569,0.313517,0.00874272,0.864603,1.29289,0.133622,1.62898,0.287042,0.00127041,0.0269218,0
27.631746032,3.6592,0.155566,0.11458,0.00552046,0.894029,1.19948,0.306678,1.63186,0.311862,0,0.000605514,0
27.678185941,3.66646,0.116054,0.124616,0.00756179,0.887587,1.08407,0.335144,1.93446,0.129429,0.000551205,0.000950187,0
27.724625850,3.51153,0.0613968,0.178824,0.0113169,1.0195,1.06773,0.309155,2.22439,0.046319,0.05761,0.00105253,0
27.771065760,3.33535,0.100813,0.252143,0.0152912,1.26153,1.15592,0.224237,2.37199,0.00909635,0.101037,0.0368143,0.00099619
27.817505669,3.72009,0.146749,0.280129,0.0158605,1.3586,1.04342,0.0513181,2.25993,0.010335,0.0734507,0.00582751,0.0302599
27.863945578,3.95825,0.11294,0.266421,0.0151712,1.26422,0.83711,0.00366452,2.25441,0.0672013,0,0.0139719,0.0764698
27.910385488,3.81087,0.128857,0.290674,0.0064694,1.2289,0.834799,0.00438391,2.0398,0.246242,0,0.0149815,0.110786
27.956825397,3.65703,0.208649,0.187323,0.00122402,1.18198,0.943231,0.00338859,2.06568,0.267952,0,0.00696405,0.109533
28.003265306,3.65292,0.24845,0.0847599,0.0002389,1.12779,0.88029,0.0027205,2.34148,0.284862,0,0,0.100727
28.049705215,3.69767,0.225691,0.0987042,0.000139462,1.20009,0.731821,0.0178663,2.43732,0.302525,0.00166027,2.09812e-05,0.0993024
28.096145125,3.70256,0.163569,0.113128,0,1.36452,0.433781,0.00297674,2.60443,0.0262249,0,0.000167961,0.115452
28.142585034,3.46853,0.0851216,0.155698,0,1.24882,0.494817,0.0103216,2.68355,0.245577,0,0.000307484,0.11419
28.189024943,3.23099,0.0768037,0.0687049,0.236619,1.22426,0.383771,0.0209228,2.08508,0.357193,0.536685,0,0.121892
28.235464853,2.96936,0.149509,0.0526867,0.426304,1.68472,0.162955,0.0273808,1.30431,0.217976,1.64193,0.00175247,0.0857777
28.281904762,2.92378,0.301389,0.0269905,0.436084,1.73339,0.149208,0.0465814,0.842163,0.0320404,2.22913,0.0423874,0.0715882
28.328344671,2.99134,0.349599,0.138693,0.404117,1.70549,0.121556,0.0345699,0.682805,0.000814121,2.32216,0.0496716,0.093115
28.374784580,3.19558,0.214262,0.265845,0.447059,1.79201,0.0869705,0.0158108,0.741451,7.00152e-05,2.03387,0.0505536,0.118052
28.421224490,3.43043,0.139218,0.546875,0.276864,1.91447,0.0259421,0.0178963,0.979497,0.00408252,1.61537,0.128329,0.12517
28.467664399,3.44553,0.00297904,0.774999,0,1.81364,0,0.0162934,1.27792,0,1.37727,0.321587,0.102719
28.514104308,3.3325,0.00146234,0.72665,0.15755,1.66866,0.0967866,0.0141917,1.18678,0.282533,1.47663,0.636546,0
28.560544218,3.12003,0.0429022,0.839755,0.362841,1.73901,0.175143,0.0278482,0.801327,0.55151,1.46274,0.783954,0
28.606984127,2.94704,0,0.966123,0.506752,1.79857,0.0351601,0.0848903,0.242545,0.679599,1.16312,0.739917,0.14698
28.653424036,2.73173,0.000980512,0.984767,0.327583,1.73579,0.0280061,0.127517,0.168426,0.499882,0.740965,0.608394,0.1485
28.699863946,2.66237,0.00193853,0.862617,0,1.67826,0.0287297,0.121366,0.697042,0.32409,0.671412,0.383611,0.129932
28.746303855,2.57118,0.0265875,0.66712,0,1.60822,0.201762,0.0322136,1.70839,0.280157,0.747772,0.335365,0.0749809
28.792743764,2.4021,0.0863493,0.576497,2.19516e-05,1.12354,0.539647,0.0471688,2.26355,0.0301541,0.860845,0.52229,0.102943
28.839183673,2.02623,0.00579651,0.877913,0.0501313,0.40995,0.641929,0.162978,2.17279,0.0681617,0.428178,0.544627,0.645201
28.885623583,1.72711,0.0135471,1.11064,0.221175,0.33594,0.649298,0.107979,2.07455,0.08085,0.16111,0.535098,0.919032
28.932063492,1.40722,0.433069,1.19828,0.047365,0.347779,0.568332,0.105701,2.1838,0.0131658,0.147675,0.521214,1.04846
28.978503401,1.89951,0.668928,1.27364,0,0.451452,0.416466,0.0749277,2.43401,0.00111485,0.292587,0.182367,1.05722
29.024943311,2.60208,0.550809,1.56973,0,0.649037,0.30703,0.0948939,1.75559,0.13708,0.686375,0.0723041,0.350931
29.071383220,2.74859,0.142796,1.59564,0,0.426291,0.436326,0.197526,1.08239,0.429733,1.02176,0.122385,0
29.117823129,2.68907,0.0464944,1.47172,0,0.408088,0.357967,0.271061,1.45042,0.439885,1.17256,0.070131,0.0260081
29.164263039,2.66893,0.0487677,1.53421,0,0.36176,0.0726914,0.305579,1.84397,0.355407,1.12882,0.116345,0.00828154
29.210702948,2.61764,0.0410862,1.79975,0,0.360934,0,0.259535,1.86659,0.259076,1.00149,0.182939,0.0107109
29.257142857,2.41773,0.101868,1.73042,0,0.388753,0.0212258,0.188613,1.89635,0.206984,1.06055,0.160929,0.0851401
29.303582766,2.66826,0.000854515,1.16467,0,0.355876,0.225198,0.151552,1.82017,0.299144,1.47545,0.0584177,0.146764
29.350022676,2.69276,0.00314988,1.21727,0.373757,0.0978424,0.843209,0.0445437,0.991159,0.624398,1.49188,0.00122972,0.305254
29.396462585,2.45873,0.00182042,0.831351,0.733627,0.566996,1.33729,0.434411,0.22763,0.459062,1.72151,0.191324,0.327945
29.442902494,2.43084,0.000508309,0.61133,0.749053,0.784049,1.33247,0.50232,0.521748,0.204779,1.92496,0.323263,0.173445
29.489342404,2.54798,0.00070237,0.336811,0.563015,1.1099,1.34384,0.444313,0.813826,0.252659,1.81423,0.398332,0.076451
29.535782313,2.84758,0.0011286,0.173293,0.285767,1.79758,1.40472,0.242438,0.976244,0.187165,1.33493,0.581936,0.0707278
29.582222222,3.08682,0,0.0903903,0,2.25503,1.63077,0.0766509,1.09236,0.196079,0.90888,0.568209,0.0647558
29.628662132,3.30805,0,0.070574,0,2.28574,1.72621,0.11382,1.16901,0.232651,0.671354,0.275524,0.00821101
29.675102041,3.41159,0,0.0346817,0.0866045,2.11837,1.6267,0.253091,1.23775,0.206264,0.765155,0.0869367,0
29.721541950,3.43024,0,0.0874777,0.0158824,2.32957,1.37763,0.336368,1.20026,0.193945,0.94581,0.107068,0
29.767981859,3.32333,0,0.186933,0,2.3926,1.4424,0.0917564,1.17905,0.139072,1.06475,0.138049,0.0319315
29.814421769,3.20487,0,0.358857,0,2.26303,1.68534,0.0182755,1.29515,0.0789379,1.07626,0.0744787,0.0394242
29.860861678,2.79633,0.00022894,0.65995,0,1.99733,1.78105,0.028442,1.3295,0.311253,0.69748,0.0351681,0.0418529
29.907301587,2.16753,0.0175692,0.665173,0,1.70787,1.39066,0.483773,1.55689,0.380374,0.583516,0.222009,0
29.953741497,2.19043,0.123639,1.05171,0,1.66047,0.325878,1.37281,1.27043,0.440529,0.857885,0.155385,0
30.000181406,2.47556,0.204665,1.27539,0.000957042,1.77242,0.32119,1.25939,1.20127,0.386691,0.761475,0.132736,0
30.046621315,2.95448,0.135805,1.43096,0.00759265,1.78754,0.183963,1.06859,1.20191,0.235521,0.765769,0.258318,0
30.093061224,3.32051,0.0145137,1.33151,0.0462654,1.97728,0.0043247,0.823746,1.58523,0.0726351,0.636936,0.292717,0
30.139501134,3.64971,0,0.952786,0.187401,2.34492,0.0113491,0.296814,1.89962,0.0264422,0.380194,0.270323,0
30.185941043,3.86577,0,0.444661,0.266491,2.68765,0.034304,0.00682811,1.88643,0.0970575,0.166427,0.512455,0
30.232380952,3.63951,0,0.416834,0.0787518,2.66466,0.101122,0.0317734,1.87687,0.201767,0.00365065,0.555893,0
30.278820862,3.20778,0,0.45423,0.0365315,2.68892,0.107333,0.228797,1.72371,0.816575,0.00398679,0.668785,0
30.325260771,3.07998,0,0.375204,0.0986432,2.79043,0.0874702,0.252567,1.56902,0.971376,0.00888685,0.649433,0
30.371700680,3.46157,0,0.386865,0.144931,2.82464,0.0467697,0.121829,1.44579,0.927373,0.0120422,0.519519,0
30.418140590,3.62586,0,0.42685,0.0613875,2.84168,0,0.0286187,1.60101,0.873512,0.014384,0.332739,0
30.464580499,3.54017,0,0.418715,0.0221047,2.68822,0,0.0922583,1.63139,0.630389,0.0136909,0.151339,0.00122988
30.511020408,2.72995,0.0339066,0.56316,0.148419,1.37855,1.1225,0.0268896,1.06433,0.311469,0.970472,0.333377,0.190751
30.557460317,2.06466,0.0885076,0.259845,0.490117,0.572346,1.67182,0.0741363,0.374024,0.292851,1.89544,0.566093,0.222106
30.603900227,1.75125,0.0750904,0.0430745,0.517522,0.563371,1.99306,0.105575,0.11821,0.236879,2.25753,0.521265,0.109613
30.650340136,1.65183,0.088101,0.0437484,0.44636,0.549559,2.29821,0.105693,0.0602452,0.167163,2.32095,0.32833,0.100911
30.696780045,1.6564,0.128145,0.0735813,0.402997,0.534839,2.60662,0.137103,0.189911,0.118912,2.45987,0.23939,0.00538069
30.743219955,1.36855,0.430625,0.0207708,0.579654,0.741025,2.56717,0.257159,0.279055,0.108598,3.04749,0.238757,0
30.789659864,0.852156,0.25365,0.389976,0.36658,0.752548,2.16088,0.36332,0.0469212,0.0321642,3.15347,0.144859,0.144596
30.836099773,0.75199,0.11703,1.80303,0.091418,0.790077,1.48365,0.368262,0.796462,0,1.65007,0.0584872,0.4091
30.882539683,0.581447,0.114779,1.70267,0.203172,0.73308,0.840772,0.192293,1.70272,0.209689,0.885538,0.176881,0.500852
30.928979592,0.15059,0.102842,1.79148,0.255734,0.70333,0.465803,0,2.41817,0.158961,0.237954,0.765964,0.55666
30.975419501,0.000234117,0.0844667,1.86895,0.229571,0.559498,0.260801,0,3.04976,0.0168504,0.0895521,1.41752,0.849175
31.021859410,0.000195599,0.0846014,1.688,0.230279,0.368372,0.427763,0.000575333,3.49923,0.0303797,0.0462199,1.94684,0.969045
31.068299320,0,0.0893295,1.54585,0.192688,0.191595,0.466026,0.00517697,3.71638,0.0184248,0.0129903,2.15609,0.943754
31.114739229,7.20201e-05,0.167292,1.72665,0.0123217,0.159989,0.339646,0.00307587,3.70214,0.0422852,0.00765383,2.20342,0.925023
31.161179138,3.9024e-06,0.18842,1.70397,0.0156824,0.00757451,0.20961,0,3.81037,0.0720192,0.00884255,2.15715,0.757615
31.207619048,0,0.120443,1.62162,0.147008,0,0.212791,0.00424755,3.76723,0.0718361,0.00837133,2.14704,0.782336
31.254058957,0,0.0967237,1.5975,0.226723,0,0.413183,0.0217781,3.58536,0.0701964,0.0183575,2.23698,0.868094
31.300498866,0,0.0973094,1.68855,0.165749,0,0.663767,0.0327468,3.49833,0.0714956,0.0854275,2.43604,0.843967
31.346938776,0.000354137,0.0945455,1.87171,0,0,0.906913,0.0417148,3.1621,0.0654242,0.172301,2.38512,0.661444
31.393378685,0.00249435,0.0601349,1.81874,0.099296,0.0535463,1.00044,0.0348411,3.15106,0.0732577,0.182389,2.06074,0.377461
31.439818594,0.0901668,0.0500435,2.23216,0.088518,0.012377,1.29078,0.0447344,3.23736,0.160032,0.0879207,1.30792,0.18065
31.486258503,0.200874,0.00978079,2.60172,0,0.00177169,1.40318,0.0528112,3.43709,0.0934969,0.0147316,0.757588,0.124605
31.532698413,0.126968,0.00885846,2.54828,0,0.00458375,1.20499,0.0654215,3.67993,0.0539616,0.015447,1.06509,0.130081
31.579138322,0.0176017,0.00909987,2.36923,0,0.00380537,0.928075,0.0645409,3.90802,0,0.0159887,1.75251,0.184269
31.625578231,0,0.0102261,2.29038,0,0,0.77284,0.0573021,3.91773,0,0.0149001,2.30212,0.388348
31.672018141,0,0.015496,2.25687,0.0173659,0.00230128,0.643842,0.0612036,3.78789,0,0.0130767,2.6226,0.482228
31.718458050,0,0.0326731,2.3239,0,0,0.565543,0.0906991,3.56755,0,0.0133824,2.80263,0.551815
31.764897959,0,0.0482537,2.47826,0.00106213,0,0.522829,0.0990689,3.40829,0,0.0141616,2.93165,0.609746
31.811337868,0.0121689,0.0409614,2.49737,0.00288828,0,0.49892,0.080019,3.28904,0.0251152,0.0138141,2.96555,0.624967
31.857777778,0.000130662,0.0330286,2.28788,0,0,0.478624,0.0571092,3.33392,0,0.0148023,2.88469,0.615485
31.904217687,0.000420381,0.0198098,2.20212,0,0.00230072,0.493084,0.0505413,3.57184,0,0.0166866,2.74448,0.549929
31.950657596,0.000288614,0.0260457,2.14436,0,0.00116375,0.509159,0.0589677,3.78006,0,0.0171265,2.63664,0.518486
31.997097506,0,0.0571747,1.92405,0,0,0.659236,0.0960431,3.93925,0,0.0147838,2.51749,0.375925
32.043537415,0,0.0722973,1.66492,0.172378,0,0.975754,0.0870532,3.83439,0.00308717,0.00816231,2.22342,0.279342
32.089977324,0.000366769,0.0845424,1.40516,0.259041,0,1.04567,0.0767966,3.61083,0.0102598,0.0445023,2.27838,0.299829
32.136417234,0.0557696,0.0816476,1.44916,0.269344,0.00698328,1.04714,0.0315592,3.42098,0.0101193,0.0067258,2.4689,0.349824
32.182857143,0,0.079696,1.54082,0.0112213,0.00840496,1.12878,0.0191244,3.40366,0.00692616,0.0864096,2.48715,0.50745
32.229297052,0.0438529,0.483357,1.37751,0.00139899,0.0153284,0.99959,0.127765,3.20492,0.00596195,0.0179352,2.50243,0.488553
32.275736961,0.211618,0.751636,1.54173,0.00216395,0.0158261,0.768884,0.375636,2.85317,0.0070887,0.0102471,2.44611,0.465486
32.322176871,0.195811,0.501306,2.18159,0.0216855,0.101316,0.807591,0.263601,2.71678,0.0149244,0.0131363,1.92846,0.661975
32.368616780,0.0969467,0.233067,2.61727,0.00252703,0.0552939,0.908878,0.168814,2.83317,0.010313,0.0313209,1.52004,0.742289
32.415056689,0.00256704,0.0487162,2.7063,0,0.000159898,0.865139,0.129204,3.11875,0.0178746,0.128741,1.95931,0.651533
32.461496599,0.00194794,0.0480096,2.62246,0,0.0161756,0.685093,0.0298213,3.40037,0,0.0449529,2.564,0.46908
32.507936508,0.0138765,0.0430403,2.59397,0.0121598,0.0170897,0.539321,0.0446048,3.42461,0,0.0450156,2.77578,0.384109
32.554376417,0.0050783,0.0432347,2.53387,0.0143849,0.0098294,0.439806,0.0545553,3.54203,0.00126868,0.0143603,2.8206,0.324252
32.600816327,0.00887585,0.0629196,2.34231,0,0,0.341251,0.0459879,3.7916,0.0173604,0.0118184,2.9512,0.234936
32.647256236,0,0.0909986,2.23897,0,0.0129227,0.234666,0.0216135,3.91194,0,0.00988313,3.00809,0.185534
32.693696145,0,0.1156,2.18473,0,0.0603452,0.220824,0.0350984,4.0325,0.000957099,0.0190489,2.99163,0.159156
32.740136054,0,0.0584923,2.20927,0.132337,0.0292838,0.197508,0.00583179,4.05016,0,0.0195869,2.93263,0.148253
32.786575964,0.0515247,0.0226097,2.1921,0.294107,0,0.216155,0,3.82811,0,0.0148282,2.85504,0.180353
32.833015873,0.275982,0.0271847,2.19076,0.396892,0,0.348167,0,3.19355,0,0.0224447,2.55546,0.241788
32.879455782,0.261179,0.0383618,2.08664,1.52707,0.0214621,0.0258955,0.0228071,2.6652,0.0422603,0.014791,2.1542,0.35111
32.925895692,0.13575,0.0297273,1.82332,2.14826,0,0,0.0569048,2.42462,0.664429,0.0127735,1.85634,0.333128
32.972335601,0.000412101,0.0458582,1.41953,2.19092,0.337889,0.00792966,0.053603,2.18227,0.928778,0.0941947,1.89312,0.323747
33.018775510,0.000217674,0.0645726,1.29594,1.8565,1.60364,0.00161886,0.0608822,1.8383,0.749617,0.0965952,2.22824,0.280055
33.065215420,0.0239111,0.0782209,0.843754,1.00995,2.57046,0.00563822,0.0806197,1.55977,0.270183,0.0708857,2.63173,0.199605
33.111655329,0,0.0832568,0.896828,0.318215,2.79627,0.226835,0.0797158,1.34457,0.0251535,0.0505964,2.10086,0.277635
33.158095238,0,0.130035,0.99828,0.00296553,1.99957,0.711856,0.0506335,1.17237,0.124395,0.0412333,1.96657,0.266669
33.204535147,0.0626412,0.0708085,1.2821,0,0.665427,1.43857,0.224938,1.01858,0.360541,0.200966,2.19864,0.421224
33.250975057,0.0867006,0.0163852,1.97871,0,0.279751,1.98205,0.250763,1.01093,0.200653,0.208803,2.18951,0.594018
33.297414966,0.285872,0.0240679,1.96876,0,0.354053,2.17309,0.00167088,1.35722,0.129904,0.253523,2.15274,0.609209
33.343854875,0.404085,0.0377768,1.68946,0,0.576507,2.31246,0.171395,1.6989,0.0789389,0.297095,1.92461,0.45712
33.390294785,0.319633,0.0336381,1.75047,0,0.84361,2.19915,0.282112,2.08757,0.0357332,0.246183,1.94602,0.267077
33.436734694,0.609957,0.0423954,1.97325,0,0.77136,1.87717,0.280787,2.13034,0,0.212787,2.1202,0.271636
33.483174603,1.289,0.0491367,1.80609,0,0.251195,1.5892,0.323342,1.76335,0.0648759,0.252465,2.16272,0.30117
33.529614512,1.42752,0.0771562,1.58066,0.0104914,0.0442116,1.59559,0.333561,1.06926,0.228069,0.272331,1.93963,0.327697
33.576054422,1.34049,0.0829939,1.47763,0.0136621,0.0507779,1.77354,0.322241,0.418217,0.327281,0.243939,1.87998,0.316074
33.622494331,1.30696,0.0665164,1.26295,0.0155595,0,1.86683,0.359776,0.267719,0.255188,0.342849,1.91383,0.296088
33.668934240,1.47731,0.0696185,1.07442,0.0141674,0.00471317,1.87317,0.36462,0.335849,0.197165,0.392412,1.91398,0.274354
33.715374150,1.5443,0.106808,1.06089,0.0153463,0,1.81029,0.369615,0.41403,0.185594,0.287281,1.83699,0.174999
33.761814059,1.51385,0.0915391,0.963915,0.0136011,0,2.04063,0.42907,0.620737,0.14242,0.305244,1.66681,0.167743
33.808253968,1.30985,0.0862402,0.932182,0.016186,0.00507887,2.82469,0.422641,0.859299,0.0912047,0.268668,1.36054,0.239394
33.854693878,1.02839,0.0637449,1.02285,0.0178485,0.0395465,3.27374,0.329939,1.06126,0.0767227,0.147385,1.34426,0.262782
33.901133787,1.13955,0.0782739,1.03574,0.0171616,0.0563394,3.44846,0.210324,1.09896,0.0764956,0.035318,1.19715,0.354371
33.947573696,1.38857,0.067736,0.804568,0.0117571,0.0314808,3.70585,0.0595576,0.987727,0.0241188,0.145961,1.28418,0.337516
33.994013605,1.44276,0.0855621,0.411635,0.00786359,0,3.9774,0.0186677,0.680019,0.0770368,0.528946,1.17127,0.185111
34.040453515,1.74122,0.120359,0.311659,0.00512138,0,4.1695,0.044116,0.395782,0.243721,0.779109,0.866077,0.0605832
34.086893424,1.58021,0.204231,0.519801,0.0121633,0.00902496,4.32253,0.0244625,0.0522145,0.492497,0.973326,0.285893,0.0394314
34.133333333,1.74305,0.142202,0.838147,0.0139641,0.0253862,4.11157,0.000123026,0.00443073,0.48265,0.991807,0.751612,0
34.179773243,1.84493,0.0326943,1.06541,0.00918444,0.0306348,3.91262,0.0387665,0.00220424,0.40694,1.01475,1.06352,0
34.226213152,1.89082,0.00262588,1.30648,0.0202549,0.0259981,3.81273,0.0719847,0.156641,0,1.03873,1.15725,0
34.272653061,2.02008,0.0026602,1.40412,0.0353949,0.0110749,3.79667,0.0132774,0.230241,0,0.859747,1.41151,0.0468649
34.319092971,1.95214,0.000411824,1.53322,0.0604896,0,3.99729,0.0175247,0.0745705,0,0.512304,1.34339,0.0955434
34.365532880,1.90394,0,1.56069,0.0680257,0,4.07184,0.0217867,0.0254997,0,0.51694,1.26201,0.0704799
34.411972789,2.00537,0,1.3676,0.0592348,0.019763,3.88164,0.0193726,0,0,0.672427,1.3191,0.00113919
34.458412698,1.93444,0,1.17731,0.0506834,0.0243528,3.80959,0.0149301,0.00683333,0.0101924,0.762069,1.43553,6.67578e-05
34.504852608,1.91968,0,1.18823,0.0554297,0.0259584,3.83343,0.0135796,0.00282948,0.0774702,0.670501,1.54115,8.53316e-05
34.551292517,1.87609,0,0.936723,0.0459391,0.0660512,3.88561,0.0748547,0.0101528,0.0755828,0.623443,1.4512,5.32177e-05
34.597732426,1.15295,0,1.87826,0.43384,0.26236,3.71814,0.120699,0.0197681,0,0.643638,1.3821,6.32213e-06
34.644172336,0.732531,0.0667985,2.63302,0.50434,0,2.79824,0.311678,0.583686,0.000727447,1.07882,1.25082,0
34.690612245,0.613446,0.0805498,3.27205,0.214004,0,1.81528,0.589643,0.880895,0.00127708,1.32916,1.24989,0
34.737052154,0.486793,0.0602377,3.56167,0.0441798,0.0018415,1.30577,0.625217,0.898751,0.000709943,1.56119,1.26893,0
34.783492063,0.295682,0.0071228,3.78511,0.143721,0.0107786,1.2717,0.431838,0.785714,0,1.8841,1.1718,0
34.829931973,0.128337,0.000621356,3.7324,0.170218,0.0133294,1.40515,0.259886,0.686729,0,1.99392,0.999006,0
34.876371882,0,0.167158,3.63296,0.033476,0,1.60954,0.263714,0.639781,0.0954285,1.59331,1.04716,0
34.922811791,0.0120968,0.452003,3.92587,0.0272771,0.012166,1.47493,0.361305,0.474538,0.0836703,1.16646,1.22125,0
34.969251701,0.0900568,0.338327,3.81717,0.0266512,0.0575165,0.933705,0.54819,0.458843,0.0117871,0.444943,1.57188,0
35.015691610,0.000692822,0.0972,3.0128,0.150811,0.0669257,0.470709,0.708382,0.69904,0.219293,0.39778,1.33981,0.0286367
35.062131519,0.0806568,0.00927326,2.07413,0.336599,0.0706177,0.0594074,0.779516,0.83231,0.292194,0.436701,1.37662,0.0513278
35.108571429,0.112292,0.116024,1.12409,0.786699,0.380094,0.11291,0.371145,0.779376,0.193537,0.585051,1.19774,0.679531
35.155011338,0.115269,0.385732,1.30009,0.845272,1.67689,0.130003,0.0338461,0.701579,0.0158488,0.461526,0.794095,0.681053
35.201451247,0.298868,0.412574,0.809169,0.167845,1.84295,0.365404,0.0305728,0.992744,0.0322777,1.17794,0.453941,0.124027
35.247891156,1.30035,0.203722,0.391821,0.00402379,0.880386,1.29474,0.050676,0.694991,0.113246,1.30446,0.0649588,0
35.294331066,2.04883,0.111759,0.502167,0.0192231,0.0647388,2.35391,0.308807,0.0352183,0.0705729,1.62099,0.0138519,0
35.340770975,2.42344,0.044916,0.29205,0.0371694,0.126706,2.90871,0.325312,0.0407264,0.0278922,1.77184,0.0613542,0
35.387210884,2.46145,0.00135305,0.144166,0.00863709,0.114063,3.24409,0.0468329,0.0413305,0.0261154,1.70252,0.0770898,0.0741359
35.433650794,2.24934,0.00159917,0.0949357,0.0472342,0.0945305,3.69335,0.038787,0.047138,0.0596486,1.4718,0.000468171,0.102863
35.480090703,2.15987,0.0997766,0.00362966,0.0901135,0.0605387,4.08196,0.0799912,0.0491291,0.0161212,1.32118,0.00519931,0.120401
35.526530612,2.30632,0.146997,0,0.112579,0.102856,4.24943,0.00556574,0.0444243,0.0411204,1.09743,0.0946857,0.117738
35.572970522,2.49256,0.0824007,0.0107957,0.117768,0.232667,4.12377,0.000215437,0.265883,0.258505,0.321867,0.113671,0.0177718
35.619410431,2.49173,0.084555,0.0163732,0.101371,0.00644931,4.09771,0.000692024,0.320309,0.572409,0.271419,0.0909793,6.56225e-05
35.665850340,2.38411,0.138604,0.0115431,0.0691047,0.0279809,4.09799,0,0.06603,0.655465,0.266014,0.00107899,4.66273e-05
35.712290249,2.25743,0.0420635,0.00134152,0.0627988,0.0483466,4.06118,0,0.0286215,0.667826,0.246366,0.00124108,0.107737
35.758730159,2.28457,0.0926448,0,0.085686,0.0556666,4.13513,0.0053703,0.0132827,0.341917,0.216193,0.000700275,0.0864491
35.805170068,2.52936,0.0867613,0,0.0995852,0.0257045,4.24078,0.00420649,0,0.00955606,0.2808,0.000207048,0.000133282
35.851609977,2.65724,0.0554893,0.00912513,0.0974258,0.0280388,4.35633,0,0,0,0.349455,0.00016047,0.000147176
35.898049887,2.70844,0.072065,0.0205607,0.0892228,0.0168577,4.44571,0,0,0.0323761,0.374609,0.00045027,0.000177733
35.944489796,2.60309,0.264607,0.0219645,0.0783464,0,4.48084,0.00596923,0,0,0.326008,0.000914216,0.000225402
35.990929705,2.52308,0.232242,0.00314698,0.0866473,0,4.52152,0.00532059,0,0,0.242196,0.00127564,0.0793072
36.037369615,2.44139,0.0425872,0.000217415,0.0903427,0,4.44896,0,0,0,0.172768,0.00138159,0.461184
36.083809524,1.68922,0.153489,0.629949,0.0237451,0.395251,3.86507,0.0474837,0,0.0260205,0.16565,0.00131411,0.751998
36.130249433,0.847591,0.208963,1.7241,0.00756734,0.641828,2.86286,0.0756309,0,0.364346,0.794016,0.00119721,0.185005
36.176689342,0.620212,0.208835,2.44825,0.00317037,0.375642,2.32034,0.251305,0.0870948,0.559154,1.20411,0.00112965,0.0283732
36.223129252,0.634703,0.151516,2.7149,0,0.293358,2.14948,0.533013,0.170477,0.737117,0.966926,0.198856,0.117946
36.269569161,0.615499,0.144767,2.7664,0.000520348,0.441558,1.97908,0.614559,0.0315014,0.931399,0.700706,0.313031,0.291119
36.316009070,1.42257,0.528176,2.45542,0.00184626,0.661481,1.68226,0.533066,0,0.968184,0.348509,0.23043,0.180785
36.362448980,2.55283,0.343918,1.36267,0,1.23089,1.62801,0.465998,0,0.770583,0.0504446,0.0769852,0
36.408888889,3.00959,0.0635783,0.722411,0,1.58671,1.59721,0.40765,0.0100627,0.374025,0.0615261,0.00582814,0
36.455328798,3.10776,0.0244176,0.709539,0,1.69475,1.41377,0.509374,0.200323,0.0247677,0.222142,0,0.00596892
36.501768707,2.82263,0.0845329,0.563466,0,1.7441,1.33009,0.492711,0.681678,0.0241377,0.0974445,0.0396607,0.0598138
36.548208617,2.34466,0.198134,0.403706,0.000202897,1.73954,1.61224,0.407181,1.09549,0.0309351,0,0.168501,0.167552
36.594648526,2.45662,0.171995,0.516423,0,1.65536,1.7285,0.147541,1.21816,0.0261822,0,0.0851955,0.339598
36.641088435,3.13528,0.116829,0.478517,0,1.70274,1.46733,0.0610456,1.29814,0.0871042,0.0107528,0.0499532,0.00958678
36.687528345,3.57429,0.128519,0.376179,0,1.5213,1.55074,0.0263134,1.39112,0.0404478,0.0839286,0.0821457,0
36.733968254,3.40983,0.236931,0.2519,0.0210167,1.37853,1.95601,0.0256324,1.35629,0.0802769,0.190868,0.232883,0
36.780408163,3.24069,0.232309,0.212815,0.00807817,1.18233,2.03601,0.0208661,1.23617,0.214052,0.246024,0.382205,0
36.826848073,3.34802,0.177279,0.367739,0.00139942,1.04758,1.84273,0.0674852,0.981283,0.375577,0.224896,0.440582,0
36.873287982,3.67752,0.00440795,0.397093,0,0.803595,1.50078,0.375016,1.12123,0.327096,0.112739,0.419002,0
36.919727891,3.76028,0.00457599,0.483388,0,0.6865,1.47916,0.322825,1.32192,0.12064,0.0732779,0.230227,0
36.966167800,3.58907,0.00462185,0.159976,0,0.632277,1.57505,0.290821,1.75199,0.00992419,0.0437492,0.263575,0
37.012607710,3.66924,0.0654429,0.135902,0,0.96177,1.34545,0.109943,1.896,0.249991,0.0199427,0.3604,0
37.059047619,3.78376,0.0871597,0.149379,0,1.44753,0.867155,0.0753847,1.79534,0.503549,0,0.253273,0
37.105487528,3.70639,0.109774,0.166543,0,1.89079,0.46911,0.0601721,1.8656,0.670007,0,0.143938,0
37.151927438,3.59883,0.139081,0.263613,0.00329558,2.17474,0.351386,0.0397302,1.87341,0.63955,0,0.122122,0
37.198367347,3.68851,0.11752,0.273019,0.0101147,2.23517,0.338046,0.0708793,1.93216,0.643358,0.0274999,0.0981802,0
37.244807256,3.75475,0.127029,0.308291,0.00462331,2.39544,0.0613542,0.0299479,2.24329,0.111131,0,0.0721621,0.0052142
37.291247166,3.68087,0.0781097,0.375992,0,2.41376,0.074946,0.012768,2.3072,0.0819989,0,0.00832106,0.0119286
37.337687075,3.69464,0.0850042,0.383273,0,2.08709,0.264823,0.0122086,2.25359,0.211544,0,0.000658394,0.0856163
37.384126984,3.63831,0.123989,0.395043,0,1.77304,0.180616,0.0108145,2.11354,0.370883,0,0.00066949,0.192023
37.430566893,3.60028,0.268042,0.490689,0,1.75659,0.0224513,0.0151945,1.79022,0.515806,0,0.000668399,0.233528
37.477006803,3.63146,0.109816,0.423662,0,1.79913,0.134163,0.0267489,1.86578,0.506461,0,0.000557875,0.105109
37.523446712,3.74842,0.117163,0.421966,0,1.62968,0.315596,0.0573402,2.01815,0.172658,0.192371,0.13801,0
37.569886621,3.74405,0.0969596,0.579494,0.0991695,1.38105,0.405481,0.0199866,1.23179,0.012047,0.615632,0.25389,0.00313031
37.616326531,3.57219,0.139785,0.626241,0.324614,1.16086,0.474316,0.0127943,0.879392,0.0216889,1.42323,0.185117,0.00506186
37.662766440,3.4729,0.158817,0.513309,0.324802,1.38713,0.316312,0.00234383,0.975484,0.0225165,1.92009,0.164662,0.0126839
37.709206349,3.62653,0.0286415,0.663772,0.282663,1.68139,0.194682,0.00644358,0.900553,0.0125676,1.83136,0.175792,0.0246336
37.755646259,3.98733,0.00698556,0.532916,0.155555,1.86129,0.0305384,0.00684858,0.808381,0.00950921,1.5384,0.227776,0.0736738
37.802086168,4.06907,0.00544316,0.592944,0.00352735,1.79046,0.05589,0.0358566,0.691129,0.00883774,1.19303,0.220215,0
37.848526077,3.67617,0.186765,0.571519,0,1.5357,0.0244462,0.029546,0.553742,0.0107132,1.25402,0.380557,0
37.894965986,2.90497,0.279025,0.733118,0,1.60648,0.0112736,0.31109,0.306169,0.0432739,2.17698,0.299966,0
37.941405896,2.23584,0.264826,1.02069,0,1.79652,0.00221739,0.486287,0.0579291,0.277873,2.44689,0.22845,0
37.987845805,2.15185,0.202784,1.138,0,1.91938,0.00217814,0.492799,0.0352914,0.715763,2.2842,0.0996169,0.00971057
38.034285714,2.26746,0.0914768,1.26545,0,1.88115,0.0269929,0.332886,0,1.04047,1.96752,0.076677,0.0501796
38.080725624,2.51005,0.0437527,1.50857,0,1.74366,0.0192765,0.0573814,0,0.865013,1.8137,0.0065435,0.117133
38.127165533,2.52143,0.00369638,1.5478,0.0356019,1.32207,0.400278,0.0558188,0.314973,0.337697,1.53471,0.106727,0.0645617
38.173605442,2.5936,0.00388814,1.41353,0.172118,1.01319,0.581305,0.186015,0.616659,0.483843,0.836044,0.284768,0.0435559
38.220045351,2.43599,0.00318231,1.47948,0.270467,0.638613,0.653999,0.0665074,0.667338,0.565383,0.738355,0.328205,0.169639
38.266485261,2.10588,0.00277122,1.27924,0.275931,0.652938,0.694248,0.0446146,0.841728,0.653809,0.716481,0.321075,0.61754
38.312925170,1.95032,0.00223616,1.05162,0.0784606,0.674189,0.756688,0.0656218,1.11406,0.657456,0.851972,0.227487,0.794262
38.359365079,2.08168,0.00219475,1.20271,0,0.998747,0.516593,0.0902676,1.23004,0.45512,0.931192,0.113129,0.679796
38.405804989,2.02148,0.00176351,1.63996,0,1.4427,0.00494835,0.187456,1.28252,0.346657,0.933691,0.0809803,0.357056
38.452244898,1.4306,0.000421355,2.0663,0,1.71774,0.0168307,0.232471,1.37101,0.477308,0.934858,0.0247952,0.280068
38.498684807,1.28,0.000833693,2.07001,0,1.95925,0.00740996,0.184798,1.71903,0.450148,0.971025,0.066997,0.382437
38.545124717,1.16187,0.0114827,2.26519,0,1.92557,0.0266342,0.104086,1.95979,0.242466,0.783573,0.229041,0.405291
38.591564626,1.36995,0.00567134,2.46492,0,1.61452,0.158532,0.112417,2.04012,0.169977,0.572132,0.276409,0.2306
38.638004535,1.6691,0.00176885,2.46957,0,1.29668,0.261422,0.111555,2.15411,0.292379,0.48505,0.195228,0.0725339
38.684444444,1.87411,0.0032235,2.25562,0,1.32431,0.34604,0.115856,1.76753,0.554913,0.592793,0.112438,0.0318785
38.730884354,2.1026,0.0163897,1.00418,0.555916,1.12882,0.792309,0.0808649,0.959568,1.00632,0.808212,0.230331,0.117286
38.777324263,1.6714,0.0724318,0.308392,0.657674,0.887092,1.38927,0.117152,0.206955,1.07088,1.17393,0.343104,0.245004
38.823764172,1.79135,2.61484e-05,0.312262,0.717332,0.822011,1.22978,0.18517,0.16763,1.04078,1.58356,0.359558,0.180941
38.870204082,1.86277,0,0.479297,0.698748,0.939542,1.21253,0.239708,0.180363,0.935287,1.74584,0.247418,0.223018
38.916643991,1.79074,0.00434834,0.684807,0.597449,1.73921,1.41249,0.174704,0.553146,0.738269,1.61339,0.162573,0
38.963083900,2.22175,0,0.850157,0.106174,2.2182,1.66469,0.0245304,0.849664,0.406579,1.12315,0.265069,0.0756304
39.009523810,2.68033,0,0.753794,0,2.30711,1.71103,0.00223175,0.734682,0.39851,0.764355,0.425325,0.128282
39.055963719,2.97996,0,0.523094,0,2.24957,1.59594,0.0343955,0.524835,0.533322,0.569452,0.370069,0.138332
39.102403628,3.14826,0.000205984,0.533067,0,2.10916,1.49994,0.19316,0.367168,0.537974,0.59832,0.195048,0.126701
39.148843537,2.93111,0.00133985,0.517287,0,1.96005,1.52847,0.158847,0.801896,0.511976,0.664466,0.348457,0.0762683
39.195283447,2.80365,0.00223083,0.575825,0,1.75143,1.60419,0.145582,1.12181,0.471655,0.551479,0.39051,0.0398387
39.241723356,2.92627,0.00210588,0.592593,0,1.68087,1.56468,0.129073,1.11149,0.447382,0.268918,0.369669,0.0209699
39.288163265,2.97113,0,0.447474,0,1.70469,1.38135,0.353984,1.13349,0.349476,0.096421,0.70028,0
39.334603175,3.13293,0,0.207972,0,1.77398,1.02858,0.561922,1.15448,0.275246,0.14673,1.02361,0
39.381043084,3.06703,0,0.372392,0,1.71348,0.452666,0.890378,1.15986,0.144683,0.259695,1.14138,0
39.427482993,2.80436,0,0.906693,0.0378539,1.59086,0.341778,0.960519,1.08147,0.0857952,0.266986,1.04063,0
39.473922902,3.46048,0,1.01408,0.251458,1.51081,0.166962,0.783439,0.678668,0.198125,0.298755,0.957565,0
39.520362812,3.76982,0,0.933248,0.312476,1.91644,0.0213067,0.458685,0.639047,0.388535,0.204749,0.799488,0
39.566802721,3.82897,0,0.682918,0.16697,2.28834,0.0126666,0.0437267,0.836291,0.433712,0.048165,0.528616,0
39.613242630,3.50122,0,0.475088,0.0645434,1.99381,0.272951,0.0797633,0.909874,1.06107,0.11998,0.296259,0
39.659682540,2.56307,0.0775928,0.681338,0.121531,1.42006,1.01497,0.156985,0.643699,0.897683,1.06954,0.170204,0
39.706122449,1.87275,0.310825,0.660499,0.0140992,1.39256,1.23361,0.176898,0.801425,0.436722,1.34883,0.130791,0
39.752562358,1.75632,0.141203,0.750148,0.0225426,1.50552,1.59118,0.103797,1.15331,0.502715,1.23235,0.068996,0
39.799002268,2.03084,0.0425127,0.779847,0.00657316,1.69131,1.82156,0.0200108,1.41083,0.418467,1.122,0.12229,0.0823585
39.845442177,2.481,0,0.626164,0.00771688,1.83267,1.64194,0.00621103,1.40929,0.142817,0.998245,0.405329,0.165417
39.891882086,2.53711,0,0.399653,0.0011956,1.65091,1.41898,0.0206443,1.30743,0.0256119,0.833901,0.683381,0.140687
39.938321995,2.09159,0.0645076,0.618553,0.00311303,1.15308,1.21495,0.304278,1.34679,0.0250084,0.780653,0.773582,0
39.984761905,1.32367,0.144338,0.650043,0.063225,0.906036,0.975816,0.355487,1.53769,0.0185395,1.05163,0.748259,0
40.031201814,0.770262,0.0717361,0.858663,0.202293,0.999381,1.44632,0.233559,1.46716,0.0166873,1.23042,0.581267,0.00746522
40.077641723,1.69767,0.0527742,0.959775,0.07116,1.03578,1.56932,0.115098,1.10451,0.0178352,1.83656,0.527884,0
40.124081633,2.20958,0.0214244,0.735848,0.101304,1.06611,1.81794,0.0153439,1.26345,0.0335171,2.20644,0.310353,0
40.170521542,2.03325,0.0365971,0.308586,0.326952,1.07245,1.67023,0.000940508,1.42891,0.0994535,2.22143,0.475203,0.0635192
40.216961451,0.812048,0.142882,0.498361,0.499469,0.521371,1.83594,0.017182,1.49321,0.228681,1.73206,0.957667,0.346265
40.263401361,0.565893,0.377749,0.865177,0.639068,0.210216,1.74939,0.387646,1.87195,0.112268,1.0328,0.919943,0.378654
40.309841270,0.293728,0.58081,1.19061,0.610418,0.203312,1.50258,0.356222,2.39745,0.0314877,0.695967,0.760607,0.242983
40.356281179,0.012877,0.650915,1.13116,0.252209,0.123569,0.886117,0.288316,3.26261,0.0578483,0.305303,1.472,0.209275
40.402721088,0,0.037579,1.8442,0.28311,0,0.643973,0.238613,3.46565,0.0830395,0.207056,1.7197,0.630279
40.449160998,0,0.0777419,2.31616,0.0107098,0,0.621072,0.0201583,3.39387,0.0463772,0.225235,2.01103,0.925044
40.495600907,0,0.0636019,2.20754,0.00673479,0,0.5779,0.0296681,3.462,0.00875469,0.29428,1.90706,1.08379
40.542040816,0.00016812,0.131081,2.14889,0.00482054,0,0.443743,0.0305264,3.67455,0.000542349,0.347791,1.52525,1.24003
40.588480726,0.000455432,0.295233,2.11847,0.00215435,0,0.406539,0.0141078,3.71378,0.00672292,0.306848,1.29453,1.56266
40.634920635,0.000427519,0.28437,1.88946,0.00817326,0.00349236,0.391091,0.00421298,3.84769,0.00860241,0.276114,1.24517,1.56535
40.681360544,0.000707187,0.16313,1.99372,0.00277295,0,0.324633,0.0136844,3.87909,0,0.27574,1.27095,1.41162
40.727800454,0.000740965,0.0961098,2.04618,0,0,0.198562,0.0366629,3.92155,0,0.2312,1.15402,1.31434
40.774240363,0.000724131,0.10466,2.11964,0,0.00803593,0.481304,0.0483176,3.63218,0,0.260746,0.911103,0.81941
40.820680272,0.0292531,0.333594,1.79866,0,0.0151391,0.64312,0.191382,3.09435,0,0.518548,1.11678,0.648594
40.867120181,0.0722368,0.460689,1.68639,0.00327157,0.00460295,0.593957,0.265603,3.19747,0,0.524232,1.6568,0.445968
40.913560091,0.325484,0.276214,1.91362,0.0161897,0,0.541772,0.275482,3.52825,0,0.294754,2.10571,0.186123
40.960000000,0.415818,0.158566,1.96905,0.0158448,0,0.385563,0.223005,3.78537,0,0.250704,2.50837,0.166008
41.006439909,0.306312,0.0816027,2.00417,0.0186274,0,0.368852,0.0205853,3.9756,0.00837035,0.167134,2.69021,0.231247
41.052879819,0.0947921,0.128832,2.07399,0.015941,0.0181262,0.316806,0,4.01992,0.00126703,0.109104,2.88005,0.180017
41.099319728,0.105878,0.147657,2.22388,0.0100648,0.0225206,0.279582,0.000280039,3.86913,0,0.042538,3.06165,0.143646
41.145759637,0.120332,0.088315,2.34049,0,0.0180345,0.278148,0.00732356,3.66831,0,0.0780014,3.13422,0.0425517
41.192199546,0.000683364,0.067475,2.39212,0,0.00590117,0.294238,0.00762042,3.55592,0,0.0806043,3.06992,0.0554821
41.238639456,0.000420353,0.070541,2.27302,0,0,0.278367,0.0565752,3.56004,0,0.0163479,2.98487,0.0905068
41.285079365,0,0.0614263,2.17328,0.244245,0.029305,0.177458,0.168051,3.51833,0,0.0176269,2.92585,0.092508
41.331519274,0.0873369,0.0576664,2.1543,0,0.044875,0.125042,0.347962,3.25776,0,0.018435,3.05861,0.0767005
41.377959184,0.0622453,0.055774,2.22063,0,0.0414546,0.218641,0.388794,3.14783,0,0.0210579,2.99701,0.110453
41.424399093,0.000143497,0.0605863,2.12362,0.215936,0,0.328134,0.457243,3.21279,0,0.297969,2.65818,0.0832102
41.470839002,0.000120695,0.0695839,2.19555,0,0,0.45176,0.430155,3.18161,0,0.499148,2.65333,0
41.517278912,0.0182209,0.0768167,2.5018,0,0.00985189,0.44928,0.564835,2.96869,0,0.52288,2.86682,0
41.563718821,0.000379668,0.0852366,2.5979,0,0.00880679,0.491338,0.557365,2.88673,0,0.359164,3.00823,0
41.610158730,0.000363969,0.0916968,2.58199,0.216066,0.0154035,0.44178,0.339871,2.66705,0,0.263095,3.00911,0.0769108
41.656598639,0,0.14206,2.21391,0.0397068,0.0329634,0.323503,0.376764,2.92067,0,0.172049,2.3357,0.0624668
41.703038549,0,0.213537,2.1895,0.0738301,0.072058,0.354087,0.251209,3.07174,0.00711987,0.011034,0.582545,0.456054
41.749478458,0,0.181725,2.33149,0.0537268,0.10736,0.00202319,0.0409511,3.33478,0,0.0151836,0.765806,0.715754
41.795918367,0,0.123137,2.35304,0.0206454,0.118918,0.00264155,0.0272198,3.82329,0,0.0670737,1.16739,0.817163
41.842358277,0.0368844,0.125719,2.30592,0,0.120818,0.000150879,0.020715,4.04638,0.00510551,0.0637402,1.6045,0.833986
41.888798186,0.127431,0.0500827,2.22209,0.111503,0.0311021,0,0.0334465,3.98656,0.000527658,0.0104337,1.84708,0.771021
41.935238095,0.012118,0.0737793,2.16849,0.0860299,0.0368585,0,0.038834,4.16168,0.00792307,0.00768674,2.0526,0.61636
41.981678005,0,0.132593,2.2165,0.0121956,0.0110342,0.00236361,0.0266382,4.14015,0,0.0028959,2.11747,0.551868
42.028117914,0,0.147254,1.96582,0.00829586,0.0640488,0.00965435,0.0149928,4.15259,0.00127654,0.0133173,1.87629,0.845632
42.074557823,0,0.185776,1.63618,0.0248852,0.100871,0.0156358,0.015477,4.05939,0.0534696,0.0487358,1.59941,1.2044
42.120997732,0.0942267,0.141986,1.4408,0.540364,0.111176,0,0.0141413,3.65217,0.0361946,0.106897,1.27442,1.42591
42.167437642,0.147658,0.132102,1.75835,0.0216671,0.276768,0,0.00822114,3.36785,0.0562261,0.175291,1.22191,1.38167
42.213877551,0.417891,0.612688,2.02453,0.111075,0.216953,0,0.126466,2.64574,0.366963,1.2677,1.00137,0.129835
42.260317460,0.590924,0.663717,1.22118,0.156688,0.456757,0,0.095245,1.40068,0.636198,1.57047,0.828635,0
42.306757370,0.561129,0.313395,0.898835,0.448827,0.225145,0,0.0662468,0.890916,0.623938,2.04951,0.62361,0.0164678
42.353197279,0.48198,0.0795532,0.429234,1.34138,0.140898,0,0.121666,0.64786,0.569853,2.06092,0.530987,0
42.399637188,0.23162,0.323667,0.233572,1.86293,0.487077,0.00466137,0.0798354,0.739303,0.38998,1.99609,0.35221,0.0969642
42.446077098,0.0485026,0.406023,0.123686,1.25357,1.41921,0.0256817,0.0557368,0.771276,0.261645,2.11244,0.223486,0.64006
42.492517007,0.06639,0.160061,0.156358,0.306153,2.29159,0,0.0549648,0.512512,0.454839,2.02398,0.327317,0.860691
42.538956916,0.248937,0,0.312915,0.0887271,2.74456,0,0.045228,0.0562586,0.597361,1.65343,0.510343,1.38061
42.585396825,0.19002,0,0.233081,0.163143,2.76803,0,0.038019,0.0422295,0.630646,1.38486,0.540436,1.58088
42.631836735,0.0423855,0,0.182719,0.110414,2.23488,0.288398,0.0380032,0.251995,0.569414,1.4435,0.0194642,1.52178
42.678276644,0,0,0.222147,0.0134021,2.17217,0.57436,0.0275318,0.348006,0.464803,1.22471,0.133317,1.34345
42.724716553,0.0335883,0.000820598,0.251443,0.0320569,2.33035,0.688778,0.00208923,0.46931,0.396877,1.17907,0.195706,1.16189
42.771156463,0.110691,0.0031773,0.509687,0,2.21581,0.690088,0.0212897,0.481132,0.436487,0.955428,0.540281,0.865605
42.817596372,0.056972,0.00302623,1.00105,0,1.82935,0.889807,0,0.479563,0.509323,0.577736,0.914804,0.947113
42.864036281,0,0.0283861,1.15369,0.0120683,1.51001,0.874874,0,0.398555,0.530853,0.252368,1.22543,1.07574
42.910476190,0.0520102,0.0132029,0.938357,0.153471,1.74915,1.01278,0,0.453828,0.298615,0.0734343,1.67333,1.07064
42.956916100,0.365066,0.0133207,0.310739,0.107625,1.80645,1.75725,0,0.227333,0.10816,0.212097,1.86603,1.03439
43.003356009,0.885072,0.00824406,0.111665,0.0196488,1.4869,2.3336,0,0.0540376,0.0223384,0.29666,2.00537,0.696332
43.049795918,1.00794,0.00362135,0.0838571,0.0505757,1.06607,2.78868,0,0.0320603,0.0184346,0.309424,1.73334,0.400197
43.096235828,1.0737,0.00161363,0.0786243,0.260657,0.579752,3.26717,0,0.0280558,0.0207735,0.393792,1.16757,0.463104
43.142675737,0.861449,0.000464781,0.175926,0.27904,0.661232,3.22565,0.0231448,0.0221771,0.00131643,0.355336,1.19394,0.883336
43.189115646,0.728205,0.0115927,0.111819,0.138839,0.95961,2.77429,0.145732,0.0139771,0.0236552,0.261949,1.39701,0.894068
43.235555556,0.521481,0,0.145082,0.0123216,1.3204,2.12265,0.301708,0.00448153,0.268123,0.165191,1.6254,0.816536
43.281995465,0.516062,0.0391554,0.549611,0.0117286,1.30775,2.11366,0.349577,0.00419675,0.19098,0.245058,1.7095,0.774984
43.328435374,0.831677,0.0359472,0.886306,0.009782,0.934352,2.22661,0.228133,0.0513012,0.0597137,0.249956,1.52428,0.750425
43.374875283,1.22083,0.00984556,1.01926,0,0.407641,2.2363,0.200392,0.0546876,0.0958782,0.279667,1.20099,1.12414
43.421315193,0.948253,0.0279147,1.53884,0,0.197517,1.63248,0.391373,0.0457203,0.626904,0.11982,1.25008,1.0096
43.467755102,0.626891,0.0189472,1.30451,0,0.091949,1.1094,0.309907,0.0286156,0.680483,0.821587,0.855421,0.984885
43.514195011,0.603368,0.0122129,1.13512,0,0.39202,0.956573,0.12166,0.0177896,0.702408,1.19957,0.806878,0.984907
43.560634921,0.553552,0.00554757,1.02766,0,0.995701,0.905669,0.00983894,0.00583921,0.814654,1.17332,0.917643,0.898257
43.607074830,0.565154,0.00321176,0.895385,0,1.41446,1.00474,0,0.00980349,0.821214,1.30908,1.06739,0.686228
43.653514739,0.654658,0.00290362,0.793112,0.123838,1.30358,1.25493,0,0.0316229,0.569274,1.45088,1.08089,0.461575
43.699954649,0.758816,0.00238225,0.971705,0.104619,0.815197,1.99791,0.0135166,0.033833,0.331715,1.36274,0.956748,0.485723
43.746394558,0.593637,0.00155346,1.24131,0.013353,0.416949,2.86276,0.0272926,0.0381107,0.190859,1.03363,1.01294,0.510525
43.792834467,0.358061,0.0159932,1.26098,0,0.587851,2.84221,0.0449075,0.0460229,0.137118,1.1023,1.05136,0.418311
43.839274376,0.255794,0.0720327,1.24316,0,0.66653,2.38617,0.0177099,0.0420683,0.202222,1.26707,1.22334,0.253547
43.885714286,0.578005,0.0641098,1.18103,0.0276268,0.533667,1.91771,0,0.0264274,0.244485,1.41387,1.19924,0.341832
43.932154195,1.09923,0.0793434,1.04084,0.0641769,0.427219,1.88739,0,0.0181755,0.250154,1.3558,1.14551,0.22496
43.978594104,1.40578,0.0636411,0.774569,0.00448789,0.272605,2.03815,0,0.0157351,0.867788,0.923411,1.30512,0.130322
44.025034014,1.06384,0.348237,1.38879,0,0.132283,1.67255,0,0.525641,0.768109,0.755336,1.45599,0.131388
44.071473923,0.861199,0.305893,2.35958,0,0.154247,1.11689,0.0796249,0.818331,0.564865,0.62426,1.38771,0.116958
44.117913832,0.794077,0,2.67035,0,0.0989517,0.414711,0.535272,0.949869,0.459134,0.892584,1.32711,0.0274248
44.164353741,0.611436,0,2.78077,0,0.038534,0.165309,0.600142,1.22529,0.242059,1.27803,1.2506,0.0312897
44.210793651,0.404993,0,2.8687,0.00495008,0.0194678,0.130763,0.578097,1.68228,0.16976,1.70768,1.20843,0.0155965
44.257233560,0.368636,0,3.13737,0.0120915,0.0231975,0.123006,0.612395,1.45765,0.151273,1.74723,1.17811,0.0823984
44.303673469,0.314951,0.00071024,3.32451,0,0,0.247663,0.545053,1.05251,0.156562,1.62826,1.23079,0.139628
44.350113379,0.0876122,0.000639193,3.33442,0,0,0.441343,0.538022,0.876683,0.307022,1.65293,1.04197,0.0238204
44.396553288,0.000211362,0.00206075,3.66768,0,0,0.518173,0.539819,0.576127,0.491989,1.77512,0.766847,0.0216411
44.442993197,7.23065e-05,0.00321386,3.93156,3.72532e-05,0,0.566631,0.528364,0.36506,0.522303,1.83225,0.587628,0.0192783
44.489433107,0.0779105,0.00326936,3.7396,0.00612881,0,0.542114,0.461217,0.444705,0.347247,1.89406,0.711799,0.00977397
44.535873016,0.160511,0.241853,3.22834,0.0079173,0.0220015,0.403999,0.425854,0.874409,0.0476616,1.92963,0.827713,0
44.582312925,0.202305,0.193348,2.98752,0,0.0215855,0.168331,0.392236,1.32754,0.0434505,1.91656,0.839814,0
44.628752834,0.230484,0.177274,2.68048,0,0,0.0967416,0.721749,1.12753,0.0892411,1.90713,0.422814,0
44.675192744,0.24264,0.266283,2.56023,0,0,0.0437495,0.716788,0.896086,0.598652,2.13492,0.00530949,0
44.721632653,0.231105,0.323678,2.25996,1.37725,0,0.00776812,0.416407,0.547649,0.704977,2.65372,0.021153,0
44.768072562,0.269258,0.322503,1.42567,2.03852,0.220112,0.0010001,0.322284,0.0901974,0.69097,3.00176,0.0428356,0.23126
44.814512472,0.357186,0.272562,0.598047,1.67049,0.658078,0.0054915,0.393209,0.0571902,0.52299,2.89528,0.0799307,0.603157
44.860952381,0.632268,0.150168,0.25446,0.932329,1.83701,0.366225,0.660188,0.0297802,0.125933,2.69586,0.110495,0.455973
44.907392290,0.761846,0.00853927,0.275129,0,3.02782,0.968721,0.745471,0.0350299,0.277045,1.88985,0.0801155,0.0997781
44.953832200,0.571169,0.245715,0.23066,0,3.18264,1.54322,0.509268,0.0193164,0.225629,0.792196,0.00100169,0.102906
45.000272109,0.917504,0.436815,0.10784,0.00118695,2.38591,1.73902,0.164306,0,0.424865,0.0764618,0.000735453,0.0792091
45.046712018,1.01511,0.423715,0.0512264,0.00582403,1.37834,1.57348,0.0746864,0,0.909833,0.0687737,0.000457772,0.136278
45.093151927,0.970659,0.333427,0.047233,0.0400293,1.20259,1.14292,0,0,1.07497,0.103189,2.57633e-05,0.150218
45.139591837,1.22446,0.237118,0.0463253,0.0399937,1.3077,0.930798,0.00193002,0.00106937,0.831333,0.14294,0.011488,0.155742
45.186031746,1.34263,0.178103,0.0117445,0.00280893,1.70773,1.10988,0.0301885,0.480117,0.201956,0.0628853,0.0529597,0.078418
45.232471655,1.37403,0.54817,0,0.000832092,2.31057,0.943,0.0270129,0.479585,0.142177,0.495333,0,0
45.278911565,1.22522,0.669689,0,0.0279359,2.4489,0.170083,0.0144566,0.510211,0.448734,1.2365,0.00031233,0
45.325351474,0.758683,0.208221,1.13241,0.0289099,1.6689,0.356119,0.00589711,0.390953,0.632573,1.45969,0.000479525,0.107872
45.371791383,0.640082,0.146828,1.88606,0.0469816,1.0441,0.604036,0,0.536875,0.630878,1.19221,0.000712412,0.14896
45.418231293,0.746698,0.407653,2.00067,0.0504979,0.867869,0.621882,0,0.873692,0.546873,0.83376,0.00104526,0.124408
45.464671202,1.38014,0.893169,1.38096,0.0450509,0.998281,0.313554,0,1.00625,0.205864,0.452703,0.00134474,0.0344124
45.511111111,2.53688,0.807197,0.546475,0.0350089,1.40184,0.0782243,0.0239265,1.31779,0.027855,0.24053,0,0.0301679
45.557551020,3.07983,0.336411,0.279757,0.0101601,1.33895,0.0428323,0.0315838,1.35413,0.262132,0.44293,0,0.0998242
45.603990930,3.1907,0.126952,0.707047,0.000603496,1.15684,0.0422868,0.0240517,1.21031,0.4477,0.315614,0.00383067,0.128106
45.650430839,3.34901,0.105502,0.84623,0,1.14307,0.0801027,0.0263689,1.37042,0.551529,0.197363,0.00343335,0.166175
45.696870748,3.80194,0.14362,0.701455,0.00480614,1.57102,0.0501096,0.00378568,1.68713,0.485195,0.123992,0.00594451,0.0940922
45.743310658,4.15391,0.0341104,0.443996,0,2.03381,0.0534319,0.00562534,1.72517,0.329112,0.0723498,0.0191659,0.0186767
45.789750567,4.30954,0.00420023,0.277178,0,2.29251,0.230002,0.00254695,1.51166,0.0713446,0.0136678,0.0674623,0.00408658
45.836190476,4.29728,0.00373628,0.306714,0,2.13074,0.492093,0.00322934,1.41835,0.0116337,0.0109892,0.0837331,0.00854127
45.882630385,4.21818,0.00334321,0.31851,0,2.07636,0.478236,0.0095385,1.64564,0.0328251,0.00206005,0.0847013,0.00871414
45.929070295,4.28777,0.00352958,0.180368,0,2.05703,0.178584,0.0159919,1.91201,0.0437908,0,0.0901725,0.000237697
45.975510204,4.40377,0.00344375,0.104885,0,1.97451,0.113067,0.0223856,2.04777,0.0714006,0,0.10683,0.000137088
46.021950113,4.4452,0.00305287,0.013327,0,1.92175,0.100997,0.0217379,2.06378,0.147268,0,0.0877457,0
46.068390023,4.36789,0.0250805,0.00210065,0,1.81452,0.119779,0.035997,2.02782,0.16917,0.0290497,0.0638859,0.00256766
46.114829932,4.33178,0.11313,0.0498947,0,1.69001,0.216679,0.0369226,2.02474,0.0359685,0.126747,0.0525528,0.004631
46.161269841,4.19249,0.151052,0.124517,0,1.73172,0.350341,0.261389,1.95091,0,0.125888,0.0438032,0
46.207709751,4.04718,0.159074,0.166857,0,1.89141,0.460541,0.262483,2.08063,0.00103245,0.0322941,0.0383087,0
46.254149660,4.00012,0.117917,0.189601,0,1.75489,0.525434,0.0701405,2.24254,0.000204345,0.00341455,0.0523677,0
46.300589569,4.05635,0.0892083,0.194874,0,1.48648,0.454933,0.0134156,2.21761,0.00443937,0.0127596,0.0526653,0
46.347029478,4.23347,0.0365928,0.180149,0,1.21662,0.193842,0.0952992,2.05962,0.00452856,0.00859349,0.0514254,0
46.393469388,4.25379,0.104207,0.169187,0,1.11126,0.277109,0.330459,1.69274,0.0204706,0.0200094,0.0348521,0.0205044
46.439909297,3.81761,0.208017,0.168564,0,1.06341,0.207007,0.313236,1.74909,0.0392466,0.0475127,0.00151502,0.0904546
46.486349206,3.4043,0.142785,0.183879,0,1.58327,0.00154278,0.0164107,2.0263,0.0798351,0.0640531,0.0092168,0.0916598
46.532789116,3.61045,0.119182,0.196566,0,1.97145,0,0.0058609,1.89345,0.135304,0.0999038,0.0340293,0.0189192
46.579229025,3.69174,0.147053,0.242936,0,2.04699,0,0.006727,1.88788,0.0487246,0.133305,0.110734,0
46.625668934,3.57795,0.0369825,0.233561,0,2.18996,0.0020904,0.0607083,1.93016,0.0073829,0.0828053,0.117806,0
46.672108844,3.5046,0.00368855,0.209842,0,2.15827,0.0208364,0.0855814,1.96847,0.0892256,0.0139482,0.0840652,0.00462312
46.718548753,3.11949,0.332906,0.154887,0.010313,1.93442,0.159225,0.070713,1.86137,0.647615,0.012146,0.0908498,0.0306629
46.764988662,3.07723,0.726811,0.0881938,0.0140854,1.44844,0.239039,0.0922269,1.59274,0.764164,0.0522246,0.0818548,0.0452928
46.811428571,3.32154,0.543696,0.171928,0.0111171,1.08283,0.317533,0.0502664,1.55841,0.912219,0.0350851,0.115745,0.0762995
46.857868481,3.54092,0.233648,0.37666,0.0052376,1.60689,0.155717,0.0258989,1.70896,0.929363,0.00490739,0.0666209,0.025883
46.904308390,3.85267,0.078279,0.486305,0.00482154,2.09941,0.00820621,0,1.58708,0.673079,0.00406088,0.0684075,0
46.950748299,4.08527,0.108282,0.239557,0.00148225,2.02632,0.00370203,0,1.74901,0.2873,0.0940381,0.0957421,0
46.997188209,3.75041,0.0254643,0.000207193,0.172535,1.86549,0.0459523,0,1.20323,0.192306,1.44902,0.104957,0.00393362
47.043628118,3.23195,0.219278,0.00119369,0.253068,1.69186,0.24134,0.0551184,0.849183,0.0157358,2.12608,0.140068,0.00621735
47.090068027,2.86023,0.558077,0.0637656,0.287914,1.5684,0.346142,0.063645,0.750726,0,2.41416,0.146696,0.0111446
47.136507937,2.87384,0.632756,0.150861,0.249381,1.61655,0.260469,0.032904,0.620538,0,2.48759,0.149352,0.0334022
47.182947846,2.9343,0.471402,0.437672,0.162288,1.63412,0.0984728,0.00803255,0.790303,0.0118442,2.19957,0.129866,0.158701
47.229387755,2.43186,0.500071,0.509656,0.0263567,1.6327,0.0646816,0,0.943288,0.050132,1.95545,0.256025,0.109701
47.275827664,1.75682,0.116642,0.325891,0.112103,1.69822,0.519598,0.527345,1.2769,0.0169283,1.14656,0.19608,0
47.322267574,1.2816,0.0846955,0.589669,0.0818837,1.3509,0.476492,0.723033,1.59157,0.229531,1.00974,0.0277802,0
47.368707483,1.03825,0.0611545,0.678147,0.194293,1.12994,0.274698,0.645895,1.58785,0.53249,0.905283,0.0687044,0.0247139
47.415147392,0.990937,0.0493861,0.604001,0.257609,1.06304,0.204955,0.343729,1.37646,1.07653,0.946221,0.0562939,0
47.461587302,0.838941,0.036283,1.20208,0.489124,0.906987,0,0.0304811,0.341895,1.57811,1.85006,0.0233478,0
47.508027211,0.474621,0.0800142,1.52755,0.488546,0.777786,0.0279861,0.00962924,0,1.94605,2.51261,0,0
47.554467120,0.591887,0.12117,1.75092,0.454594,0.719089,0.130192,0.0919072,0.0477265,1.9599,2.23063,0.00024256,0
47.600907029,0.816851,0.0776435,1.54011,0.0764891,0.801904,0.19005,0.0987405,1.67233,1.82318,1.72096,0.000806676,0
47.647346939,0.874355,0.0383944,1.56173,0.0463548,0.819743,0.113874,0.0129444,2.91901,1.28643,0.393702,0.000749861,0.00201429
47.693786848,0.781112,0.0363873,1.9466,0.0557068,0.726569,0.0588646,0.00168587,3.35878,0.501429,0.0261964,0.000347286,0.276075
47.740226757,0.745738,0.0365627,2.24859,0.0288263,0.765652,0.0644082,0.0028133,3.31949,0.240816,0.0132802,0.0285677,0.158132
47.786666667,0.785588,0.0348611,2.27656,0.0439655,0.76839,0.0593403,0.0172308,3.03788,0.299497,0.0228148,0.0918962,0.0176051
47.833106576,0.809017,0.0486894,2.09922,0.0504939,0.86714,0.0325541,0.0367526,2.64921,0.367554,0.142431,0.0709947,0.123081
47.879546485,0.890883,0.00580736,1.73356,0.0316153,0.534687,1.3315,0.270003,1.47797,0.52054,0.0955731,0.106758,0.114543
47.925986395,1.33834,0.000797784,1.32845,0,0.219131,2.33272,0.397509,0.869212,0.277566,0.0472351,0.148844,0.0930949
47.972426304,1.6519,0.000146722,1.25222,0.0100696,0.227537,2.37737,0.417468,0.668756,0.265291,0.0473754,0.128277,0.115841
48.018866213,1.81816,0,1.22688,0.0134153,0.207455,2.61657,0.317332,0.531296,0.277555,0.234772,0.10434,0.154224
48.065306122,2.21798,0.000960077,1.12839,0.00722532,0.165542,3.24175,0.162757,0.37346,0.159617,0.644531,0.0718267,0.163828
48.111746032,2.27472,0.000222018,0.278481,0,0.144253,3.62823,0.122478,0.21156,0.215277,0.682057,0.0847867,0.172757
48.158185941,2.39384,0,0.133479,0,0.0295438,3.58219,0.101265,0.252384,0.430961,0.586282,0.128732,0.128116
48.204625850,2.22612,0.00522886,0.110108,0,0.0489976,3.52972,0.0547194,0.0221481,0.607668,0.615381,0.152978,0.0992208
48.251065760,2.23618,0.137185,0.158499,0,0,3.65925,0.0572763,0.00104785,0.231161,0.825013,0.200977,0.0903409
48.297505669,2.18744,0.265404,0.220747,0,0.0337696,3.82103,0.0958231,0,0.113457,0.826556,0.219859,0.105677
48.343945578,2.38878,0.19815,0.244746,0,0.0595021,3.93966,0.124447,0,0.0693093,0.875448,0.20384,0.0889313
48.390385488,2.63899,0.0169695,0.224715,0.0125801,0.0600163,4.09239,0.0151797,0,0.0264205,0.749794,0.132724,0.0893661
48.436825397,2.73565,0,0.217323,0.00688878,0.0603683,4.06611,0.0289518,0.0123228,0.013657,0.574027,0.082179,0.122925
48.483265306,2.67722,0.0102387,0.226979,0,0.0688889,3.95158,0.0746249,0.0299371,0.00465383,0.347541,0.0855742,0.190109
48.529705215,2.41835,0.269249,0.861369,0,0.131957,3.17355,0.513422,0.570213,0,0.151475,0.0805681,0.241571
48.576145125,1.71381,0.253671,1.29101,0,0.493557,2.11718,0.518369,1.67768,0.0106112,0.0831051,0.118587,0.201334
48.622585034,1.74542,0.11606,1.31569,0.00358264,0.88436,0.870463,0.167319,3.0839,0.026828,0,0.204996,0.177653
48.669024943,1.68643,0.0223299,1.43232,0.0154958,0.503209,0.574659,0.011857,3.5594,0.0275899,0.0060288,0.13472,0.246726
48.715464853,1.52686,0.0188633,1.77973,0,0.0772196,0.583676,0.0428314,3.85511,0.0262813,0,0.292941,0.202619
48.761904762,1.18053,0.0304079,2.23444,0.0224185,0.0571683,0.491049,0.138612,4.08626,0.0254395,0,0.352976,0.124749
48.808344671,1.03553,0.0272654,2.30376,0.044541,0.0459481,0.333011,0.185284,4.08936,0.0330733,0,0.256533,0.123985
48.854784580,1.28363,0.00129468,2.3114,0.129193,0.0430219,0.0523488,0.00867671,3.94201,0.0359837,0,0.159892,0.13635
48.901224490,1.39248,0.00152177,2.12572,0.261228,0.0351942,0.0535843,0.00769848,3.81182,0.0249844,0.0087772,0.00511173,0.152667
48.947664399,1.5335,0.00197022,1.79981,0.307673,0.0179641,0.038177,0,3.74082,0.0093966,0.0128876,0.00122215,0.170126
48.994104308,1.60666,0.0087852,1.76596,0.234709,0.0434812,0.0211963,0,3.71186,0.0538778,0.104543,0.000712641,0.213665
49.040544218,1.20642,0.0214312,1.85701,0.157749,0.0896699,0.373709,0.00643607,3.81112,0.0532026,0.232249,0.000554934,0.228063
49.086984127,1.11702,0.0144909,1.85859,0.222364,0.272589,0.492276,0.0485459,3.74076,0.0230977,0.246678,0.0339443,0.214057
49.133424036,0.968385,0.00031217,1.69669,0,0.516885,0.435776,0.0921654,3.74845,0.0229428,0.268605,0.172374,0.202252
49.179863946,0.839644,0.0354483,1.70416,0,0.638294,0.624886,0.0376327,3.7547,0.0308755,0.224338,0.147754,0.2256
49.226303855,0.919525,0.0480203,1.68816,0.00106494,0.698482,0.707921,0,3.75462,0.00888748,0.144788,0.0836317,0.229297
49.272743764,1.00136,0.0278751,1.59597,0.00187114,0.621482,0.639537,0.0155905,3.83521,0.00525774,0.0478339,0.211865,0.123711
49.319183673,0.668951,0.0649937,1.83401,0.00619446,0.307751,0.671985,0.0248273,4.22045,0.00144427,0.0147525,0.245058,0.10046
49.365623583,0.438068,0.102246,2.15223,0.0118357,0.0143739,0.620455,0.02595,4.31958,0,0.00379732,0.0686976,0.116264
49.412063492,0.587105,0.0276146,2.32953,0.00846547,0.0179437,0.541012,0.0635459,4.29208,0.00414642,0.00446208,0.00027354,0.136841
49.458503401,1.21723,0.0161658,2.48429,0.0750922,0.0238234,0.184107,0.00601027,4.0605,0.000292955,0.00302108,0.0352781,0.173079
49.504943311,1.569,0.0235996,2.33621,0.126126,0.0242966,0.0198696,0,3.83261,0.00724531,0.000888705,0.00049497,0.175277
49.551383220,1.703,0,1.91257,0.247587,0.00126358,0.0212302,0,3.63993,0.00578164,0,0.000521776,0.162543
49.597823129,1.73731,0.0203938,1.74374,0.398014,0.0230645,0.0216705,0,3.59168,0,0,0.000488947,0.145043
49.644263039,1.46452,0.039786,1.70097,0.439866,0.0335064,0.07842,0,3.58107,0,0,0.029053,0.153261
49.690702948,1.17849,0.0488793,1.69889,0.27026,0.122793,0.0850448,0.177571,3.66913,0,0.00136104,0.308455,0.12151
49.737142857,0.674655,0.050416,1.76717,0.072787,0.102289,0.159555,0.342857,3.73969,0,0.00247777,0.830271,0.131527
49.783582766,0,0.0520852,2.05631,0.00487132,0,0.357307,0.72236,3.49651,0.0977463,0.0121834,0.990644,0.124852
49.830022676,0,0.122476,2.31762,0.00830085,0,0.925555,1.0269,2.7696,0.072581,0.00102584,1.04537,0.336023
49.876462585,0.000655894,0.155534,2.16553,0,0.55109,1.4389,0.510562,2.58551,0.0475741,0.00137381,1.16483,0.37495
49.922902494,0.0504107,0.119325,1.38116,0,1.82773,0.865583,0.287027,2.94613,0.00246545,0.00181932,1.29127,0.335816
49.969342404,0.0500962,0.173022,0.68542,0,2.46389,0.0710217,0.0014479,3.10234,0.000641143,0.00365367,1.3079,0.325722
50.015782313,0,0.11002,0.498074,0.153794,2.52858,0.0263042,0.339299,3.26153,0.0255052,0.00399968,1.199,0.161223
50.062222222,0,0.0953179,0.898236,0.193326,2.09515,0.00970859,0.415615,3.43599,0,0.0025277,1.23101,0.196653
50.108662132,0.123009,0.13063,1.29291,0.0111308,1.16827,0.0210284,0.181352,3.56262,0.0302985,0.00901316,1.26793,0.153999
50.155102041,0.0826545,0.107967,2.06898,0.0103715,0.585784,0.0106901,0.0266795,3.68021,0.0421646,0.0128826,1.08772,0.256311
50.201541950,0.0952253,0.0761251,2.49434,0.0147723,0.270476,0.0141217,0.1069,3.60855,0.0543586,0.0138847,1.0262,0.348149
50.247981859,0.0384024,0.0321909,2.76375,0.00605541,0.0749226,0.0755406,0.290237,3.59464,0.0636231,0.0129855,1.52706,0.203425
50.294421769,0.000329108,0.0235357,2.89066,0.00205334,0,0.216084,0.335554,3.64483,0.056791,0.0509941,1.94945,0.282107
50.340861678,2.84414e-05,0.0542978,2.93216,0,0.0391208,0.265145,0.199461,3.71427,0.0510167,0.0496532,2.00476,0.412898
50.387301587,0.0100201,0.0619916,2.83743,0.00587242,0.135311,0.150085,0.209142,3.87141,0.0196007,0.0718172,1.88002,0.361436
50.433741497,0.00845331,0.0009654,2.90485,0,0.182926,0.202094,0.164897,3.76332,0.0318275,0.179846,1.89935,0.352574
50.480181406,0.000378182,0.0508008,2.93851,0,0.0442281,0.345342,0.14022,3.39051,0.0512091,0.532324,1.84007,0.285382
50.526621315,0,0.0544963,3.12382,0.0568997,0.0131705,0.376502,0.151224,3.06815,0.0400039,0.848965,1.80756,0.163623
50.573061224,0,0.0099665,2.98705,0.0170166,0.0161946,0.390414,0.166198,2.61834,0.0093598,1.2607,1.74654,0.174409
50.619501134,0,0.0204598,2.58466,0.0130013,0.0193326,0.338145,0.141356,2.6467,0.0165202,1.34181,1.71844,0.196104
50.665941043,0,0.0896659,2.18532,0.0755807,0.00395293,0.298212,0.0979754,2.71498,0.0178431,0.862489,2.01259,0.223855
50.712380952,0.000116003,0.116462,1.98295,0.446671,0,0.287638,0.229566,2.51793,0.0879343,0.644805,2.24612,0.277557
50.758820862,0.0430987,0.20113,2.13413,0.563561,0,0.470976,0.479785,2.36998,0.139851,0.468675,2.19247,0.180874
50.805260771,0.137302,0.406899,2.10607,0.20669,0.00920394,0.62035,0.491384,2.34181,0.145056,0.161306,2.16983,0.183113
50.851700680,0.0912653,0.582181,1.83511,0.0237813,0.0201218,0.746201,0.334327,2.54024,0.0717538,0.136734,2.25936,0.250153
50.898140590,0.215558,0.708455,1.90134,0.063478,0.014122,0.823278,0.188234,2.542,0.0427864,0.228121,2.30849,0.183575
50.944580499,0.678327,0.463128,2.16939,0.0465999,0.0512831,0.780667,0.185577,2.35791,0.0157653,0.220013,2.48824,0.13713
50.991020408,0.631316,0.153472,2.10033,0.0042429,0.101036,0.618496,0.254207,2.38468,0.0366518,0.272517,2.66,0.0918809
51.037460317,0.54837,0.314617,1.57807,0.0663336,0.0835723,0.613845,0.0134924,2.68346,0.0420034,0.0698194,1.91567,0.841614
51.083900227,0.882074,0.0789705,1.60809,0.131834,0.0403669,1.07249,0.0268932,2.24838,0.073692,0.0196521,1.096,1.36184
51.130340136,1.95144,0.0207925,1.19855,0.125254,0.00781207,1.05155,0.0499653,1.9066,0.0829944,0.0983573,1.24173,1.01794
51.176780045,2.62061,0.028171,1.17719,0.0864144,0.00129668,0.995578,0.00257792,1.90293,0.0169242,0.140532,1.29221,0.502369
51.223219955,2.88289,0.0330865,1.06236,0.0244726,0.0237868,0.830402,0,2.18408,0,0.167574,1.61376,0.261124
51.269659864,2.85974,0.0174671,0.905956,0.00969042,0.0358127,0.624144,0,2.54707,0.000269555,0.143153,2.03192,0.212737
51.316099773,1.93175,0.0144607,1.38664,0.0169787,0,0.324031,0.00261859,2.99125,0.0847074,0.0386585,2.15991,0.295083
51.362539683,0.995782,0.168866,2.45052,0.00770628,0,0.0153684,0.0769729,3.12651,0.0408632,0.116444,1.88829,0.236096
51.408979592,0.231542,0.00301004,2.62316,0.00149188,0,0.0263599,0.595114,2.88669,0,0.560618,1.44003,0.239491
51.455419501,0.055663,0.00293776,2.72865,0,0,0.0256989,0.710758,2.69928,0,0.655653,1.2451,0.366616
51.501859410,0.0115528,0.0017863,2.7273,0,0,0.0337499,0.82713,2.57828,0.000371938,0.666887,1.18541,0.305438
51.548299320,0.0553161,0.17046,2.54155,0.0701451,0,0.0287643,0.899313,2.32347,0.191633,0.558805,0.947811,0.151481
51.594739229,0.0122947,0.421113,2.3984,0.050848,0.0343569,0.0398314,0.828522,2.0389,0.181548,0.395683,0.704404,0.130247
51.641179138,0.0473061,0.579589,2.75982,0.00876712,0.0619725,0.0924652,0.486234,1.42931,0.0687455,0.893391,0.465894,0.109406
51.687619048,0.0465326,0.428966,3.41853,0.114906,0.0222857,0.147412,0.481125,0.848332,0.0878361,1.13676,0.268158,0.0702459
51.734058957,0.0404762,0.179685,3.37522,0.186259,0.118419,0.00641393,0.39949,0.606928,0.106223,1.14297,0.75023,0.0455765
51.780498866,0.055826,0.106177,2.68566,1.55161,0.156829,0.0108129,0.283982,0.453854,0.110541,1.19596,0.923492,0.0741959
51.826938776,0.0579041,0.109809,1.73923,1.92085,0.348128,0.00393605,0.0309677,0.652276,0.118591,1.11942,1.17811,0.112934
51.873378685,0.0388651,0.12216,1.76427,1.46518,0.695201,0.00221547,0,0.514854,0.414403,1.08148,0.900492,0.486018
51.919818594,0.180058,0.184581,1.37803,0.875704,0.979766,0.504652,0,0.367255,0.621879,1.25289,0.476378,0.603318
51.966258503,0.620563,0.274668,1.02552,0.073995,1.08904,1.51102,0.0269187,0.516081,0.347636,0.859293,0.468782,0.36494
52.012698413,1.10464,0.335726,0.557963,0.149767,0.193114,1.80858,0.0579286,0.414915,0.0804443,1.0579,0.886438,0.047395
52.059138322,1.11652,0.371123,0.302665,0.0999467,0.0319523,1.74372,0.0358719,0.268858,0.0403943,0.966218,1.05688,0
52.105578231,0.946497,0.3702,0.449035,0.0711135,0.0288432,1.48012,0.034374,0.273882,0.0407899,0.983782,1.26596,0.000446929
52.152018141,0.564422,0.386325,0.892145,0.0928492,0.282136,1.19821,0.0219093,0.456762,0.148459,0.788684,1.48021,0.0453958
52.198458050,0.235573,0.32073,1.36359,0.152078,0.401934,1.4128,0.104254,0.297134,0.126201,0.654027,1.34393,0.225426
52.244897959,0.463584,0.379092,1.23638,0.151225,0.351997,1.73271,0.173647,0.00735002,0.129759,0.677726,1.30861,0.828698
52.291337868,0.551949,0.392724,0.772058,0.0349052,0.238399,1.97969,0.295828,0,0.277588,0.336111,1.32739,0.445057
52.337777778,0.658276,0.358665,0.750139,0.0201802,0.13033,1.86525,0.274946,0,0.372187,0.188948,1.53737,0.329595
52.384217687,0.478803,0.206027,1.06107,0.0235946,0.442723,1.54113,0.172608,0,0.416919,0.0992609,1.67258,0.207856
52.430657596,0.491414,0.153287,1.25035,0.0202234,1.17351,1.24817,0.1598,0,0.610836,0.10945,1.57619,0.221839
52.477097506,0.670903,0.0265716,1.15431,0.0876672,1.56313,0.863884,0.27889,0,0.760008,0.0921945,1.11953,0.384492
52.523537415,1.02063,0.0229785,0.978967,0.0428172,1.5649,0.874324,0.305072,0,0.795992,0,0.597777,0.553479
52.569977324,1.17349,0.018064,0.899986,0,1.32646,1.02605,0.277758,0.00358921,0.760746,0,0.473748,0.478823
52.616417234,1.10742,0.0178563,0.914396,0,1.53511,1.08723,0.181836,0.041785,0.746789,0.00687217,0.59099,0.335376
52.662857143,0.985776,0.108943,1.01256,0,2.16606,1.35099,0.0903768,0.029654,0.738631,0.167039,0.817006,0.189977
52.709297052,0.942016,0.0355959,0.957762,0.0471504,2.19442,1.3512,0,0,0.749183,0.188402,0.942525,0.200487
52.755736961,0.972771,0.0278953,0.638423,0.0171774,1.5896,1.56203,0,0.00853188,0.685656,0.161921,0.951879,0.256324
52.802176871,0.92841,0.105516,0.455496,0.0207756,1.00259,1.78999,0,0.0547393,0.499559,0.590868,0.600302,0.480104
52.848616780,0.882757,0.19523,0.247761,0.0184923,0.0405581,2.00549,0,0.427421,0.441611,1.63466,0.386889,0.267252
52.895056689,1.09371,0.234059,0.247351,0.0191894,0.00489206,1.95374,0.0122747,0.47524,0.211869,2.07596,0.409829,0.101948
52.941496599,1.18115,0.0521446,0.278575,0.0240664,0.0831868,1.84353,0.0464257,0.426627,0.121504,2.15598,0.452167,0.0682101
52.987936508,1.11289,0.0144177,0.448238,0.0135163,0.219459,1.73953,0.0483129,0.355459,0.248456,2.0449,0.591217,0.12371
53.034376417,1.17731,0.00100622,0.69869,0,0.0944458,1.82036,0.00947578,0.247497,0.340957,2.06636,0.781504,0.280915
53.080816327,1.31697,0,0.933927,0.0243709,0.0391788,2.34707,0.0148935,0.019685,0.20151,2.11278,0.518392,0.242793
53.127256236,1.3439,0,0.854278,0.0590254,0.0107358,2.89705,0.0452373,0.0185083,0.0307099,2.20954,0.333551,0.178798
53.173696145,1.17272,0,0.678486,0.0411329,0,3.23353,0.0694637,0.00807208,0.00100456,2.12927,0.248504,0.161812
53.220136054,1.02626,0,0.499214,0.0464216,0,3.12967,0.0796732,0.0276411,0.00105619,2.17803,0.444682,0.15713
53.266575964,1.09569,0.00151596,0.456764,0.0318124,0,2.61914,0.0402376,0,0.0770092,2.28518,0.791618,0.158507
53.313015873,1.18872,0.00266939,0.578389,0.0042028,0.120508,2.25159,0,0,0.125829,2.11344,0.532147,0.0530476
53.359455782,1.32892,0.0240246,1.07661,0,0.067369,2.1291,0.257905,0.00323111,0.170159,2.05784,0.176497,0.17077
53.405895692,0.533628,0.0378538,1.48205,0.00056576,0.0236977,2.40813,0.470486,0.290665,0.142667,1.9164,0.138146,0.164793
53.452335601,0.598083,0.05129,1.76037,0.00198883,0.0177483,2.07792,0.543029,0.41976,0.165864,1.4868,0.206328,0.0829516
53.498775510,0.615641,0.61712,1.7876,0.00556807,0.0761233,1.75236,0.455724,0.539789,0.282536,1.13816,0,0.138908
53.545215420,1.22651,0.837333,1.42503,0.0067419,0.0805951,1.28775,0.0932428,0.771375,0.196712,1.10838,0,0.22725
53.591655329,2.41608,0.454679,0.921978,0,0,1.11296,0.0554155,0.784491,0.157162,0.950597,0.0943099,0.308921
53.638095238,2.62567,0.0106766,0.428738,0.00448361,0,1.03524,0.060215,1.10971,0.178278,0.876974,0.0619576,0.314281
53.684535147,2.45254,0.00254121,0.699097,0.00742973,0.00194545,1.27642,0.0595017,1.43264,0.0177321,0.970733,0.149291,0.160874
53.730975057,2.48468,0.00255137,1.0094,0,0,1.65867,0.0714462,1.29357,0.0103311,1.01707,0.629965,0.0602159
53.777414966,2.65968,0.00253737,1.08152,0,0.0120847,1.69415,0.0711293,1.36614,0.00482641,0.923933,0.884033,0.0627002
53.823854875,2.6987,0.00200748,1.04742,0.00646775,0.0248267,1.47415,0.0549599,1.44647,0.0322245,0.722076,0.943045,0.14178
53.870294785,2.87752,0.0578393,1.07464,0.0186918,0.0491374,1.05457,0.0459136,1.73606,0.104243,0.438309,0.871815,0.185845
53.916734694,2.81226,0.0501309,0.948128,0.011778,0.0821619,0.772201,0.0234944,1.92352,0.0386333,0.393454,0.866004,0.196166
53.963174603,2.70794,0.0457724,0.684078,0.00752091,0.17502,0.629456,0.013539,2.30863,0,0.696213,0.689082,0.154601
54.009614512,2.54712,0.189691,0.327217,0.0701557,0.429477,0.532013,0.0202653,1.96567,0.0502357,1.02078,0.340798,0.0958502
54.056054422,2.5764,0.132267,0.122097,0.0863307,0.720277,0.596779,0.0338306,1.78366,0.0854704,1.20013,0.327525,0.0610154
54.102494331,2.93128,0.032009,0.000895708,0.0710643,0.847403,0.639126,0.0608857,1.51886,0.086789,1.44269,0.385708,0.0298318
54.148934240,2.83668,0.0589961,0.00223226,0.0024213,0.763222,0.913195,0.300194,1.26622,0.00792836,1.56074,0.383156,0.00639761
54.195374150,2.91768,0.0144621,0.00450998,0,0.793642,1.3145,0.299113,0.92243,0.0112295,1.34592,0.355379,0
54.241814059,3.178,0.155025,0.0174124,0.0423467,0.93868,1.02484,0.319235,0.666861,0.0601411,0.707968,0.374399,0.0360987
54.288253968,2.98606,0.163929,0.0793182,0.0585658,1.38884,0.924075,0.388224,0.834166,0.127459,0.0902691,0.222313,0.178887
54.334693878,2.93418,0.00305806,0.102195,0.0371042,1.673,0.758272,0.215624,1.17035,0.246032,0.0251968,0.112237,0.0962182
54.381133787,3.15343,0.158184,0.0849719,0.0501333,1.8288,0.594405,0.0164807,1.59864,0.252443,0.0272009,0.354106,0.0265203
54.427573696,3.41564,0.250731,0.221081,0.0952462,1.80166,0.392532,0.00686238,1.92918,0.33498,0,0.470521,0.00519985
54.474013605,3.43169,0.249346,0.138641,0.163714,1.41652,0.459179,0.00579236,2.05198,0.430552,0,0.459385,0
54.520453515,3.39631,0.102677,0.0881813,0.203674,1.10385,0.510368,0.00631271,2.1619,0.498665,0,0.379336,0
54.566893424,3.47746,0.022324,0.132793,0.205145,1.00397,0.496727,0.0666802,2.28681,0.285397,0.000267757,0.371092,0
54.613333333,3.70175,0.0200549,0.0747626,0.183432,1.04931,0.384919,0.0843636,2.15424,0.155688,0.000810815,0.400958,0.00235058
54.659773243,3.77034,0.157571,0.0118792,0.14837,1.1554,0.30028,0.0426348,2.09089,0.0811177,0.00061488,0.419032,0
54.706213152,3.85997,0.199749,3.43272e-05,0.0862071,0.966962,0.253138,0,2.0192,0.0485681,0.000104426,0.45148,0
54.752653061,4.00838,0.168823,0.147794,0,0.867268,0,0,2.00946,0.00851375,0.000951852,0.435753,0
54.799092971,4.00149,0.0635792,0.181517,0,0.955517,0.00884791,0.142071,1.4584,0.302547,0.00131769,0.500507,0.00125581
54.845532880,3.73512,0.13448,0.171543,0,1.1952,0.0295648,0.10889,1.15891,0.708238,0.000755351,0.569698,0
54.891972789,3.56718,0.161249,0.155038,0,1.44492,0.0104381,0.00922624,1.28361,0.703381,0.165574,0.706073,0
54.938412698,3.44808,0.158638,0.13449,0.0166215,1.8549,0,0.0397112,1.37327,0.662876,0.232879,0.573971,0
54.984852608,3.6895,0.118448,0.121235,0.0142099,2.05991,0.00445131,0.0103752,1.2324,0.631816,0.208407,0.338174,0.00566001
55.031292517,3.82309,0.0678845,0.124505,0.0116117,2.03134,0.0111319,0.0237512,1.35548,0.561639,0.102509,0.194261,0.0107842
55.077732426,3.68283,0.00291636,0.132155,0,2.13902,0.0104451,0.0271892,1.52312,0.429038,0.0579763,0.166536,0.011688
55.124172336,3.57215,0.00358672,0.147652,0,2.31168,0,0.0350338,1.65568,0.325566,0.0026781,0.0520504,0.00476082
55.170612245,3.44555,0.00320141,0.162914,0.00494257,2.47024,0,0.0396744,1.80925,0.319998,0.00234642,0.0166251,0.0259075
55.217052154,3.51976,0.0294564,0.206889,0.0339721,2.43181,0,0.0439055,1.74048,0.403256,0.00173383,0.0279523,0.0510438
55.263492063,3.84366,0.0367921,0.230116,0.0410978,2.1311,0,0.0381027,1.6087,0.532004,0.00116041,0.0287289,0.0123997
55.309931973,4.01428,0.419846,0.232623,0.037061,1.71359,0,0.0227876,1.73923,0.408653,0.00114687,0.0343927,0.000446091
55.356371882,3.9285,0.898712,0.221745,0.00510366,1.27881,0,0.0142167,1.95484,0.217644,0.00103144,0.0734768,0
55.402811791,3.62187,1.0746,0.215188,0,1.04421,0.408087,0.0158588,2.08349,0.117902,0.0131787,0.0932443,0.00118437
55.449251701,3.10034,1.05467,0.228377,0,1.26087,0.660817,0.0190064,2.30142,0.0868925,0.108676,0.0744645,0.0530715
55.495691610,2.86085,0.634639,0.222202,0,1.65664,0.609744,0.0464413,2.28833,0.246194,0.172583,0.0669764,0
55.542131519,3.50344,0.181679,0.235925,0,1.8541,0.409496,0.0484041,1.92536,0.344897,0.0981146,0.0125308,0
55.588571429,3.67459,0.104726,0.249044,0,1.92622,0.216393,0.118663,1.93426,0.407016,0.00620477,0.0160164,0
55.635011338,3.68097,0.56853,0.257592,0,1.55312,0.0444355,0.198503,2.01706,0.257881,0.0446477,0.00118489,0.0122617
55.681451247,3.27409,0.77266,0.239713,0.0088109,1.23889,0.0233156,0.629844,2.08447,0.127265,0.276672,0.0247048,0.0128724
55.727891156,3.25225,0.501099,0.213953,0.00899371,1.64148,0.0193287,0.652611,1.98985,0.116625,0.492075,0.157041,0
55.774331066,3.03622,0.552192,0.204435,0.00109212,2.04515,0.02536,0.586277,2.11896,0.114781,0.42588,0.351165,0
55.820770975,2.95971,0.526613,0.191247,0,2.33505,0.0165514,0.481885,2.28117,0.0284215,0.375794,0.346212,0
55.867210884,3.45735,0.206971,0.232853,0.000579779,2.5603,0.198984,0.201237,2.22339,0.0643804,0.260457,0.15965,0
55.913650794,3.66399,0.104134,0.275386,0.00197282,2.53081,0.373851,0.0376852,2.0991,0.0141146,0.158512,0.0447529,0
55.960090703,3.79494,0.0755908,0.303884,0.00380933,2.60348,0.0546054,0,1.9464,0.0552888,0.109727,0.0713958,0
56.006530612,3.72139,0.0480885,0.387128,0.000634794,2.75104,0.0332728,0,1.9439,0.0338834,0.036975,0.0849926,0
56.052970522,3.667,0.0260966,0.465057,0,2.76227,0.0545751,0,1.92651,0.16961,0.0245386,0.0882211,0.0241459
56.099410431,3.53668,0.0467442,0.509228,0,2.70653,0.0240773,0.0604103,2.00619,0.161432,0.0113615,0.109518,0.0451065
56.145850340,3.47344,0.103985,0.542627,0,2.62489,0.0328507,0.0156429,2.12526,0,0.00988514,0.101372,0.0354393
56.192290249,3.41603,0.167567,0.575444,0,2.53645,0.0363031,0.0649594,2.25133,0.122519,0.0216441,0.0242236,0.020425
56.238730159,3.26871,0.0409956,0.76531,0,2.16775,0,0.0759686,2.08879,0.683426,0.205589,0.306427,0
56.285170068,2.71112,0.253304,1.05953,0,1.85075,0.125339,0.020459,1.24906,1.1296,0.0932614,0.502165,0
56.331609977,2.7989,0.244626,0.785358,0,2.33378,0.0251276,0.0400778,0.820463,1.29534,0.117754,0.55874,0
56.378049887,3.06519,0.307868,0.664341,0.000336667,2.74352,0,0.0205876,0.771609,1.42982,0.0436122,0.458322,0.00116756
56.424489796,3.29419,0.230691,0.661725,0.0039279,2.97814,0,0.021625,0.902415,1.29844,0.00813028,0.353677,0
56.470929705,3.46706,0.135081,0.795433,0.00855618,3.02248,0,0.009211,1.33624,0.779904,0,0.173943,0
56.517369615,2.7517,0.132281,0.807447,0.0160282,2.80468,0,0.0048657,1.57932,0.498329,0.0113462,0.209465,0.0111053
56.563809524,1.16553,0.683164,1.11139,0.0274463,2.36334,0,0.307439,1.15917,0.803011,0.0122866,0.498337,0.0586828
56.610249433,0.487482,0.799567,1.68179,0.00692502,2.28244,0,0.433295,1.07378,0.742249,0.0625165,0.601821,0.0955671
56.656689342,0.848748,0.412726,2.02772,0.00360265,2.21563,0,0.487821,0.867728,0.799178,0.155231,0.595445,0.010297
56.703129252,1.4183,0.0497751,2.19995,0.00499212,2.24059,0,0.5024,0.679344,0.877605,0.260225,0.508706,0.0237175
56.749569161,1.56602,0.00333219,2.43932,0.0019728,2.44352,0,0.396386,0.772455,0.705123,0.221076,0.390878,0.0111655
56.796009070,1.4311,0.0475255,2.77837,0,2.62043,0,0.107455,0.706979,0.652981,0.158904,0.247878,0
56.842448980,1.45414,0.199898,3.10175,0.0100515,2.53075,0.0107703,0.0916485,0.377801,0.735349,0.175601,0.441763,0.00297387
56.888888889,1.70616,0.153143,3.23119,0.0148048,2.21054,0,0.209253,0.593995,0.671704,0.404944,0.474185,0.120497
56.935328798,1.90725,0.097495,3.18953,0.013071,1.78661,0.000256895,0.330822,0.996435,0.432661,0.483691,0.387725,0.106216
56.981768707,1.98548,0.121689,3.10456,0.0116536,1.8413,0.00196807,0.462445,0.979722,0.632914,0.319174,0.000114898,0.0168434
57.028208617,1.84555,0.188316,3.30228,0.00875801,1.99136,0.021739,0.671084,0.0104716,0.963831,0.140002,0.0879957,0.047679
57.074648526,1.76667,0.209799,3.13955,0.00428433,2.11494,0.0204701,0.737644,0,0.901135,0.326914,0.19262,0.0361617
57.121088435,1.7445,0.12776,3.13364,0,2.04271,0.00649032,0.654093,0,0.861588,0.540171,0.0863421,0.00656165
57.167528345,1.34474,0.276712,3.30036,0,1.87223,0.00973091,0.365444,0.238021,1.14063,0.741382,0.0480065,0.00677977
57.213968254,1.0017,0.579726,3.15316,0,1.68212,0.0172021,0.300812,1.20088,1.32033,0.613451,0.0832086,0.00415148
57.260408163,1.08511,0.62845,3.09174,0,1.77758,0.0102482,0.322859,1.55419,1.20421,0.183182,0.102969,0.00347621
57.306848073,1.51058,0.266816,3.09758,0,1.78172,0,0.272262,1.64477,1.09351,0.0126893,0.124457,0
57.353287982,1.75002,0.106646,2.97439,0.00156994,1.49318,0,0.131276,1.72979,0.728345,0,0.176584,0
57.399727891,2.41313,0.111098,2.02939,0,1.42555,0.00360644,0.0215342,1.52316,1.07819,0.000946563,0.35125,0
57.446167800,3.37927,0.142577,1.10948,0.00248624,1.84784,0.0084928,0.00886712,1.3224,1.13177,0.00531251,0.443935,0.0189302
57.492607710,3.74924,0.162573,0.132373,0.00724499,2.56199,0,0,1.52761,0.877929,0.0644123,0.646935,0
57.539047619,3.83085,0.135367,0.116772,0.00873211,2.9074,0.000130564,0,1.5426,0.804197,0.0926144,0.511582,0
57.585487528,3.86194,0.0977198,0.127211,0.0108907,3.02772,0.00130222,0,1.4235,0.775177,0.129311,0.270675,0
57.631927438,3.8166,0.110294,0.216178,0.0126032,3.04361,0.000221854,0,1.40766,0.589894,0.155861,0.226764,0
57.678367347,3.87118,0.140708,0.246025,0.0112473,3.00792,0,0,1.388,0.363784,0.129927,0.288432,0
57.724807256,3.9525,0.143185,0.268387,0.0114235,2.95832,0,0.085009,1.38884,0.109598,0.123398,0.306591,0
57.771247166,3.92185,0.115735,0.212152,0.0137923,2.93246,0.0059474,0.118201,1.29641,0.0865935,0.116921,0.309523,0
57.817687075,3.75786,0.0955531,0.267238,0.00956148,2.99613,0.0209196,0.0223499,1.09091,0.393765,0.0140324,0.319437,0
57.864126984,3.7285,0.0537719,0.290451,0.00244435,2.84415,0.0132451,0.0106068,1.17023,0.740695,0.0166486,0.277043,0
57.910566893,3.78872,0.0129483,0.15183,0,2.58269,0,0.0652959,1.49936,0.799336,0.102061,0.309927,0
57.957006803,3.91093,0.00422201,0.140462,0,2.28736,0,0.0808021,1.54072,0.561699,0.290506,0.324118,0
58.003446712,3.45042,0.00446087,0.137483,0.0192771,2.37635,0.471895,0.0261543,1.78645,0.286346,0.336853,0.199025,0.155305
58.049886621,3.31881,0.0264922,0.162933,0,2.30209,0.662746,0.0394521,1.53528,0.556621,0.38406,0.282831,0.229863
58.096326531,3.65608,0.124314,0.167654,0.00732912,2.07258,0.690377,0.0644602,1.44428,0.541704,0.320997,0.400388,0
58.142766440,3.93501,0.162646,0.162326,0.0101801,2.291,0.663382,0.00894535,1.6243,0.409739,0.198576,0.405633,0
58.189206349,4.09042,0.213978,0.150057,0.00966312,2.40142,0.588502,0.00762874,1.76479,0.229479,0.111923,0.348827,0
58.235646259,4.27136,0.0486488,0.150278,0.17003,2.16555,0.00939084,0.103987,1.51518,0.31094,0.012751,0.320704,0
58.282086168,3.77558,0.00293374,0.175637,0.218577,2.03863,0,0.24652,1.17499,0.48079,0.0051572,0.309709,0.015202
58.328526077,3.28141,0.0388017,0.226023,0,2.41988,0,0.206701,1.09543,0.507311,0.00628651,0.362969,0.0809763
58.374965986,3.3115,0.0431272,0.329257,0,2.73116,0,0.184584,1.25396,0.408434,0.0049285,0.338648,0.0689208
58.421405896,3.47593,0.0444698,0.409319,0,2.9258,0,0.155528,1.43642,0.337869,0.00346771,0.287789,0.0246968
58.467845805,3.52251,0.0159301,0.380255,0,2.97,0,0.193494,1.56907,0.304513,0.00173047,0.207102,0
58.514285714,3.52464,0.0524232,0.290819,0,2.72647,0,0.0948373,1.44961,0.336874,0,0.233639,0
58.560725624,3.49083,0.227092,0.167945,0.0150239,2.20595,0,0.0181716,1.23716,0.444246,0.068321,0.387781,0.000680291
58.607165533,3.05585,0.202176,0.077043,0.0252239,1.50675,0.781654,0.00786709,0.829638,0.489738,1.09793,0.440925,0
58.653605442,2.41679,0.0809191,0.0475761,0.0893035,1.2246,1.87967,0.0021738,0.736573,0.625724,2.08426,0.420609,0.00463406
58.700045351,2.02934,0.0656436,0,0.134156,0.901194,2.48973,0,0.935515,0.485462,2.37675,0.479816,0.0145027
58.746485261,1.94364,0.0944445,9.35003e-06,0.179439,0.816347,2.46808,0,1.1822,0.0517259,2.39679,0.776768,0.108418
58.792925170,1.86271,0.132593,0.00124141,0.133394,0.594837,2.36719,0,1.19047,0.21099,2.41398,0.818549,0.228614
58.839365079,1.92663,0.098373,0.251515,0.257316,0.320844,1.75867,0,0.819797,0.657629,1.96256,0.462197,0.177048
58.885804989,1.61514,0.0881611,0.172877,0.457997,0.408072,1.28583,0.0579084,1.17859,0.971659,0.983904,0.302162,0.176415
58.932244898,0.775272,0.173383,0.529318,0.211579,0.548895,1.14101,0.0577497,1.9227,0.700652,0.0145528,0.30167,0.560421
58.978684807,0.740288,0.130447,0.731948,0.190068,0.577237,1.16719,0.0407951,2.11719,0.399613,0,0.13273,0.661867
59.025124717,0.950975,0.0987806,0.714219,0.17602,0.49148,1.04094,0.0861263,2.2175,0.26,0,0.14297,0.608805
59.071564626,1.17217,0.11564,0.772722,0.125856,0.401977,1.08304,0.133054,2.09439,0.225433,0.0599803,0.210938,0.523453
59.118004535,0.856165,0.643964,0.73171,0.141074,0.426792,1.05685,0.00276922,2.4525,0.14747,0.0856783,0.193885,0.0239441
59.164444444,0.681797,0.707953,0.70157,0.0769445,0.236561,0.57012,0.047613,2.7855,0.187677,0.37635,0.109901,0.184526
59.210884354,0.711611,0.617442,1.00157,0,0.0226743,0.0312976,0.193482,2.85102,0.2278,0.229006,0.14408,0.320548
59.257324263,0.729797,0.708281,1.15622,0.0204247,0.0164638,0.0139501,0.290635,2.92295,0.107695,0.0136257,0.141415,0.34161
59.303764172,0.720175,1.02308,0.657283,0.055394,0.00140411,0,0.0952281,3.18195,0.11359,0.000941444,0.142079,0.18081
59.350204082,0.623772,1.32256,0.488068,0.0573151,0.00519958,0,0.197438,3.10465,0.141203,0,0.148296,0.274244
59.396643991,0.640727,1.52102,0.611426,0.0519126,0.0149256,0.0576295,0.157115,2.46116,0.0774739,1.05283,0.154326,0.238914
59.443083900,0.355488,0.305899,1.54105,0.105368,0.253315,0.233808,0.0946974,1.75116,0.291498,1.75498,0,0
59.489523810,0.000445833,0.268403,1.65776,0.0165291,0.587703,0.222386,0.0706482,1.4551,0.312544,1.98459,0.0050882,0.000125196
59.535963719,0.0984692,0.239091,1.73677,0,0.707226,0.210831,0.0075263,1.02954,0.285897,2.13788,0.00268091,0.097593
59.582403628,0.472573,0.204466,1.49817,0.0012248,0.891591,0.149082,0.0258216,0.660571,0.13055,2.50332,0.118123,0.114573
59.628843537,0.753225,0.154362,1.32739,0.00385288,1.05806,0.0147758,0.0272098,0.887102,0.0858256,2.92121,0.109353,0.0957649
59.675283447,1.07694,0.135331,1.42129,0.00568887,1.10273,0.0145034,0.0141484,1.24287,0.0308504,3.06079,0.073232,0.122315
59.721723356,1.22395,0.122646,1.40057,0.00358574,1.12757,0,0.0156906,1.51146,0.0259698,3.01349,0.0710273,0.186724
59.768163265,2.15241,0.0964131,0.866672,0.00773987,1.13582,0,0.00632206,0.898058,0.133286,3.33657,0.179678,0.202697
59.814603175,2.65006,0.0042388,0.307111,0.00527394,1.05996,0.077984,0,0.453168,0.192205,3.11699,0.112716,0.153533
59.861043084,2.69749,0,0.0750578,0.0193248,1.17371,0.0650957,0,0.504407,0.198889,2.69034,0.0498745,0.106317
59.907482993,2.72225,0,0.0362395,0.0170186,1.19776,0.00097147,0,0.608788,0.0848974,2.95885,0.108026,0.035673
59.953922902,2.55375,0.0138205,0.00159109,0.0116113,1.43236,0,0,0.883724,0.0185903,2.94891,0.125807,0
60.000362812,1.70935,0.310307,0.076738,0.0159328,1.64549,0.00566387,0,0.956585,0.0704199,2.39374,0.879366,0
60.046802721,0.60282,0.402577,0.0874019,0.0142738,1.3935,0.300958,0,0.779369,0.0835969,2.78676,1.28929,0
60.093242630,0.20036,0.334414,0.318723,0.00842341,1.43141,0.330265,0.00385968,0.413157,0.0840567,3.37632,1.03636,0
60.139682540,0.176626,0.316276,0.397521,0,1.6774,0.224091,0.00709929,0.365312,0.0889787,3.82786,0.636432,0
60.186122449,0.31651,0.291988,0.27166,0.00072147,1.98182,0.0866046,0.0310066,0.329578,0.0826012,4.09231,0.309155,0
60.232562358,0.573812,0.270056,0.0364556,0.00601866,2.21737,0.0173109,0.0159503,0.215038,0.064861,4.26537,0.145057,0
60.279002268,0.612338,0.12928,0.1653,0,2.36064,0.0216229,0.0230149,0.321146,0,4.4075,0.0291277,0
60.325442177,0.409764,0.0931028,0.280702,0.0790976,2.03575,0.524,0.0330339,0.642555,0,4.09629,0.600339,0
60.371882086,0.537478,0.0478052,0.423494,0.315571,1.3542,0.300488,0.0326853,0.604977,0.101181,3.47797,1.02907,0.0279805
60.418321995,0.605226,0.00710058,0.821946,0.330724,0.640105,0.093725,0.0300329,1.14174,0.33237,2.5365,1.21575,0.0746226
60.464761905,0.617727,0.117235,1.1449,0.19173,0.244776,0.00865108,0.0175063,2.35305,0.295655,1.04475,1.39559,0.0746469
60.511201814,0.742226,0.0516027,1.10902,0.0300557,0.0321767,0.0315078,0.016623,3.23996,0.124056,0.156559,1.48127,0.0288987
60.557641723,0.722775,0.00441131,0.961068,0,0.0175191,0.0602121,0.009269,3.74545,0.00495716,0.195428,1.61549,0
60.604081633,0.618161,0.0370773,0.998905,0.00656017,0.0180091,0.179387,0.00758867,3.78092,0.055601,0.0182823,1.52803,0.0434183
60.650521542,0.57375,0.00138281,1.44561,0.0120876,0.0124942,0.0926366,0.00639959,3.56751,0.0696183,0.0137554,1.58358,0.15702
60.696961451,0.723886,0.000257832,1.76857,0.013959,0.00897596,0.0408316,0.00604501,3.7486,0.0859127,0.0135016,1.56341,0.191299
60.743401361,0.825587,0.000240142,1.77333,0.0128216,0.0125941,0.0576784,0.00396024,3.98659,0.0719635,0.0113215,1.69557,0.261545
60.789841270,0.652316,0.0336166,1.60985,0.0128007,0.0195678,0.0377354,0.00139444,4.04441,0.037355,0.0101951,2.03646,0.350001
60.836281179,0.175451,0.00654117,1.21766,0.0133845,0.0251057,0.0456513,0.0410128,3.99542,0.0320204,0.00867153,2.25019,0.416575
60.882721088,0.028707,0.257723,1.04855,0.0124275,0.521018,0.0902706,0.463885,3.24757,0.0556995,0.00626499,2.35245,0.454921
60.929160998,0.245442,0.0807607,1.72138,0.042113,0.43375,0.668546,0.333957,2.29792,0.0155237,0.310789,2.24686,0.28189
60.975600907,0.399374,0.0860722,1.98286,0.0985962,0.245791,0.862225,0.265366,1.96822,0.0153353,0.347446,2.43361,0.199267
61.022040816,0.357372,0.0352059,2.35305,0.0699035,0.18068,0.982701,0.453544,1.3947,0.00682012,0.0408612,2.42714,0.11739
61.068480726,0.452823,0.014868,2.40884,0.00974963,0.0670848,1.39131,0.410525,1.30912,0,0.0212396,2.27607,0.090202
61.114920635,0.466104,0.172964,2.47103,0,0.0295907,2.07594,0.306292,0.971209,0.0416289,0.0670557,2.15188,0.118378
61.161360544,1.13746,0.233455,2.08407,0.0382017,0.0102046,2.53133,0.167412,0.679795,0.0695979,0.23449,1.77549,0.166714
61.207800454,1.974,0.112401,1.14924,0.0455712,0,3.25264,0.00787419,0.261122,0.0879556,0.485686,1.318,0.149726
61.254240363,2.24306,0.00358131,0.63681,0.0450869,0,3.45848,0.000412293,0.162253,0.0916421,0.77509,0.563425,0.221581
61.300680272,1.91989,0.00303554,0.505016,0.0355194,0.036572,3.2048,0.276728,0.0246499,0.621977,0.864423,0.417499,0.343701
61.347120181,1.13366,0.0105911,0.935216,0.00991023,0.0140528,3.48187,0,0.0131238,1.22229,0.857982,0.240263,0.776912
61.393560091,0.873003,0.00876478,1.07455,0,0,3.55727,0,0.00404811,1.3207,1.05558,0.260054,0.9624
61.440000000,1.0484,0.0070768,1.32427,0.0024356,0,3.27733,0,0.000241123,1.04031,0.994181,0.228999,0.899564
61.486439909,0.700652,0,1.69834,0.00602008,0,2.5611,0.270345,0.775386,0.277859,0.925685,0.328985,0.541152
61.532879819,0.669087,0,1.62686,0.00223775,0.0119309,1.28202,0.0622229,1.95264,0.181643,0.731411,0.715178,0.591735
61.579319728,0.633334,0,1.82699,0.00624708,0.0157064,0.796293,0,2.32714,0.426688,0.320801,0.785333,0.541299
61.625759637,0.941018,0.00116992,1.79895,0.0108559,0,0.746377,0,2.64204,0.555015,0.0187684,0.740509,0.487573
61.672199546,1.29433,0.00202985,1.62368,0.0100278,0,0.863574,0,2.85013,0.575452,0.0225541,0.743292,0.444512
61.718639456,1.56807,0.00190077,1.43421,0.0111804,0.0665777,1.08437,0.0845538,2.71614,0.384401,0.0108449,1.1331,0.478413
61.765079365,0.757696,0,1.225,0.0148045,0.196575,1.16555,1.38497,1.01253,0.0041325,0.242312,2.4722,0.364022
61.811519274,0.325272,0.00175912,0.571433,0.000990002,0.158116,1.03761,1.49163,0.0282078,0.0387688,0.772416,2.58945,0.221242
61.857959184,0.0409837,0.00917489,0.39261,0,0.289396,1.22052,1.14347,0.0437295,0.0653075,1.64254,2.19031,0.259984
61.904399093,0.111716,0.0337935,0.25241,0,0.545937,1.29414,0.748437,0.0442131,0.0124527,2.43852,1.59805,0.338671
61.950839002,0.215189,0.0340098,0.187963,0,0.93231,1.66146,0.405166,0.0384805,0,3.118,0.687793,0.131888
61.997278912,0.538152,0.0253336,0.293987,0.00381948,1.00071,2.15337,0.164288,0.0250269,0,3.16551,0.307683,0.20626
62.043718821,0.695566,0.0574765,0.12129,0.00543011,0.906122,2.15051,0.0461395,0,0,2.57983,0.42128,0.210083
62.090158730,0.732592,0.0552211,0.54071,0.141634,0.875524,1.70911,0.0654601,0,0,1.47535,0.51302,0.223335
62.136598639,0.231214,0.0339267,1.2977,0.0874449,0.588904,1.70056,0.0845826,0,0.350282,0.696297,1.30221,0.20843
62.183038549,0,0.125884,1.54174,0.213874,0.33715,1.72651,0.0929809,0.156147,0.286296,0.323439,1.96918,0.134211
62.229478458,0.000150421,0.151873,1.40428,0.251203,0.0783289,2.01757,0.152158,0.358189,0.132895,0.155837,2.16335,0.131369
62.275918367,0.982123,0.167128,1.31309,0.160971,0.00345027,2.07244,0.185329,0.464411,0.156046,0.25383,1.93637,0.146277
62.322358277,1.50211,0.0992157,1.20354,0.0710168,0.00473633,2.41513,0.323142,0.267555,0.00828974,0.813864,1.60991,0.104004
62.368798186,1.56818,0.0383175,0.999521,0.164213,0.0208486,3.06697,0.257627,0,0,1.01785,1.37809,0.0979679
62.415238095,1.55414,0.0201655,0.656497,0.128916,0.0218378,3.32351,0.101059,0,0,0.890565,1.67834,0.106117
62.461678005,1.72916,0.00807252,0.590348,0.0200082,0.009018,3.48386,0.0818341,0,0,0.558514,1.65363,0.0983597
62.508117914,1.82047,0.00263743,0.611187,0.0370799,0.0179115,3.62703,0.0845567,0,0,0.606279,1.37825,0.0720048
62.554557823,1.82117,0.00113104,0.713619,0.128251,0.0261696,3.4085,0.0877398,0,0.00195168,0.766299,1.35942,0.118237
62.600997732,1.62168,0.00138044,0.922096,0.00244825,0.0234671,3.02377,0.0867274,0,0.00615955,0.846603,1.9198,0.18769
62.647437642,0.885602,0.0653515,1.82058,0.00841486,0.0246081,2.45524,0.0664371,1.6968,0.00502926,0.381194,2.10852,0.346429
62.693877551,0.911608,0.093662,1.96135,0.0160372,0.0123376,1.72956,0.108031,2.96284,0.0441275,0.0795085,1.50116,0.323859
62.740317460,0.859917,0,1.80659,0.0140507,0.0072478,1.3715,0.0224755,3.479,0.015565,0.1436,0.936972,0.358104
62.786757370,0.88891,0.00674036,1.58259,0.0386819,0.00631927,1.16954,0.0210231,3.65572,0,0.0847825,0.921891,0.401111
62.833197279,0.804241,0.0277597,1.31862,0.0613624,0.00271416,1.55893,0.0295892,3.50293,0.0035003,0.116351,1.19607,0.396088
62.879637188,0.686994,0.146536,1.03657,0.0309114,0.142566,1.51141,0.0807921,2.14182,0.481408,1.4026,1.00933,0.186126
62.926077098,0.404337,0.18172,0.632212,0.0121663,0.749294,1.4137,0.427716,0.16262,1.0316,2.30223,0.588189,0.104027
62.972517007,0.275027,0.132789,0.526789,0.0135305,0.819458,1.68062,0.178335,0.0133025,1.08699,2.55492,0.655011,0.116306
63.018956916,0.444171,0.0726789,0.299399,0.0486277,0.785949,2.00347,0.0327986,0.00671627,0.940397,2.71442,1.0986,0.116371
63.065396825,0.710863,0.00552489,0.314152,0.0519173,0.760636,2.11455,0.0132682,0.000665038,0.581978,2.69226,1.45776,0.104413
63.111836735,0.939138,0.00140114,0.491339,0.0456711,0.762139,2.1058,0.00117674,0.000914213,0.0143602,2.58303,1.52311,0.0915505
63.158276644,0.945359,0,0.656336,0.0357954,0.650589,2.10519,0,0.351504,0.0891992,2.35081,1.37749,0.10653
63.204716553,0.871246,0,0.71578,0.0123036,0.471506,1.79385,0,1.59074,0.251295,1.86873,1.01831,0.124786
63.251156463,0.743159,0.0142184,1.01191,0.0594115,0.145419,1.15569,0,2.7584,0.252037,0.693614,0.877121,0.101844
63.297596372,0.990859,0.0404971,1.28417,0.0115777,0.13631,0.651207,0.00414114,3.59843,0.0661754,0.00694354,1.28718,0.13618
63.344036281,1.57891,0.0520803,1.55951,0,0.0254638,0.570504,0.0017471,3.50462,0.42543,0.0190031,1.06544,0.210976
63.390476190,1.35316,0.0450845,1.55326,0,0.0409672,0.764207,0,3.25362,0.586621,0.50293,0.882792,0.209796
63.436916100,1.24995,0.0396652,1.65,0.00661959,0.131426,1.01763,0,2.8046,0.391635,0.734834,0.784128,0.0760523
63.483356009,1.40795,0.162873,1.57442,0.0113141,0.235873,1.11388,0,2.53275,0.00688334,0.836622,0.687203,0
63.529795918,1.63141,0.15689,1.44785,0.00652139,0.182795,1.15715,0,2.34835,0.00532514,0.816059,0.740129,0
63.576235828,1.71597,0.00645182,1.75477,0,0.0134184,0.743445,0.24543,2.42636,0.00591333,0.63475,0.785559,0
63.622675737,1.49089,0.00738137,1.78469,0.00253695,0.00827391,0.915236,0.147418,2.75552,0.00603773,0.533858,0.731966,0
63.669115646,1.43717,0.0139123,1.74595,9.23481e-05,0,1.17376,0.0552661,2.8589,0.00404638,0.475519,0.79852,0.0184496
63.715555556,1.47227,0.0105859,1.56498,0.00403506,0,1.30877,0.0648689,2.93559,0.00115348,0.542453,0.638544,0.025924
63.761995465,1.5867,0.000723965,1.26356,0.024428,0,1.72565,0.399806,2.49767,0,0.807553,0.486156,0.0845169
63.808435374,1.99952,0.041945,0.73792,0.0133281,0.00236839,2.41943,0.85744,1.4344,0,1.22934,0.108397,0.0979301
63.854875283,1.94243,0.0333602,0.342586,0.00173864,0.0230627,3.41291,0.897424,0.604621,0,1.79703,0.000335436,0
63.901315193,1.8525,0.0142886,0.296201,0.00158897,0.0198456,3.95194,0.41749,0.216092,0.0179282,2.19482,0.000906066,0.0796011
63.947755102,2.22839,0.00467434,0.364032,0.00240315,0.00581942,3.94247,0.0234722,0.191817,0.0478723,2.05462,0.000436668,0.12612
63.994195011,2.4014,0,0.306019,0.00828047,0,3.70562,0.0438948,0.102394,0.261556,1.84104,0.000202347,0.147021
64.040634921,2.16912,0,0.231873,0.00726135,0,3.68604,0.0508198,0.0737259,0.41119,1.74455,0,0.12933
64.087074830,1.66772,0,0.146815,0.0899173,0.00295813,3.50741,0.0185343,0.195738,0.44103,1.81671,0.09726,0.140465
64.133514739,1.78081,0.0335153,0.0503933,0.168755,0.0197909,3.09875,0.0414346,0.212094,0.42506,1.80024,0.240788,0.147351
64.179954649,2.13712,0.0620687,0,0.172602,0.021906,3.13389,0.027971,0.277786,0.359513,1.53402,0.32956,0.128548
64.226394558,2.25498,0.0490115,0.00937065,0.149908,0.0226358,3.26556,0.0452156,0.485766,0.144658,1.23385,0.257565,0.0998813
64.272834467,2.37298,0.0218965,0.254449,0.0973284,0.0767724,2.9735,0.33035,0.462203,0.176015,0.804538,0.0410697,0.0865327
64.319274376,2.31138,0.0821848,1.03842,0,0.149949,2.31022,0.472294,0.784259,0.19001,0.54477,0.0167359,0.121401
64.365714286,2.51362,0.0897314,1.67349,0.0193505,0.194728,0.835016,0.38555,2.03544,0.17865,0.171044,0.183338,0.160718
64.412154195,2.35307,0.125178,1.92558,0.146563,0.0333616,0.522243,0.0993282,2.38696,0.107639,0.210958,0.393195,0.115516
64.458594104,1.88579,0.122862,1.93583,0.0876065,0.00439438,0.69118,0.0640424,2.43665,0.157069,0.446292,0.357877,0.121419
64.505034014,1.7792,0.122172,1.68525,0.181263,0.0116086,1.01323,0.0341063,2.26261,0.090286,0.572216,0.342941,0.0394243
64.551473923,1.83177,0.126094,1.49094,0.225205,0.0135959,0.905921,0.0369889,2.45399,0.0350942,0.476889,0.172584,0.0340015
64.597913832,2.04974,0.298777,1.56528,0.000628126,0.0172421,0.505302,0.0505918,2.84253,0.0722144,0.366587,0.0644297,0.0171181
64.644353741,2.15767,0.188846,1.68983,0.00887796,0.00543103,0.356071,0.0672572,2.96095,0.0864132,0.226963,0,0.017255
64.690793651,2.30274,0.0973718,1.73763,0.172877,0.00011023,0.242232,0.0851364,3.14963,0.0500041,0.1143,0,0.0131532
64.737233560,2.55553,0.0945958,1.53642,0.197526,0,0.2465,0.0891868,2.72472,0.0841355,0,0.06058,0.034975
64.783673469,2.76624,0.115044,1.51937,0.0464702,0.000561886,0.387837,0.0671546,2.23993,0.0566953,0.0113914,0.0243149,0.169024
64.830113379,2.84651,0.126824,1.41015,0,0,0.535626,0.0531392,2.15131,0.00731582,0.0267539,0.0622191,0.190525
64.876553288,2.52267,0.801308,1.09612,0.185384,0.513193,0.523887,0.0495503,2.40869,0.060194,0.502799,0.125989,0.224593
64.922993197,1.8682,1.17816,0.107467,0.337008,1.87935,0.122303,0.0301379,1.94012,0.724166,1.63125,0.0137893,0.310789
64.969433107,1.22395,1.17929,0.00229529,0.305424,2.19651,0.00531774,0.0144641,1.17589,0.759963,2.41727,0.0402536,0.313299
65.015873016,0.611572,1.36161,0.0779276,0.159782,2.23085,0.00272699,0.0136599,0.828326,0.290937,2.98607,0.087298,0.293434
65.062312925,0.395584,1.48027,0,0.0643715,2.23101,0.0183298,0.0111151,0.6617,0.0235226,3.71481,0.123293,0.185251
65.108752834,0.349851,1.4275,0,0.045752,2.1472,0.2205,0.00725621,0.42727,0.026382,4.01282,0.0966693,0.148228
65.155192744,0.450109,1.11484,0.0010083,0.0588776,1.92082,0.455553,0.00271181,0.111228,0.0285636,3.97829,0.0767927,0.278913
65.201632653,0.666384,0.71407,0.0290092,0.0891882,2.0575,0.647892,0,0.0561019,0.0270448,4.12821,0.146332,0.214759
65.248072562,0.727882,0.373886,0.0151911,0.0470699,2.01835,1.11053,0.0185321,0.0769038,0.0202991,4.2703,0.161741,0.131746
65.294512472,0.901996,0.25797,0.00251126,0.041793,1.75245,1.42021,0.0358786,0.0824881,0.0155861,4.24001,0.185197,0.0910253
65.340952381,1.04865,0.204302,0.0520424,0.038431,1.50797,1.62579,0.0382011,0.0693256,0.0123283,4.049,0.216862,0.117605
65.387392290,1.18369,0.227824,0.0765897,0.0432317,1.30334,1.72008,0.0267814,0.0591225,0.00986001,3.79976,0.232863,0.20236
65.433832200,1.40816,0.0438216,0.0558972,0.0440337,1.29795,1.74612,0.0212195,0.058833,0.00063376,3.76855,0.285536,0.0744037
65.480272109,1.89587,0,0.0235372,0.0477121,1.40396,1.4197,0.0749412,0.120745,0,2.88877,0.350142,0.0070678
65.526712018,2.35445,0.0111089,0.0301613,0.0145762,1.37722,0.950976,0.0929544,0.391348,0.0783112,1.92862,0.378936,0.0684716
65.573151927,2.76677,0.00886507,0.0147054,0.0170472,1.38004,0.854609,0.0911311,0.640918,0.20834,1.06781,0.432513,0.106973
65.619591837,3.29007,7.35136e-05,0.0121856,0.0206535,1.39273,0.904906,0.0779457,0.788797,0.117757,0.540461,0.439043,0.138521
65.666031746,3.70585,0,0.00452033,0.0212537,1.49362,0.961982,0.0820491,1.06084,0.000691575,0.581809,0.288396,0.169605
65.712471655,3.81841,0,0,0.14214,1.53614,0.848311,0.131207,1.47594,0,0.803718,0.128629,0.144291
65.758911565,3.40396,0.0308526,0.0124402,0,1.02459,0.909855,0.0172534,1.87294,0,0.786283,0.27594,0.000315234
65.805351474,3.20144,0.0885603,0.0703072,4.90433e-05,0.0747508,0.856173,0.194495,2.30046,0,0.270373,0.126873,0.13062
65.851791383,3.23077,0.152436,0.230278,0.000824802,0.0389175,0.618083,0.413351,2.40515,0,0.186714,0.0240882,0.215458
65.898231293,2.61761,0.502095,0.486928,0.0403956,0.0201772,0.651933,0.486123,2.33811,0.0458239,0.119844,0,0.163978
65.944671202,1.79754,0.599425,0.498543,0.103249,0.413081,0.71012,0.697609,2.16983,0.0689363,0.0432687,0,0.0610822
65.991111111,1.12044,0.660228,0.519691,0.0922165,0.558728,0.667342,0.350715,1.84586,0.0811649,0.0343041,0,0
66.037551020,1.28288,0.382546,0.54571,0.200238,1.1169,0.561131,0.060207,1.25397,0.135498,0.256993,0,0.0681937
66.083990930,1.34615,0.246311,0.609668,0.202484,1.1924,0.460263,0.024934,0.228278,0.290412,1.24036,0.000289803,0.262731
66.130430839,1.22008,0.416316,0.314418,0.120704,1.12186,0.216168,0.0400999,0.197312,0.14307,2.19412,0.0867195,0.215447
66.176870748,0.9704,0.622383,0.015701,0.107064,1.11469,0.155937,0.0418559,0.583893,0.286774,2.37423,0.221313,0.293609
66.223310658,1.09729,0.555413,0.0877097,0.0531017,1.30971,0.206453,0.0419744,1.05535,0.456682,2.15576,0.250629,0.32742
66.269750567,1.10192,0.191477,0.411031,0.0392881,1.38875,0.11149,0.130297,2.20097,0.117077,1.33038,0.283306,0.269385
66.316190476,1.06212,0.0440311,0.852926,0.0110726,1.18111,0.0421486,0.0202737,2.82466,0.104039,1.00409,0.145149,0.177051
66.362630385,0.9719,0.00247229,1.29498,0.0404229,0.805753,0.0419746,0.000244864,3.16541,0.079256,1.15497,0.0557204,0.171399
66.409070295,1.1583,0.00246648,1.47005,0.0808651,0.475958,0.126697,0,3.09253,0.065368,1.36046,0.0648857,0.170176
66.455510204,1.17434,0.00235864,1.15816,0.104927,0.632564,0.190797,0.023936,2.72124,0.208719,1.47182,0.0525691,0.173704
66.501950113,0.924791,0.00251917,0.765552,0.11414,1.03462,0.26831,0.00368132,2.69142,0.247412,1.4016,0.104802,0.152416
66.548390023,1.03179,0.00256856,0.577803,0.164065,1.01318,0.122283,0.00708382,2.74936,0.184941,1.50874,0.172858,0.0394128
66.594829932,1.60823,0.0261392,0.641761,0.0338358,0.890369,0.144528,0.0533609,2.37654,0.154257,1.61867,0.0641616,0.044907
66.641269841,1.33091,0.0900393,0.815036,0.0391242,0.589855,0.107727,0.21623,2.00319,0.144572,1.93751,0.0754276,0.035083
66.687709751,0.791171,0.160726,1.47209,0.0560952,0.0983732,0.169194,0.196691,1.31592,0.215504,2.92989,2.86435e-05,0.00658753
66.734149660,0.696761,0.215929,1.46427,0.0445714,0.530655,0.00861346,0.0933313,1.00914,0.0189883,3.22823,0,0
66.780589569,0.598259,0.254693,1.21006,0.0181363,0.677829,0.0110187,0.0215588,1.06168,0,3.14471,0.0687539,0
66.827029478,0.631893,0.282091,1.17752,0,0.618221,0.040147,0.0159122,0.99164,0.0223413,2.81119,0.0502927,0.0627927
66.873469388,0.851204,0.308507,1.29122,0,0.215461,0.0798852,0.0164639,1.29281,0.0359039,2.16824,0.107911,0.110259
66.919909297,1.02111,0.24434,1.74736,0.0148976,0,0.0948396,0.0682308,1.53804,0.00422617,1.87951,0.108099,0.138499
66.966349206,1.41303,0.142423,1.38748,0.069343,0.0108584,0.0879035,0.187342,2.18355,0.10751,1.56078,0.101749,0.180207
67.012789116,1.25353,0.0411968,1.54914,0.175437,0.100779,0.0832174,0.177993,2.69743,0.0585815,0.284037,0.11592,0.741847
67.059229025,1.09598,0.00399896,1.63629,0.283304,0.038764,0.028257,0.102393,3.20248,0.0125415,0.0353225,0.105017,0.919883
67.105668934,1.29021,0,1.70791,0.277551,0.031495,0.00966215,0.0285108,3.39697,0.000164591,0.0154505,0.00565044,0.973977
67.152108844,1.2805,0.0386011,1.79194,0.267127,0.0148013,0.00440751,0.0230143,3.67189,0.00345087,0.00695136,0,0.859489
67.198548753,0.607425,0.0460859,1.51906,0.216486,0.0143354,0.883767,0.178922,3.74374,0.0219862,0.05108,0.0111463,0.735022
67.244988662,0.223451,0.00904573,1.70085,0.0370994,0.0300634,1.46375,0.387288,3.06207,0.0748055,0.646307,0.106169,0.576827
67.291428571,0.570316,0.0321415,1.54263,0.0564584,0.039616,1.76994,0.15729,2.21298,0.140269,1.05313,0.499816,0.402537
67.337868481,1.08823,0.0252767,1.22983,0.0296761,0.0252222,2.07243,0.242044,2.0744,0.096246,1.05055,0.517853,0.165881
67.384308390,1.35792,0.0320785,0.740306,0.0194954,0.0208068,2.41925,0.0908937,2.13834,0.0379144,0.855801,0.171492,0.0867395
67.430748299,1.46005,0.0404702,0.730534,0.0189391,0.0210203,2.4943,0.0869691,2.00935,0.0626344,0.721601,0.0462835,0.0977882
67.477188209,1.47719,0.0469649,0.696353,0.0170804,0.0293964,2.78959,0.0915043,1.49613,0.0923122,0.802475,0.000685984,0.393557
67.523628118,1.82588,0.0439569,0.72103,0.00911651,0.0465318,3.42415,0.0926391,0.717914,0.132932,0.895031,8.96699e-05,0.184607
67.570068027,2.21744,0.0434929,0.494695,0,0.0263796,3.98863,0.0171234,0.21857,0.129984,0.968898,0.111018,0.0734769
67.616507937,2.28278,0.0390544,0.209123,0.000949201,0.0194399,4.24483,0.00945662,0.0893418,0.142215,0.927015,0,0.0391976
67.662947846,2.2715,0.0359831,0.0899638,0.00559372,0.0125532,4.24594,0.00413995,0.0438357,0.0952674,0.717272,0.0128487,0.0580414
67.709387755,2.16995,0.120413,0.0412655,0,0.0297879,3.5245,0.0964774,0.0481887,0.0881855,0.760542,0.193908,0.121547
67.755827664,1.92701,0.106078,0.0309083,0,0.495274,2.34494,0.0432173,0.0644182,0.235439,0.841254,0.107985,0.336549
67.802267574,1.82358,0.0633207,0.252071,0,1.02867,1.33957,0.119576,0.176468,0.377135,0.708829,0.101273,0.516129
67.848707483,1.62743,0.0480256,0.983755,0.339373,0.809443,1.04282,0.512094,0.354299,0.36699,1.17602,0.420553,0.686629
67.895147392,1.37918,0.0490267,2.13141,0.570142,0.015822,1.31545,0.829968,0.287484,0.197442,1.69228,0.54812,0.439788
67.941587302,0.888953,0.0494878,3.21086,0.431203,0.043116,1.73531,0.818051,0.11563,0.0617234,1.9035,0.271775,0.0605283
67.988027211,0.577838,0.0342273,3.81413,0.203213,0.0553843,1.77241,0.743462,0,0.400747,2.156,0.0188525,0
68.034467120,0.522491,0.000356282,3.86481,0.0101111,0.0801444,1.64409,0.446197,0.177551,0.402827,2.35119,0.0707481,0.00527142
68.080907029,0.302827,0.00247071,3.71996,0,0.0595326,1.39505,0.272016,0.703297,0.146172,2.14651,0.19397,0
68.127346939,0.172603,0.0738134,3.66028,0.0056546,0.0312568,1.22211,0.464007,1.08998,0.0651775,1.95914,0.321476,0
68.173786848,0.14203,0.0319995,3.70284,0,0.0135968,1.22953,0.715015,1.11429,0.0745835,1.85342,0.268893,0
68.220226757,0.396168,0.000354702,3.35674,0.0014108,0.00851453,1.16922,0.71453,1.25834,0.0777204,1.89298,0.0406949,0
68.266666667,0.74827,0.000221343,2.07986,0.263191,0.0106743,0.739655,0.536582,1.60316,0.0648509,2.00078,0.115937,0
68.313106576,0.602238,0.0486418,1.39779,0.617984,0,0.568264,0.444588,1.75323,0.0616826,1.35121,0.12014,0.253045
68.359546485,1.04948,0.0809462,1.50286,0.695162,0.0310425,0.22791,0.394929,1.63707,0.280815,1.12695,0.129929,0.435797
68.405986395,2.4994,0.0525738,1.59633,0.338994,0.0578287,0.155678,0.19843,2.04807,0.309288,1.23371,0.140919,0.230457
68.452426304,3.11561,0.0185256,1.16799,0.00175266,0.0945905,0.114834,0,2.62336,0.13332,1.14314,0.136611,0.00184656
68.498866213,3.19464,0.00256992,1.08397,0,0.0902847,0.0579009,0.00158947,2.77178,0.0233558,0.762785,0.13316,0.00476799
68.545306122,3.27452,0.000453741,0.996104,0,0.101375,0.0322569,0.00239164,2.81077,0.0490697,0.547917,0.120485,0.0126412
68.591746032,3.39449,0.000376263,0.967693,0.0509992,0.0894347,0,0.0183041,2.52822,0.0181833,0.848831,0.045504,0.00399648
68.638185941,2.42196,0.000183162,1.37451,0.167748,0.401032,0.352661,0.0167694,1.29098,0.0706283,2.40991,0,0.0085993
68.684625850,0.845984,0.298894,1.54614,0.127936,0.979464,0.365245,0.0211402,0.889002,0.0515099,2.79759,0,0.0746252
68.731065760,0.548995,0.319071,1.41981,0.0464958,1.30705,0.156965,0.0260041,0.861743,0.0274426,3.01869,0,0.129729
68.777505669,0.535015,0.328176,1.18607,0,1.29169,0.0314161,0.0276309,0.769523,0.00257439,3.56259,0,0.146166
68.823945578,0.534294,0.322826,0.876395,0.00284773,1.17423,0.010422,0.0125433,0.473141,0.045988,3.96237,0.0586966,0.0732318
68.870385488,0.936069,0.308656,0.447076,0.116414,1.61235,0.0189581,0.0634741,0.299219,0.0106283,3.84573,0.0779878,0
68.916825397,2.10638,0.216515,0.0744235,0.129467,2.21606,0.0102205,0.119809,0.220351,0.00100343,3.29523,0.0448962,0
68.963265306,2.85028,0.0439194,0.00186662,0.00802576,1.87613,0,0.194957,0.0694141,0.00308065,3.17081,0.0609386,0
69.009705215,3.17533,0.00284573,0.00238798,0.0102486,1.49936,0.00230101,0,0.153688,0.0334951,3.41278,0.0459038,0
69.056145125,3.09631,0.000196723,0.00170843,0.0258722,1.39766,0,0,0.362001,0.0946014,3.37542,0.000326231,0.136824
69.102585034,3.11949,0,0.0010944,0.0285635,1.31945,0,0,0.428532,0.0915834,3.33358,0.00050657,0.163368
69.149024943,3.07495,0,0.0253241,0.0297766,1.21211,0,0,0.298587,0.0784931,3.45148,0.0250559,0.193619
69.195464853,2.46689,0.07835,0.00817866,0.0254591,1.38588,0.00985554,0,0.178301,0.0142687,3.6753,0.214238,0.0532139
69.241904762,0.408403,0.133466,0.045841,0.0140164,1.83089,0,0,0.135076,0.0387087,3.60544,1.13124,0
69.288344671,0.0951769,0.0408399,0.283557,0.00271498,2.06059,0,0,0.0315439,0.0182079,3.66045,1.31738,0
69.334784580,0.131922,0.0440453,0.323766,0.0160638,2.14664,0.00114534,0.0092085,0.022366,0,3.88128,1.06884,0.00334205
69.381224490,0.0706259,0.0551336,0.305043,0.00741801,2.11579,0.00133297,0.00850049,0.0168981,0,4.0753,0.546219,0.0250376
69.427664399,0.000827207,0.0542021,0.224727,0.0108033,1.90843,0.0491625,0.0216652,0.0138301,0,3.95756,0.0756274,0.126079
69.474104308,0.112566,0.0905953,0.123623,0.0103582,1.92056,0.143251,0.0217938,0.00949784,0,3.58035,0.396705,0.0551413
69.520544218,0.122744,0.116114,0.441539,0.0546143,1.45703,0.867713,0.077193,0.0172874,0.0144768,3.34285,0.856593,0.0222848
69.566984127,0,0.0635082,0.832891,0.0787549,1.32997,0.869955,0.0478731,0.269849,0.215296,3.0815,1.17515,0.0273108
69.613424036,0.0277573,0,1.00152,0.0119025,0.967895,0.486485,0.00662594,0.950207,0.608905,2.08913,1.77391,0.0620993
69.659863946,0.0647128,0,1.056,0.0149375,0.343103,0.262226,0.00163034,2.38486,0.784364,0.952989,2.05761,0.150997
69.706303855,0.130199,0.0221479,1.34509,0.0214543,0.0384954,0.192891,0.00591218,3.4325,0.0247829,0.0120355,2.23841,0.089483
69.752743764,0.243987,0.0389703,1.40851,0.00912066,0.0292998,0,0.0242566,3.74909,0.000254026,0.0199435,2.03749,0.0456421
69.799183673,0.280979,0.176349,1.65632,0.0151735,0.0161781,0.0115478,0.0215317,3.6934,0.00297386,0.0465804,1.838,0.112304
69.845623583,0.238432,0.199643,1.79792,0.00967146,0.0186065,0.0248246,0.0104011,3.89476,0.00862665,0.0197257,1.96363,0.161896
69.892063492,0.227642,0.220008,1.8795,0.000621522,0.0298092,0.0235714,0,4.01555,0.00867062,0.00362788,2.37287,0.186357
69.938503401,0.136044,0.192021,1.91968,0,0.0197195,0.13409,0,3.89815,0.00704646,0.00423298,2.84375,0.195547
69.984943311,0.0257283,0.00195154,1.95378,0.0148626,0.00966082,0.37615,0.0229409,3.52764,0,0.00364499,2.88239,0.29262
70.031383220,0.0404526,0,1.86173,0.0105463,0.0175378,0.497082,0.0362924,3.22918,0,0.00465992,2.59971,0.316126
70.077823129,0.522033,0,2.39341,0.026691,0.0262924,0.243918,0.0826211,2.2329,0.00144938,0.387977,2.27914,0.317165
70.124263039,0.56117,0,2.56077,0.161966,0.10249,0.829479,0.0349663,1.56228,0.0551045,0.543892,2.02229,0.161972
70.170702948,0.414959,0,2.92674,0.157278,0.139045,1.22377,0.106848,1.6815,0.0687147,0.379297,1.95057,0.0319918
70.217142857,0.377286,0.000120444,3.00834,0.0613469,0.13757,1.55963,0.222156,1.59583,0.0780188,0.349356,1.87798,0.110565
70.263582766,0.390928,0.249077,2.9242,0.0557918,0.0991623,2.08117,0.147408,1.4555,0.00442193,0.317502,2.01481,0.170812
70.310022676,0.622457,0.287835,2.53113,0.0350125,0.0667881,2.39211,0.0767164,1.33655,0,0.240114,2.28493,0.164442
70.356462585,0.687681,0.156185,2.00376,0.0743058,0.0562464,2.63244,0.0418649,1.0595,0.153097,0.599934,2.09856,0.124205
70.402902494,0.638113,0.00317714,1.85476,0.112527,0.227581,3.13481,0,0.693684,0.665085,0.622714,0.916598,0.288301
70.449342404,0.753059,0.0329715,1.39101,0.144796,0.139923,3.52292,0,0.240662,1.03516,0.532422,0.322093,0.102395
70.495782313,1.4826,0.0184951,1.18295,0.0825672,0,3.46572,0,0,1.28741,0.576953,0.381877,0.110044
70.542222222,1.81254,0.00200697,1.32112,0.0626777,0,3.16506,0,0.000374302,1.3882,0.546156,0.576931,0.0963888
70.588662132,1.61799,0.000423776,1.47098,0.0994091,0,3.05425,0.0649385,0,1.2758,0.671343,0.783156,0.112827
70.635102041,1.37913,0,1.56275,0.033293,0,3.04044,0.291353,0,0.949565,0.633775,1.13012,0.199639
70.681541950,1.57016,0,1.52722,0.0542941,0,2.58306,0.400041,0,0.694774,0.307011,1.27063,0.349796
70.727981859,1.59921,0,1.04609,0.764174,0,2.04803,0.472134,0.539999,1.07261,0.0796556,1.33756,0.332279
70.774421769,1.22663,0,1.22263,1.00646,0.00405553,1.66847,0.452574,0.762872,1.16822,0,1.35186,0.244811
70.820861678,1.1639,0,1.2521,0.712609,0,2.07426,0,0.748538,1.23825,0.00506802,1.34571,0.182018
70.867301587,1.13914,0,1.29706,0.220912,0,2.9693,0,0.443148,1.41818,0,1.23024,0.185645
70.913741497,1.02683,0,1.138,0.127197,0,2.92287,0.00251637,0,0.517425,0.677036,1.66396,0.189531
70.960181406,0.294315,0,1.0039,0.0731466,0.016967,2.51398,0.13703,0.0380121,0.763854,0.610615,1.60545,0.289661
71.006621315,2.61809e-05,0,0.846064,0,0.0754361,2.16124,0.185319,0.0968522,0.822672,0.652546,1.52424,0.390461
71.053061224,0.133101,0.0197662,0.847162,0,0.134928,1.90468,0.15267,0.074746,0.571197,1.22278,1.46663,0.502562
71.099501134,0.214329,0.0348439,0.97116,0,0.279607,1.39704,0.158465,0.082092,0.262831,2.16947,1.56793,0.359452
71.145941043,0.479249,0.0202536,1.11133,0.0117713,0.558757,1.12311,0.338108,0.0231204,0,2.928,1.34872,0.287806
71.192380952,0.513495,0,1.45765,0.0189115,0.668344,1.49373,0.210156,0.0116558,0,3.03295,1.0453,0.195904
71.238820862,0.465675,0,1.37606,0.0217761,0.632875,1.97883,0.20887,0.00265999,0,2.82619,1.03167,0.159846
71.285260771,0.537516,0,1.16448,0.0201506,0.628788,2.27943,0.314303,0,0,2.41439,1.24643,0.248116
71.331700680,0.69399,0.00243176,1.08563,0.0394578,0.550709,1.8132,0.529887,0,0.166109,1.91116,1.46466,0.194304
71.378140590,0.998053,0.0123388,1.12979,0.149349,0.558978,1.05563,0.591734,0.148415,0.443218,1.4659,1.59422,0.0803861
71.424580499,1.58001,0.0435014,1.03409,0.152047,0.407612,0.876953,0.394846,0.266375,0.499641,0.961843,1.83947,0.0271208
71.471020408,1.41566,0.0794938,1.07044,0.102606,0.0442503,2.27278,0.399816,0.279623,0.232929,0.965164,2.01688,0.0461674
71.517460317,1.28209,0.0335612,1.11992,0.145099,0,3.24926,0.148954,0.141192,0.0810388,0.976122,1.85013,0.110094
71.563900227,1.11459,0.0311845,1.00621,0.153673,0,3.47178,0.0431358,0.0126657,0.0198485,0.879137,2.05257,0.173561
71.610340136,0.963605,0.0328072,1.06012,0.197532,0,3.48929,0.0669839,0,0,0.653596,2.25155,0.189509
71.656780045,1.06014,0.0472593,1.15836,0.0419571,0,3.44664,0.0614314,0.0265671,0.0244568,0.518704,2.27467,0.160657
71.703219955,1.18686,0.0486465,1.32767,0.0107979,0,3.27763,0.0553625,0.0533294,0.151729,0.483073,2.08114,0.109939
71.749659864,1.16034,0.0449212,1.3319,0.0193592,0.0420095,3.02976,0.0557975,0.206616,0,0.487892,2.00891,0.159144
71.796099773,1.20587,0.0172849,1.21433,0.0243661,0.0218348,2.14983,0.0261533,0.302505,3.37145e-05,0.400388,2.05309,0.379196
71.842539683,1.16644,0.00993454,1.87331,0.0434058,0.0851618,1.77989,0.249057,0.486681,0.0014951,0.0745454,1.8349,0.485633
71.888979592,0.860962,0,2.27445,0.0550252,0.13715,1.11434,0.39997,0.753676,0.0473022,0.0731015,1.41144,0.509154
71.935419501,0.880379,0,2.45466,0.0122929,0.116003,0.471141,0.477998,0.834678,0.300435,0.0225288,1.24977,0.521303
71.981859410,0.492258,0,2.45605,0.000960874,0,1.12701,0.322765,0.823438,0.650534,0.0924138,1.68747,0.507727
72.028299320,0.381026,0.00783364,2.32891,0.00279275,0,2.15626,0.0159522,0.54453,0.6878,0.291369,1.73672,0.389034
72.074739229,0.437113,0.01583,1.87531,0,0,2.7005,0.000885892,0.33233,0.232598,0.47165,1.87562,0.140927
72.121179138,0.533176,0.00105075,1.56207,0,0.175254,2.35274,0.0562627,0.0151134,0.228235,0.668359,1.93435,0.572606
72.167619048,0.729834,0.000742063,1.32224,0,0.76377,2.06082,0.0324911,0.00299409,0.601489,1.36927,1.5501,0.582311
72.214058957,0.674232,0,1.25356,0.00591626,1.29505,2.13969,0.0434498,0.013929,0.780219,2.13777,0.987112,0.308094
72.260498866,0.649243,0,1.19137,0.0148484,1.49391,2.02066,0.0371418,0.018823,0.757716,2.64998,0.792226,0.152336
72.306938776,0.619441,0,1.21765,0.0190107,1.43077,2.02803,0.0224471,0.0167954,0.3616,3.14565,0.785884,0.118732
72.353378685,0.704059,0,1.381,0.0164914,1.19085,2.26933,0.0177059,0.0126503,0,2.79976,0.896913,0.134333
72.399818594,0.802039,0,1.45634,0.191784,0.972057,2.30287,0.0237207,0.159868,0.0581921,2.06462,1.07248,0.150802
72.446258503,0.740743,0,1.0004,0.16388,0.565465,2.24702,0.0313439,0.907155,0.1436,1.44531,1.17136,0.18519
72.492698413,0.813685,0,0.739691,0.0112018,0.0745639,2.07115,0.017809,2.05216,0.115896,0.592194,1.72501,0.147406
72.539138322,1.01297,0.041803,1.04567,0.0484503,0.00269432,1.7878,0,2.47677,0.0118034,0.129692,2.00861,0.0549082
72.585578231,0.859696,0.0488277,1.47342,0.190356,0.0547984,1.69991,0,2.36155,0.0100473,0.303434,1.52847,0.0661476
72.632018141,0.416337,0.0308248,1.79245,0.324068,0.070151,1.51705,0,2.11082,0.0559237,0.618418,1.30321,0.0208625
72.678458050,0.484516,0.0270533,1.67888,0.0951487,0.027577,1.38613,0,2.15314,0.0269251,1.17113,1.21067,0
72.724897959,0.646703,0.00178508,1.45801,0.0187315,0.0245441,1.40755,0.105643,2.38811,0.0092211,1.4459,1.20037,0
72.771337868,0.736606,0,1.37016,0.0144432,0.0223046,1.32964,0.0933448,2.33016,0.0106997,1.24993,1.41826,0.0174931
72.817777778,0.874569,0,1.29908,0.0122955,0.030539,1.46195,0.0607483,2.27906,0.0215165,1.0483,1.4888,0.0060823
72.864217687,1.15913,0,1.24138,0,0.0277466,1.53914,0.0574387,2.47675,0.0291674,0.779555,1.35374,0.0455833
72.910657596,1.64968,0,1.29764,0,0.0168086,1.51579,0.0208258,2.62606,0.0324279,0.565629,1.01988,0.0567119
72.957097506,1.73535,0,1.23411,0,0.0180825,1.49358,0.0525051,2.58797,0.074419,0.578091,0.853737,0.0170736
73.003537415,1.69265,0.137214,1.10516,0,0.0271822,1.71481,0.219957,2.26577,0.121491,0.849977,0.726176,0
73.049977324,2.00354,0.181546,0.640202,0,0.0299519,2.29756,0.448976,1.58551,0.138575,1.42828,0.57555,0
73.096417234,2.52882,0.065347,0.038735,0.00090656,0.0325345,2.73418,0.167926,0.540212,0.10345,1.99076,0.286504,0
73.142857143,2.71343,0.0241776,0,0.046401,0.0342077,3.38935,0.110447,0.0187106,0.0910185,2.1827,0.0988665,0
73.189297052,2.63145,0.00114955,0,0.0584847,0.142457,3.88334,0.32771,0.00585808,0.136337,2.27526,0.0951086,0
73.235736961,2.34941,0,0.00987999,0.0566668,0.0428737,3.95747,0.338753,0.0235684,0.348617,2.25122,0.307842,0
73.282176871,2.23485,0,0.0797791,0.0344282,0.025636,3.85245,0.0677921,0.0351893,0.362583,2.12942,0.302877,0.0531526
73.328616780,2.25094,0.0140166,0.0573271,0.0122372,0.0242262,3.84207,0.00768126,0.0340455,0.159273,1.78523,0.137698,0.0941076
73.375056689,2.39179,0.0150492,0.0608857,0.00544841,0.0194439,3.4864,0.0164593,0.0934597,0.153935,1.61105,0.165984,0.0917241
73.421496599,2.71853,0.000872359,0.00602918,0,0.0180617,3.03701,0.0154266,0.378119,0.180027,1.58545,0.203803,0.10422
73.467936508,2.85418,0.000172088,0,0,0.0225314,2.85611,0.0138163,0.846457,0.0341828,1.74449,0.434965,0.18123
73.514376417,2.64596,0.0507365,0.00792932,0.0230196,0.0249394,2.53706,0.0158065,1.04397,0.0344584,1.89525,0.424304,0.100068
73.560816327,2.71691,0.0519656,0.622194,0.163411,0.00734245,1.52092,0.0675034,1.45594,0.0194699,1.67029,0.344898,0.0304686
73.607256236,2.32344,0.0655133,0.834005,0.377019,0.204761,0.787998,0.0813158,1.63013,0.0166273,1.37627,0.206552,0
73.653696145,1.75886,0.0777039,0.870415,0.418691,0.151906,0.924711,0.0725155,1.67973,0.00773597,1.1547,0.0633617,0.237686
73.700136054,1.60054,0.0845205,0.927872,0.227045,0.0575126,0.719841,0.0437041,1.92462,0.0841347,0.968323,0.00017894,0.42689
73.746575964,1.40432,0.106375,1.16866,0.0819808,0.00339891,0.847145,0.0409506,2.08299,0.085881,0.463838,0.0489284,0.65913
73.793015873,1.08453,0.104668,1.72918,0,0.0116637,1.03586,0.0510172,2.2139,0.0831945,0.0794594,0.0990836,0.822705
73.839455782,0.955538,0.0872153,2.19966,0,0.0151519,0.862604,0.0885725,2.43018,0.114952,0.000839765,0.347932,0.403894
73.885895692,1.21244,0.0883922,2.33843,0.0763406,0.0125046,0.562638,0.0674206,2.71741,0.0993271,0.00230131,0.456539,0.543606
73.932335601,1.67725,0.0898428,2.25447,0.0406713,0,0.251049,0.0676052,2.84,0.120165,0.00287747,0.484704,0.657489
73.978775510,2.11251,0.131768,1.88901,0,0,0.256892,0.0647564,2.41122,0.0557901,0,0.363755,0.526828
74.025215420,2.33003,0.167914,1.40299,0,0,0.423409,0.0507068,1.95329,0.022927,0,0.2994,0.238355
74.071655329,2.49474,0.168486,1.19729,0.0462027,0.243449,0.345206,0.0673451,1.65166,0.091441,0.0748008,0.204749,0.0986464
74.118095238,2.18348,0.481553,0.86388,0.133502,2.34883,0.218753,0.075658,0.789865,0.512157,1.86944,0,0.0613313
74.164535147,1.21968,0.886719,0.00153004,0.157098,2.47511,0.290082,0.0855535,0.283416,0.676445,3.07812,8.89121e-05,0.0622263
74.210975057,0.417853,1.20075,0.0635922,0.212852,2.22111,0.23295,0.0811137,0.276304,0.466644,3.53288,0.000638592,0.0185033
74.257414966,0.120381,1.37357,0.142331,0.178515,2.14147,0.240565,0.0594228,0.321361,0.259051,3.60029,0.00104516,0
74.303854875,0.0923608,1.50123,0.130941,0.0687185,2.16816,0.33115,0.0429207,0.363022,0.0237786,3.71985,0.0678428,0
74.350294785,0.240002,1.40532,0.081627,0.0396553,2.14704,0.814791,0.0415281,0.310357,0.0212661,3.91026,0.0560851,0.0366484
74.396734694,0.351336,1.22612,0.0690959,0.0335212,2.1134,1.19623,0,0.165299,0.0522113,4.21441,0.0888272,0.0645883
74.443174603,0.593665,1.04093,0.0829593,0.0194343,2.03258,1.34302,8.15118e-05,0.0479384,0.0678904,4.21805,0.0446315,0.0347069
74.489614512,1.01554,0.861808,0.0503866,0.00434399,1.95031,1.50344,0.0287199,0.011237,0.0678241,3.96573,0.100127,0
74.536054422,1.26405,0.57469,0.100298,0.0195092,1.65021,1.84028,0.0478064,0.00626116,0.089679,3.52595,0.185141,0.04842
74.582494331,1.47673,0.265103,0.129783,0.0688691,1.11922,2.18371,0.0501801,0,0.0535244,3.41685,0.17825,0.243777
74.628934240,1.51284,0.0990069,0.0818517,0.0717156,1.02288,2.24115,0.0692383,0,0.0505458,3.38995,0.0719393,0.319999
74.675374150,1.42987,0.0898644,0.0614864,0.10383,0.804579,2.08753,0.0491857,0,0.0603024,3.56092,0.0836511,0.209868
74.721814059,1.573,0.102079,0,0.207323,1.04529,1.80644,0.0290083,0.382829,0.00636219,3.79357,0.0304952,0.205513
74.768253968,1.64549,0.244801,0,0.32554,1.5544,1.14109,0.0128627,0.390717,0.167902,3.60218,5.50538e-05,0.20434
74.814693878,1.498,0.472706,0.0140922,0.273015,1.63879,0.859925,0.00293682,0.306534,0.143878,3.68226,0.000925377,0.218742
74.861133787,1.18598,0.889569,0.0940061,0.160422,1.76691,0.672739,0.00190022,0.265705,0.03449,3.83201,0.00810532,0.205503
74.907573696,0.858603,1.1134,0.0652508,0.101653,1.71351,0.877026,0.0123796,0.211382,0.0311492,3.97081,0.0385052,0.188665
74.954013605,0.739422,1.26358,0.0246419,0.0206472,1.56887,1.19227,0.0162691,0.140278,0.0248013,3.90565,0.100394,0.155229
75.000453515,1.20152,0.731674,0.650217,0,1.17602,1.04267,0.11811,0.580773,0.0248951,3.40562,0.197608,0.0271989
75.046893424,1.4637,0.18635,0.951839,0,0.999974,0.736293,0.202981,0.836377,0.0964199,2.83413,0.110125,0.0116211
75.093333333,1.51994,0.230895,0.978596,0.000853234,0.824788,0.947541,0.187727,0.879452,0.0877729,2.30363,0.0725988,0.142916
75.139773243,1.32953,0.152389,0.858033,0.00262247,0.636919,0.948037,0,0.942263,0.0999484,2.04143,0.0719588,0.257554
75.186213152,0.939263,0.0307499,0.667859,0.00697167,0.658638,0.995742,0.00439294,0.738193,0.20116,1.84357,0.0575987,0.332931
75.232653061,0.898324,0,0.273501,0.0764682,1.07908,1.05573,0.0568603,0.164972,0.235623,2.14404,0.0624072,0.0980012
75.279092971,0.952791,0.112071,0.210113,0.0038549,1.3054,1.29208,0.0420225,0.0255538,0.279992,2.55774,0.141334,0
75.325532880,1.08169,0.156097,0.780014,0.0112634,0.828545,1.76193,0.0337394,0.24131,0.218919,2.68567,0.116606,0
75.371972789,1.16145,0.189666,0.47804,0.0591561,0.630554,2.01445,0.0842181,0.921385,0.180934,2.54124,0.10043,0.0837728
75.418412698,1.25188,0.288632,0.695796,0.0699291,0.633532,1.87447,0.012004,2.02107,0.0892413,1.90653,0.0262038,0.371927
75.464852608,1.13835,0.273163,1.12279,0.00444804,0.450096,1.44261,0,3.09516,0.0846433,0.6907,0.0477066,0.567706
75.511292517,1.23369,0.169713,1.55462,0.00399765,0.200578,1.3072,0,3.39787,0.0529689,0.265302,0.04471,0.2654
75.557732426,1.21893,0.0398175,1.5188,0.00398539,0.0421605,1.0768,0.000831126,3.70485,0.073407,0.115259,0.0354936,0.22513
75.604172336,1.12095,0.0570709,1.31816,0.00506573,0.098799,0.96782,0,3.45176,0.381683,0.225212,0.0363305,0.220781
75.650612245,1.46658,0.000432602,1.09698,0.0675644,0.1356,0.990976,0.00920258,2.56219,1.39603,0.431544,0.107572,0.255838
75.697052154,2.18476,0.00268369,0.91433,0.0894796,0.130894,0.781487,0.0110258,1.84712,1.75958,0.558229,0.120745,0.34564
75.743492063,2.51247,0.00286548,0.851078,0.142333,0.0480267,0.551553,0.0177112,2.08467,1.38954,0.613901,0.0620267,0.411531
75.789931973,2.39834,0.0160809,1.1089,0.127121,0.00964822,0.709024,0.0101664,2.41841,0.562954,1.00451,0,0.375454
75.836371882,1.88677,0.0292665,1.33322,0.0210509,0.0106053,0.610538,0.00487307,2.63924,0.209869,1.29808,0.0994183,0.213099
75.882811791,1.48542,0.117295,0.643975,0.254857,0.019299,0.634852,0.144097,2.05614,0.135649,2.10241,0.436302,0
75.929251701,0.707233,0.212837,0.469444,0.358023,0.229283,1.04571,0.46412,1.25504,0.119871,2.12228,0.580234,0
75.975691610,0.546082,0.259029,0.302991,0.241341,0.639763,0.757094,0.609062,0.585134,0.0550109,2.49671,0.897465,0
76.022131519,0.288779,0.280098,0.138633,0.00141976,1.06793,1.01538,0.446289,0.0566873,0.047021,3.01563,0.563746,0
76.068571429,0.43557,0.281811,0.0317439,0.0440965,1.29584,1.35364,0.255848,0.0563731,0.0372146,3.3343,0.36602,0
76.115011338,0.746067,0.269012,0.058303,0.142727,1.21517,1.59831,0.124814,0.063773,0,3.29807,0.251756,0
76.161451247,1.10047,0.1603,0.0777611,0.220761,0.82427,1.38236,0.104619,0.97596,0.00679061,2.67323,0.320725,0.0148219
76.207891156,1.09784,0.112331,0.72541,0.463718,0,1.22494,0.145791,1.73508,0.13736,1.32449,0.229415,0.129682
76.254331066,0.760074,0.117983,1.02881,0.424603,0,1.1612,0.0262278,2.38629,0.298735,0.455538,0.175875,0.442521
76.300770975,0.496187,0.145978,1.08004,0.281764,0,1.14971,0.0155492,3.18486,0.121083,0.0494975,0.246084,0.507045
76.347210884,0.464882,0.148097,1.28879,0.0298105,0.0169172,1.05046,0.0129203,3.77748,0.0365563,0,0.232399,0.506389
76.393650794,0.668878,0.150961,1.45982,0,0.0326947,0.906541,0.049537,4.00527,0.00567419,0,0.0598238,0.461234
76.440090703,0.435057,0.0299888,1.56931,0.00210745,0.0355515,0.587647,0.24944,4.08794,0.0168312,0,0,0.315846
76.486530612,0.67458,0.0327107,2.30923,0.0137234,0.00444104,0.624848,0.364926,3.96012,0.00305936,0,0.000159557,0.29919
76.532970522,0.843469,0.0545985,2.443,0.0135248,0,0.850978,0.35121,3.95925,0,0,0.000704567,0.202952
76.579410431,0.752428,0.00158381,2.36476,0.0562452,0,1.25476,0.225844,3.86162,0,0,0.0369088,0.227816
76.625850340,0.600535,0.0025749,2.28272,0.411664,0,1.90042,0,3.38123,0,0.0198583,0.222684,0.264255
76.672290249,0.999495,0.00105723,1.95425,0.478583,0,2.33008,0,2.59216,0.0102863,0.223278,0.322607,0.273099
76.718730159,1.75133,0,1.30307,0.310876,0.0663315,2.64362,0.0457985,1.3567,0.00113376,0.999,0.243696,0.300141
76.765170068,2.24906,0.0925942,0.705146,0.150379,0.250821,2.87418,0.0290681,1.04494,0.189022,0.90269,0.00520594,0.28567
76.811609977,2.35,0.253075,0.534514,0.115145,0.0524248,2.90638,0.0648117,0.912272,0.469194,0.721615,0.00385412,0.253013
76.858049887,2.30717,0.237097,0.220154,0.0309926,0.11437,2.8997,0.145632,0.766498,0.65249,0.601102,0.0232255,0.17435
76.904489796,2.29261,0.210516,0.0577078,0.0464856,0.178086,2.87749,0.0696068,0.623413,0.522621,0.655139,0.0257586,0.212594
76.950929705,2.36414,0.142278,0.00308051,0.0603578,0.135005,2.90174,0.0341021,0.5315,0.319968,1.2221,0.0168899,0.167757
76.997369615,2.53939,0.0515821,0.00314742,0.151573,0.367808,2.77803,0.172627,0.777309,0.242832,1.52331,0,0.0643738
77.043809524,2.44196,0.0970898,0.120654,0.831392,0.668422,2.22894,0.201725,1.14754,0.130944,1.44378,0,0.0514516
77.090249433,2.15357,0.0425687,1.17108,0.879593,0.0489187,1.9239,0.123193,0.975735,0.156664,1.50489,0,0.108162
77.136689342,1.86329,0.0569911,1.66114,0.532504,0.00129673,2.01068,0.150014,0.792919,0.128178,1.96272,0.140825,0.166212
77.183129252,1.5651,0.0565606,1.80915,0.400655,0.0703418,2.20035,0.442559,0.773633,0.00630377,2.20331,0.0719288,0.160106
77.229569161,1.54256,0.0430533,2.16599,0.383491,0.0912075,2.51502,0.527719,0.64226,0.0430229,2.16357,0,0.146147
77.276009070,1.69692,0.0351458,2.76718,0.398398,0.0646974,2.5463,0.366712,0.288705,0.142828,2.06756,0,0.544073
77.322448980,1.71584,0.000819678,2.6401,0.344359,0.0189383,2.59561,0.1481,0.134786,0.599723,1.76605,0,0.496679
77.368888889,1.21967,0.0876845,2.25573,0.103968,0.187216,2.63779,0.179753,0.0201392,0.746308,1.22342,0,0.394909
77.415328798,0.964195,0.19594,2.49809,0.0080589,0.2916,2.44768,0.198933,0.0166389,0.592251,1.14363,0,0.15645
77.461768707,1.04921,0.163909,2.90866,0.0107695,0.165971,2.02627,0.353773,0.161013,0.366678,1.17555,0,0.0397603
77.508208617,1.10566,0.0455861,3.27609,0.0141626,0.0389414,1.65178,0.630006,0.546786,0.343042,1.08031,0.000117513,0.178819
77.554648526,1.00122,0.0255254,3.46383,0.0143724,0.0485327,1.12468,0.667745,0.855422,0.251115,1.34041,0,0.106608
77.601088435,0.712763,0.0403705,2.96079,0,0.00910922,0.498279,0.793702,1.2023,0.0621435,1.57072,0,0.0113562
77.647528345,0.260638,0.0744565,2.4482,0.0624419,0.00519735,0.301366,0.67673,1.6062,0.0876715,1.03489,0.0687058,0.148846
77.693968254,0.275234,0.07667,2.62571,0,0,0.226707,0.573579,1.55121,0.0618187,0.637682,0.204142,0.155731
77.740408163,0.432122,0.176166,2.7488,0.17586,0,0.060016,0.50238,1.65119,0.097144,0.442092,0.274476,0.171426
77.786848073,0.704716,0.226833,2.56871,0.295683,0,0.0239423,0.511881,1.70042,0.164194,0.307825,0.281824,0.0930666
77.833287982,0.879106,0.192181,2.2561,0.436708,0,0.070933,0.430845,1.70186,0.149389,0.333455,0.184584,0
77.879727891,0.94129,0.056898,2.18597,0.471726,0.0102616,0.0523901,0.270883,1.71289,0.116489,0.729474,0.107901,0.0244602
77.926167800,0.897444,0.0311362,2.29014,0.383319,0.0194052,0.0203107,0.122452,1.62349,0.117935,1.05757,0.175367,0.0514333
77.972607710,0.916047,0.0129076,2.31338,0.441721,0.00610038,0.133635,0.064899,1.56548,0.220319,1.17945,0.144884,0.060866
78.019047619,0.835268,0.0115477,1.90384,0.901702,0,0.328687,0.0905723,1.90779,0.286414,1.23766,0.133177,0.105637
78.065487528,1.08127,0.0347784,2.02395,1.0874,0,0.267259,0.104863,2.19306,0.296545,1.29399,0.106103,0.177128
78.111927438,1.13682,0.0283986,2.23178,0.692704,0.133007,0.108162,0.0678677,2.60156,0.249453,1.19476,0.102692,0.190339
78.158367347,1.04504,0.0166819,2.3088,0.0606222,0.722056,0.0652463,0.0299355,2.22611,0.544248,1.34348,0.154523,0.138773
78.204807256,0.900424,0.408351,1.88345,0.0578418,1.57705,0.0336802,0.12759,1.37409,1.08502,1.7229,0.124812,0.128682
78.251247166,0.623901,0.838298,1.02791,0.115023,1.99568,0.0284087,0.0845616,0.751252,0.949246,2.39981,0.112057,0.110666
78.297687075,0.466617,0.816808,0.271048,0.266069,1.98413,0.0256004,0.152566,0.329848,0.598987,3.0164,0.117753,0.14601
78.344126984,0.740681,0.922135,0.147323,0.502416,1.68796,0.0288899,0.660764,0.144007,0.0812709,3.12153,0.149,0.196836
78.390566893,0.796269,0.812146,0.333885,0.453136,1.20911,0.0400506,0.811887,0.154639,0.0259335,3.1435,0.14493,0.229307
78.437006803,0.626267,0.783194,0.267832,0.267253,1.33884,0.0370879,0.419201,0.0678944,0.0739207,3.47847,0.133288,0.165348
78.483446712,0.662903,0.468248,0.110981,0.138045,1.38067,0.320123,0.0510521,0.0586444,0.0295515,3.88303,0.00315769,0
78.529886621,0.847749,0.129843,0.201286,0.219142,1.20624,0.659494,0.0641843,0.0496816,0,4.03149,0.0465284,0
78.576326531,1.01362,0.0642684,0.273194,0.274236,1.03654,0.321436,0.0610464,0.450971,0,3.92687,0.0335964,0
78.622766440,1.12911,0.0341283,0.191059,0.164128,0.842663,0.0174678,0.056618,1.28543,0.531578,3.38303,0.0334223,0
78.669206349,1.28215,0.0839262,0.0219,0.0218243,0.855048,0.0959223,0.0457663,1.46276,0.935407,2.34754,0.0407595,0.0912778
78.715646259,1.45834,0.00161594,0.15549,0.15288,0.754087,0.186514,0.0425822,1.33776,0.655652,2.04304,0,0.384071
78.762086168,1.32508,0.00468716,0.355687,0.0417897,0.397912,0.745267,0.0924756,0.856932,0.817492,1.59466,0.165024,0.930834
78.808526077,1.00273,0.023605,0.483226,0.00278751,0.565345,1.37234,0.696419,0.239402,0.8109,2.07994,0.909125,0.569082
78.854965986,0.145496,0.100036,0.644673,0.0288022,0.978388,1.01671,1.01034,0,0.592606,2.53906,1.52156,0.0667209
78.901405896,0.215523,0.157047,0.620934,0.0192835,1.28248,0.692303,0.833304,0.000191261,0.144651,2.50867,2.0348,0
78.947845805,0.331907,0.269147,0.541802,0.0734091,1.33031,0.493446,0.655075,0.0481572,0,2.59348,2.42459,0
78.994285714,0.13311,0.657796,0.569116,0.103691,0.88334,0.573111,0.825618,0.146234,0,2.13522,2.83415,0.0558041
79.040725624,0.137697,0.511896,0.00196061,0.188323,0.502467,1.5239,0.588961,0.508817,0,1.92343,2.38569,0.115106
79.087165533,0.268474,0.186742,0.0464942,0.0692235,0.379377,1.89347,0.282079,0.58319,0.0290023,2.33149,1.91254,0.0787534
79.133605442,0.396465,0.173673,0.407138,0.00395738,0.465624,2.01049,0.0687712,0.536124,0.0144063,2.42922,1.78033,0
79.180045351,0.725282,0.102262,0.644908,0,0.499041,1.9072,0.00241804,0.547377,0.00281853,2.49984,1.85828,0
79.226485261,0.993084,0.125306,0.974493,0.00956478,0.460625,1.82985,0,0.5706,0.00639782,2.45942,1.87749,0.110326
79.272925170,1.03087,0.158118,1.22916,0.0247306,0.390555,2.08838,0.00747679,0.0754831,0.190971,2.46794,1.13373,0.0824158
79.319365079,0.99112,0.166739,1.29509,0.206319,0.474202,1.74828,0,0.0153377,0.806538,2.14551,0.865411,0.0004021
79.365804989,0.761378,0.202024,1.45959,0.014824,0.395816,1.14847,0,0.399005,1.39962,0.969699,1.42722,0.17396
79.412244898,0.439187,0.171522,1.94511,0.013656,0.0488258,0.403487,0.201769,1.37649,1.40381,0.100191,1.79525,0.279008
79.458684807,0.380447,0.0518222,2.32788,0.0143775,0.101526,0.0318378,0.431451,2.35523,0.848685,0.0139178,1.84453,0.304515
79.505124717,0.845368,0.00372133,2.32245,0.137677,0.0320689,0.0134095,0.312487,2.98638,0.330672,0.00753452,1.73117,0.355069
79.551564626,1.1889,0.0139473,2.2281,0.0835807,0.0378634,0.0188517,0.270043,2.84975,0.000139144,0.00381707,1.88201,0.339086
79.598004535,0.766908,0.0425677,1.76668,0.00464241,0,0.00324391,0.143064,3.15018,0.0384346,0.0606741,2.08922,0.501162
79.644444444,0.108876,0.0224986,1.55315,0.00645361,0.156446,0.0141097,0.110833,3.60265,0.104264,0.113199,1.85892,0.333702
79.690884354,0.219291,0.112833,1.52891,0,0.228728,0.10062,0.167026,3.31672,0.633068,0.123238,1.468,0.268198
79.737324263,0.424723,0.353565,1.78365,0,0.307316,0.581773,0,2.51026,0.885267,0.0657283,0.928319,0.385184
79.783764172,0.635305,0.287811,2.30963,0,0.415234,0.746063,0.184947,1.38644,0.861648,0.0173488,0.866417,0.402966
79.830204082,0.816872,0.00845265,2.66677,0,0.0740092,0.632149,0.554941,1.40822,0.444383,0.00854786,1.24223,0.369879
79.876643991,1.12144,0.0258644,2.48472,0.00896021,0.0655543,0.521157,0.530357,1.30638,0.262464,0.00604583,1.61654,0.436591
79.923083900,1.22845,0.0440774,2.30199,0.0027546,0.0585275,0.853736,0.405615,1.23937,0.365936,0.378198,1.77385,0.425195
79.969523810,1.3245,0.0574072,2.1534,0.00863481,0.0447866,1.47459,0.247406,1.22541,0.422901,0.417411,1.64218,0.348635
80.015963719,1.70759,0.0660883,1.86825,0.0201892,0.0201301,1.77695,0.159305,1.03822,0.400096,0.540329,1.52184,0.300851
80.062403628,2.11962,0.0648209,1.32116,0.117449,0.00941443,2.13263,0.0148001,0.840308,0.282841,0.754247,1.21195,0.352193
80.108843537,2.23539,0.0494628,0.819987,0.015521,0.000876917,2.73018,0,0.776168,0.578763,0.726419,1.00896,0.356554
80.155283447,2.12595,0.0371174,0.666575,0.0146292,0.203611,2.76198,0.00652347,0.74012,0.817877,0.766596,0.909341,0.263586
80.201723356,1.77623,0.0279916,0.348155,0.196815,0.280838,2.35226,0.294892,1.04077,0.725288,0.955756,0.832443,0.28172
80.248163265,1.63752,0.0134444,0.156917,0.256755,0.686782,1.55787,0.253874,1.52806,0.347036,1.19744,0.965882,0.526391
80.294603175,1.70521,0.0150798,0.0678121,0.442341,0.977702,1.11379,0.229586,1.653,0.101312,1.30131,1.19651,0.220062
80.341043084,1.61875,0.0767722,0.266459,0.476399,1.04189,1.28064,0.0446823,1.77363,0.0970069,1.1082,1.53807,0.0448164
80.387482993,1.35533,0.187732,0.745321,0.11224,0.326753,1.59623,7.41137e-05,1.60608,0.113075,0.934013,2.07989,0.0144716
80.433922902,0.992958,0.46512,1.63654,0,0.140063,1.78267,0.0996522,1.15476,0.00725497,1.13932,2.08975,0.00925751
80.480362812,0.950396,0.379386,1.90741,0.0860282,0.287503,2.12551,0.157647,0.266445,0.0283559,1.07249,1.06683,0.111148
80.526802721,1.31111,0.156065,1.5716,0.0439498,0.443829,2.17259,0.145179,0.0218047,0.292755,1.28739,0.755342,0.241233
80.573242630,1.37078,0.105191,1.08473,0.102892,0.284409,2.36425,0.202263,0.00558256,0.309418,1.37551,0.68625,0.419989
80.619682540,1.43967,0.162541,1.18231,0.208238,0.119514,2.48901,0.37047,0,0.0559107,1.34568,0.509981,0.296991
80.666122449,1.55101,0.134014,1.48275,0.29158,0,2.26966,0.448194,0,0.0166736,1.4279,0.906728,0.0383766
80.712562358,1.50981,0.0558605,1.09147,0.358302,0,2.46013,0.218754,0,0.384019,0.975886,0.846963,0.0294352
80.759002268,1.03011,0.0305333,0.585486,0.473368,0,2.76265,0.209021,0,0.883836,0.916084,0.684713,0.00411833
80.805442177,0.903132,0.0507508,0.235028,0.564431,0.00439443,2.70914,0.136039,0,1.13409,0.84116,0.876558,0
80.851882086,0.996093,0.0503457,0.0877066,0.593438,0.0393822,2.6139,0.135223,0,1.12815,0.812923,0.801923,0.00596842
80.898321995,1.34886,0.0201337,0.096268,0.572846,0.036751,1.91403,0.193808,0.0963533,0.855749,0.493639,0.587698,0.067196
80.944761905,1.46793,0.00136969,0.26448,0.382886,0,1.6358,0.14792,0.48212,0.700619,0.000675898,0.385645,0.948578
80.991201814,1.45531,0.0255087,0.359014,0.327534,0.00606567,1.68387,0.00272927,0.607505,0.73329,0.0204479,0.499703,1.2403
81.037641723,1.53881,0,0.180162,0.118368,0.0210758,1.7239,0.00434152,1.4451,0.326011,0.217846,0.469755,1.22088
81.084081633,1.837,0.000854215,0.182754,0.00633927,0.451107,0.461713,0.0433926,2.21187,0.0630162,0.658381,0.509335,0.859383
81.130521542,1.17896,0.0922781,0.483318,0,1.058,0.697749,0.0106007,2.34466,0.057646,1.52975,0.650817,0.364167
81.176961451,0.804446,0.265183,0.477876,0,1.3161,0.724803,0.0615635,2.33614,0.0200807,1.65894,0.493716,0
81.223401361,0.779765,0.32074,0.323499,0,1.43121,0.679279,0.0314492,2.26054,0.0683289,1.79431,0.383144,0.0337084
81.269841270,0.735411,0.464124,0.308339,0.155379,1.47778,0.656528,0.0331312,2.50223,0.0826738,1.80999,0.238332,0
81.316281179,0.487795,0.481645,0.563069,0.109265,1.29857,0.713799,0.0369584,2.92855,0.068475,1.62959,0.371231,0
81.362721088,0.454132,0.415241,0.334845,0.0440697,1.31575,0.744848,0,2.63998,0.0552146,1.8797,0.419448,0.00721799
81.409160998,0.396634,0.479973,0.0314806,0.111855,1.46572,0.695202,0.00538924,2.26997,0.0274874,2.11652,0.286678,0
81.455600907,0.426644,0.527698,0.00412958,0.0875714,1.3978,0.734552,0.00681619,1.90227,0.0556428,2.46054,0.117768,0.0200024
81.502040816,0.470653,0.472567,0.0271143,0.0682841,1.13539,0.889724,0.00353992,1.6658,0.0669095,2.98858,0.120396,0.00917703
81.548480726,0.698461,0.296076,0.153859,0.0176982,0.927863,1.04349,0.170619,1.46981,0.0444483,3.11371,0.178152,0
81.594920635,0.790699,0.240952,0.000850916,0.100791,0.700629,0.976424,0.457565,1.14719,0.119015,3.18058,0,0
81.641360544,0.509775,0.167628,0.364139,0.418691,0.825167,0.639714,0.561623,0.582924,0.11282,3.52395,0.0980336,0.00412024
81.687800454,0.498778,0.168389,0.737457,0.616838,1.11939,0.0472108,0.180876,1.70343,0.0916556,2.78895,0.675417,0
81.734240363,0.384466,0.0730817,1.46455,0.67188,0.911801,0.0298933,0.0182934,2.95061,0.0475284,1.52774,0.876192,0.00639223
81.780680272,0.232017,0.105022,1.79298,0.103931,0.606961,0.264924,0.0175735,2.84001,0.401937,1.05879,1.37609,0.131258
81.827120181,0.16655,0.163996,1.8915,0.00501238,0.421154,1.01289,0.298143,2.18415,0.599938,0.994797,1.36157,0.292185
81.873560091,0.206788,0.0663171,1.90043,0,0.394123,0.986215,0.379994,2.07517,0.420855,1.32327,1.59798,0.278846
81.920000000,1.29501,0.00272224,1.33057,0.00228776,0.443979,0.859385,0.46596,1.29433,0.0211888,1.3676,1.72422,0.329582
81.966439909,1.49665,0.00063774,0.649703,0,0.113008,1.62937,0.535769,0.260782,0.00802501,1.38836,1.56448,0.346605
82.012879819,1.52673,0,0.22732,0,0.0237033,2.20808,0.432146,0.0507967,0.0146091,1.77671,1.3085,0.317967
82.059319728,1.58251,0,0.399702,0.0246864,0.0283417,2.97326,0.282623,0.0377488,0.0736317,2.08987,0.750739,0.190815
82.105759637,1.80554,0,0.514781,0.0220493,0.0102258,3.45617,0.169638,0.0341727,0.131465,2.36794,0.151567,0.00482914
82.152199546,2.02376,0,0.525717,0.0367259,0.0487151,3.66135,0.286278,0.0433096,0.133983,2.49422,0,0
82.198639456,2.13661,0,0.252828,0.0323468,0.0112039,3.70092,0.25163,0.0512669,0.132035,2.62241,0,0
82.245079365,2.05659,0,0.00361341,0.0251193,0.0211885,3.67326,0.0897569,0.0433664,0.11734,2.49733,0.0340759,0.00526535
82.291519274,1.94221,0,0.00327247,0.02014,0.012572,3.70013,0.0387593,0.0282645,0.144596,2.09589,0.0372916,0.130958
82.337959184,1.88558,0.00647973,0.0227372,0.00762954,0.0237598,3.76384,0.0500861,0.0192122,0.184325,1.71072,0,0.219766
82.384399093,1.87693,0.00220781,0.0180835,0.00737706,0,3.28793,0.240341,0.417923,0.218782,1.40352,0.157943,0.164173
82.430839002,2.19504,0.00186011,0.0196211,0.0900421,0.0377502,2.35584,0.304452,0.662481,0.23388,1.46094,0.345799,0.156373
82.477278912,1.99715,0.00254092,0.0253987,0.187254,0.176199,2.31698,0.215894,0.700319,0.1879,1.66427,0.584561,0.213698
82.523718821,1.83571,0.002867,0.0211091,0.193432,0.264403,2.47202,0.338934,0.695527,0.162143,1.62494,0.872617,0.258377
82.570158730,2.00504,0.00182531,0.024205,0.391986,0.151758,2.30411,0.660638,0.32464,0.34022,1.77267,0.833429,0.277156
82.616598639,1.70087,0,0.0351495,0.543868,0.0962962,2.48759,0.570816,0.00459942,0.528744,2.08326,0.609011,0.22114
82.663038549,1.4279,0,0.0190907,0.543053,0.171851,2.66647,0.403932,0.00515264,0.61743,2.31918,0.325749,0.0974404
82.709478458,1.70533,0.0565469,0.029616,0.131445,0.186496,2.83269,0.180401,0.00481574,0.540638,2.26186,0.140982,0.0140718
82.755918367,1.90554,0.0879626,1.37782,0,0.109072,2.71112,0.102567,0.0171528,0.483712,2.18104,0.0905585,0.0344813
82.802358277,1.41478,0.0946611,1.70567,0.0188951,0.0264801,2.28353,0.123723,1.32646,0.290064,2.0608,0.121401,0.0616218
82.848798186,0.851984,0.0698047,1.85928,0.0322459,0.0198869,1.47247,0.193094,2.30098,0.0844405,1.62914,0.107454,0.313034
82.895238095,0.558544,0.165466,2.09039,0.387949,0.0302614,0.582298,0.106286,2.6111,0.160454,1.05115,0.170242,0.430197
82.941678005,0.538651,0.199873,1.84398,0.198647,0.127467,0.172919,0.0296055,2.53283,0.238529,0.528022,0.155275,0.642681
82.988117914,0.807763,0.140526,1.33776,0.0817262,0.0885828,0.0265632,0.182363,2.1531,0.316796,0.451271,0.096789,0.670154
83.034557823,0.53236,0.155753,1.08873,0.169259,0.0653942,0.030107,0.033583,1.90822,0.237734,1.27485,0.126032,0.268201
83.080997732,0.485752,0.0963033,0.808331,0.152244,0.606537,0.449936,0.0485331,1.89055,0.0857108,1.95453,0.117818,0
83.127437642,0.539363,0.0752839,0.932263,0.207801,0.699015,0.731656,0.0460477,1.81844,0.0290114,1.99976,0.0837897,0.042162
83.173877551,1.03142,0.0427614,0.801855,0.219208,0.441796,0.58736,0.050357,1.62109,0.291458,1.90821,0.105524,0.0954871
83.220317460,1.43033,0.0264638,0.287445,0.160009,0.330772,0.224264,0.0462322,1.57323,1.04019,1.54483,0.140113,0.129058
83.266757370,1.56012,0.0332166,0.00286308,0.163885,0.242302,0.0887185,0.0264171,1.12251,1.38078,0.433636,0.150593,0.207322
83.313197279,1.40576,0.386297,0.0736329,0.176648,0.19039,0.0802212,0.0233972,1.33716,1.21111,0.11936,0.119628,0.604916
83.359637188,1.51457,0.514088,0.199377,0.0288205,1.44862,0.0320395,0.112798,1.75197,0.859682,0.436243,0.114135,0.733051
83.406077098,1.08764,0.62661,0.00232837,0.0145259,1.92775,0.522431,0.132065,0.615325,0,2.29562,0.594058,0.261264
83.452517007,0.721065,0.646825,0.00652455,0.0102758,2.10852,0.886593,0.0871404,0.133334,0,2.98939,0.594001,0
83.498956916,0.687431,0.483126,0.0229399,0,2.17045,1.09432,0.0546383,0.0960042,0,3.46732,0.551315,0
83.545396825,0.8893,0.393226,0.103412,0,2.20584,1.36801,0.157008,0.136337,0.0433711,3.76039,0.321864,0
83.591836735,1.28796,0.287821,0.000702844,0,1.92763,1.37866,0.634017,0.0599225,0.059185,3.96349,0.146784,0
83.638276644,1.35031,0.191856,0,0,1.38743,1.48721,0.451483,0.0190947,0.0173787,3.32716,0.173578,0.11302
83.684716553,1.07526,0.0110318,0.149865,0,0.994169,1.69166,0.170789,0,0.0110906,2.97326,0.162847,0.0709999
83.731156463,1.0111,0.016308,0.164028,0,0.74131,1.94505,0.0293589,0,0,3.08275,0.17779,0.0462427
83.777596372,1.15995,0.0168259,0.0896095,0,0.960181,2.3235,0.0247851,0.0742905,0.0138902,3.19124,0.176568,0.0284394
83.824036281,1.53928,0.127048,0.00137876,0.0429735,0.82393,2.47216,0.00238104,0.134893,0,3.49318,0.181887,0
83.870476190,1.59181,0.180214,0.00400076,0.00213376,0.607647,2.7124,0,0.168531,0.0421799,3.55208,0.149264,0
83.916916100,1.68718,0.164097,0.00946611,0.18223,0.618629,2.34649,0,0.247152,0.581161,3.08516,0.112049,0
83.963356009,1.78126,0.186899,0.00845629,0.182535,0.420927,1.76145,0,0.514449,1.21474,2.30673,0.0322501,0.168486
84.009795918,1.99101,0.139743,0.44885,0.0530376,0.305877,1.11833,0,1.27592,1.32581,1.24789,0.135565,0.368592
84.056235828,2.24016,0.0239068,0.929059,0.0959006,0.578947,0.514126,0.0104255,2.0711,0.641655,0.46072,0.236099,0.40594
84.102675737,2.406,0.0166855,0.83036,0.031758,0.698726,0.366613,0.020251,2.90326,0.0661568,0.300499,0.315263,0.390401
84.149115646,2.50806,0.0826214,0.643307,0.108913,0.419067,0.276049,0.0213515,3.19664,0.0437806,0.3201,0.364766,0.342571
84.195555556,2.70515,0.0442469,0.620335,0.109715,0.0769785,0.338551,0.0494472,3.19449,0,0.322728,0.327746,0.283175
84.241995465,2.44528,0.0120603,0.494197,0.410098,0.0582967,0.488527,0.0422654,3.2708,0,0.383622,0.20511,0.2548
84.288435374,1.80682,0.0645446,0.29472,0.572972,0.160575,0.659491,0.0368047,3.24521,0,0.492979,0.13129,0.233145
84.334875283,1.54333,0.142274,0.250397,0.535344,0.16738,0.71565,0.0151403,2.71334,0.0076571,0.641883,0.327793,0.210814
84.381315193,2.1587,0.151393,0.378976,0.34489,0.0913904,0.646482,0.0126499,2.36494,0.0736617,0.901848,0.584559,0.203339
84.427755102,2.67374,0.0024472,0.822829,0.000291477,0.0891106,0.762817,0.0353376,2.292,0.0149706,1.22016,0.650894,0.163087
84.474195011,2.68999,0.125531,0.818271,0.052676,0.0130984,1.04318,0.00187922,2.35582,0.0084719,1.50144,0.489042,0.162662
84.520634921,2.6752,0.211029,0.348864,0.0802915,1.09037,0.981252,0.0287918,2.06571,0.0746174,1.77607,0.189117,0.112325
84.567074830,2.56088,0.230377,0.0375334,0.106054,1.5131,0.476688,0.351237,1.19539,0.207286,2.71516,0.0368797,0.140973
84.613514739,1.95353,0.427179,0,0.0934406,1.93358,0.198058,0.107396,0.962894,0.0629721,3.01419,0.0606948,0.15924
84.659954649,1.67149,0.227923,0.0123896,0.0607257,2.08102,0.229328,0.00795963,0.875613,0.0450581,3.3375,0.0362845,0.19978
84.706394558,1.66598,0.0174989,0.0628418,0.059074,2.11797,0.370158,0.000675895,0.925659,0.0483857,3.48504,0.00207706,0.217645
84.752834467,1.59817,0.0688265,0.150104,0.05575,2.00831,0.438158,0.000573315,0.952176,0.0757469,3.34357,0.0800527,0.269288
84.799274376,1.5634,0.236286,0.180021,0.0525187,1.89203,0.844847,0,0.853717,0.074173,3.29989,0.19488,0.321137
84.845714286,1.57548,0.407403,0.174095,0.0416399,1.65117,1.27251,0,0.878722,0.0886988,3.59711,0.141367,0.31672
84.892154195,1.80121,0.419218,0.14326,0.0357082,1.52996,1.54899,0,0.873559,0.122478,3.74021,0.175544,0.232657
84.938594104,2.18573,0.288903,0,0.107682,1.52245,1.57419,0.0400786,0.667692,0.375664,3.71277,0.157989,0.13009
84.985034014,2.33803,0.226197,0.00315451,0.0941367,1.52856,1.32375,0.228847,0.575366,0.471778,3.38559,0.174765,0.058712
85.031473923,2.2061,0.306575,0.247453,0.0208385,1.11156,1.28371,0.281375,0.474502,0.452732,3.38758,0.22987,0
85.077913832,1.5624,0.318221,1.94552,0.172905,0.419835,1.3187,0.146146,0.896289,0.37413,2.95222,0.025924,0
85.124353741,0.775629,0.108682,2.11361,0.219342,0.160991,0.64999,0.047252,2.03396,0.0545986,2.31752,0.134702,0
85.170793651,0.412108,0.127783,1.85495,0.211655,0.0193814,0.535892,0.0325822,2.49056,0.0639878,1.05302,0.0433505,0.110608
85.217233560,0.388386,0.120194,1.51337,0.146283,0.0211797,0.768756,0.0095283,2.66532,0.053601,0.448529,0.00389596,0.47566
85.263673469,0.51194,0.13512,0.980095,0.042336,0.0199776,0.707775,0.0100988,2.94027,0.0366644,0.244453,0,0.756271
85.310113379,0.691191,0.140331,1.09315,0.203073,0.0196166,0.623006,0.0115733,2.73891,0.67672,0.0952336,0.0659371,0.540631
85.356553288,1.24773,0.0497091,0.782226,0.692258,0.0810865,0.960941,0.163997,1.73961,1.26303,0.170292,0.131081,0
85.402993197,1.52127,0.0403659,0.305248,0.958511,0.052352,0.944407,0.018087,1.33247,1.17644,0.372261,0.0355867,0.306103
85.449433107,1.67857,0.0417031,0.21527,0.970605,0.0752142,0.790998,0.0195907,1.19879,1.17375,0.175341,0,0.347097
85.495873016,2.06238,0.0322894,0.437135,0.72336,0.0501025,0.226767,0.0205131,1.71833,0.850227,0.0539344,0.114834,0.158353
85.542312925,2.06229,0.00524735,0.531118,0.47658,0,0.0453914,0.206576,1.9073,0.928609,0.024669,0.16288,0.0762223
85.588752834,1.6706,0.00287588,0.939375,0.458392,0,0.0513765,0.8074,1.75392,0.914107,0.121633,0,0.0900238
85.635192744,2.24071,0.00237669,0.635535,0.195538,0.3766,0.0348489,0.465953,1.44105,0.47064,0.510115,0.0961517,0.244473
85.681632653,2.52606,0.0702396,0.109844,0.00620113,1.23986,1.01141,0.491181,0.773608,0.159778,2.18448,0.0919163,0.204689
85.728072562,2.48984,0.109706,0.000264838,0.00824108,1.68149,2.04739,0.156241,0.410208,0.14685,2.94535,0.105046,0.0572302
85.774512472,2.11357,0.378912,0.000624311,0.0093722,1.64497,2.36356,0.119103,0.20446,0.137218,3.04517,0.0176514,0.00846417
85.820952381,1.84673,0.564875,0.000171265,0.00447752,1.32686,2.66956,0.0197205,0.00258567,0.0586967,3.23743,0,0.0116107
85.867392290,1.71503,0.552255,0,0,0.726983,2.93619,0.0187646,0.00424633,0,3.5543,0.000924194,0.00691112
85.913832200,1.71994,0.376424,0.000720616,0,0.697702,3.00663,0.0888447,0.0482793,0.0117,3.53859,0.00300452,0
85.960272109,1.46561,0.351321,0.00178117,0,1.0734,2.79919,0.166432,0.0845018,0.00872299,2.92128,0.0561197,0
86.006712018,1.37887,0.472577,0.0031204,0,1.33727,2.06897,0,0.0827,0.225915,3.1637,0.135335,0
86.053151927,1.63923,0.33706,0.25961,0.14342,1.10998,1.86605,0,0.0759178,0.282647,3.45186,0.145373,0
86.099591837,1.81405,0.305813,0.241931,0.231302,0.69181,2.40407,0,0.0729505,0.0101741,3.51543,0.113102,0
86.146031746,1.92464,0.192604,0.216526,0.240525,0.657739,2.89228,0.000452553,0.0503444,0,3.39187,0,0
86.192471655,1.9883,0.0669036,0.155857,0.231713,0.663255,3.04058,0.0046483,0.045444,0.00886879,3.01088,0,0
86.238911565,2.21326,0.0305345,0.236609,0.156985,0.696453,2.59916,0.122914,0.0656481,0.0746095,2.50037,0,0
86.285351474,2.29428,0.0247043,0.80398,0.202818,0.443463,1.81382,0.108616,0.917508,0.186097,1.82557,0,0
86.331791383,1.90299,0.0183239,1.50712,0.060938,0.0492276,1.46529,0.00874754,1.71028,0.0447332,1.33656,0.259377,0.074271
86.378231293,1.87699,0.0979063,1.83026,0,0.0100711,1.4745,0,2.21428,0,1.17954,0.481843,0.117152
86.424671202,1.87954,0.0787791,1.86403,0,0.0188023,1.23605,0.0530805,2.71877,0.00297784,0.977379,0.532934,0.212141
86.471111111,1.78999,0.0178907,1.8071,0.0116655,0.00650901,0.966578,0.0835728,2.87344,0.0206607,0.677205,0.592693,0.28812
86.517551020,1.29373,0.000713102,1.65773,0.0180208,0,1.30028,0.0296919,2.91641,0.0310691,0.529812,0.548528,0.308722
86.563990930,1.32067,0.00159668,1.46024,0.0156696,0,1.26292,0.0642409,2.39733,0.085542,0.70654,0.544287,0.316762
86.610430839,1.79001,0.0312239,1.11892,0.0154404,0,1.48496,0.274934,1.49522,0.175533,1.059,0.399681,0.274903
86.656870748,2.12962,0.0142041,0.845924,0.0138417,0,2.28613,0.0485413,1.28985,0.201334,1.27471,0.260602,0.0942947
86.703310658,2.20287,0,0.967225,0.0162358,0,3.2895,0.00226894,1.13753,0.209045,1.3284,0.200357,0.00263872
86.749750567,2.09585,0,1.01145,0.0367023,0.000868115,3.4836,0.00526588,1.15823,0.0703008,1.38542,0.118868,0.141481
86.796190476,2.16457,0.0217748,0.755231,0.0346479,0,3.24165,0.0183529,1.07318,0.0119049,1.46733,0.000900373,0.1499
86.842630385,2.14102,0.0182276,0.680575,0.0162463,0,2.95773,0.0296023,1.07483,0.0197722,1.27085,0,0.148532
86.889070295,2.03808,0.0484058,0.626023,0.0114595,0,2.58052,0.0318503,1.37193,0.155534,0.877932,0.096213,0.115427
86.935510204,1.94156,0.0755995,0.647136,0.111508,0,2.05814,0.0716063,1.88715,0.312552,0.613763,0.21632,0.0103207
86.981950113,2.18073,0.0743243,0.97849,0.132176,0.0334235,0.844654,0.127962,2.71333,0.151865,0.785898,0.156952,0.0208387
87.028390023,2.34312,0.0658318,1.17171,0.00227426,0.014688,0.422551,0.0865519,3.00446,0.0796929,1.07545,0.238752,0.039612
87.074829932,2.15565,0.0553581,1.05679,0.0156707,0.0373403,0.519247,0.0709907,2.99399,0.182802,1.19863,0.197956,0.177216
87.121269841,1.70658,0.0481544,0.973097,0.00282774,0.0316607,0.725639,0.0510308,2.52086,0.3157,1.32561,0.22869,0.507591
87.167709751,1.31717,0.0434737,1.19397,0,0,0.911006,0.242871,1.98152,0.345546,1.51121,0.250832,0.70563
87.214149660,1.44034,0.0436193,1.52819,0,0.00426902,1.05139,0.041672,1.79456,0.295671,1.58817,0.329485,0.462538
87.260589569,1.67016,0.0606718,1.58776,0.0482331,0.0126162,1.02997,0,1.84628,0.281145,1.50688,0.455148,0.105358
87.307029478,1.73777,0.733766,1.17896,0.185124,0.723403,0.840129,0,1.619,0.125286,1.4744,0.339201,0.0544444
87.353469388,1.10061,0.668996,0.962031,0.0104599,0.982547,0.905474,0.0092548,1.22359,0.402936,2.32378,0.112176,0.0767448
87.399909297,0.46083,0.521741,0.444691,0.027486,1.37235,0.771504,0.00128444,0.935005,0.196149,3.03714,0.07569,0.199414
87.446349206,0.244278,0.983573,0.173421,0.0393023,1.47344,0.836283,0.00362238,0.711035,0.107438,3.2782,0.0559391,0.301901
87.492789116,0.032965,0.717067,0.522659,0.0313781,1.13764,0.910793,0,0.851799,0.0467754,2.8503,0.350855,0.850955
87.539229025,6.77269e-05,0.430724,0.808145,0.0845913,1.07953,0.773874,0.110422,1.01118,0.356909,2.4399,0.440309,0.962257
87.585668934,0.0939422,0.185202,0.975285,0.118868,1.21582,0.114334,0.256813,0.744572,0.589899,2.41711,0.368028,0.808246
87.632108844,0.0566135,0.243011,0.718284,0.114348,2.1333,0.015616,0.0197413,0.353699,0.0588324,3.31044,0.374255,0.03368
87.678548753,0.366918,0.230599,0.00366782,0.0189534,2.19691,0.0228592,0,0.0380974,0.00554237,3.74051,0.230439,0.0661222
87.724988662,0.600721,0.137688,0.0915182,0.031779,2.23379,0.121778,0,0.156941,0,3.60172,0.243305,0.0833833
87.771428571,0.866234,0.0520624,0.599855,0.0707574,2.14713,0.12417,0,0.495201,0,3.19913,0.248536,0.0820864
87.817868481,1.13835,0.0124883,0.763942,0.0558963,1.74198,0.0288344,0,1.29051,0.481646,2.53489,0.192971,0
87.864308390,1.13711,0.0600484,0.888671,0.036004,1.14611,0.208712,0,1.74316,0.890064,1.36295,0.271552,0.152089
87.910748299,0.807119,0.00841418,0.923235,0.197259,0.0443103,0.957333,0.00280898,1.26895,0.690398,1.15102,1.21746,0.285609
87.957188209,0.445806,0.0158018,0.618744,0.115993,0.705379,1.27063,0.0280339,1.13894,0.435809,1.3533,1.65042,0.291829
88.003628118,0.41043,0.0840239,0.652622,0.0989009,1.38303,1.36623,0.0297764,0.62477,0.416579,2.46715,1.67717,0.207884
88.050068027,0.43489,0.125192,0.318547,0.0569992,1.57839,1.01214,0.0394187,0.374511,0.330176,2.95347,1.78143,0.0675284
88.096507937,0.558673,0.143139,0.128964,0.0697023,1.6097,0.848395,0.0388789,0.285169,0,3.20335,1.56787,0.0946783
88.142947846,0.777398,0.177649,0.257614,0.013223,1.2696,1.20397,0.026212,0.349668,0,3.26887,1.63581,0.134526
88.189387755,1.00196,0.233991,0.122679,0.0113989,0.55481,1.39656,0.00393981,0.324363,0.0828356,2.62488,2.28116,0.146823
88.235827664,1.02993,0.247565,0.0136476,0.0227423,0.633846,1.52975,0.0823118,0.600772,0.101719,2.03557,2.36152,0.00765831
88.282267574,1.0066,0.207504,0.232161,0.0159458,0.740443,1.88033,0.0621397,0.649397,0.0645573,2.14209,1.98295,0
88.328707483,1.23317,0.167419,0.40841,0.00845217,0.796048,1.88733,0.0101611,0.566743,0,2.48658,1.59637,0
88.375147392,1.20061,0.143585,0.584087,0.0107717,0.987452,1.54257,0.00851693,0.567457,0,2.66295,1.81178,0
88.421587302,1.13152,0.154429,0.909094,0.0804558,1.11432,1.07258,0.00944355,0.351577,0,2.92335,1.87315,0
88.468027211,0.93269,0.143648,1.19639,0.153731,1.09214,0.717141,0,0.0820439,0.0423566,3.02013,1.63614,0
88.514467120,0.236963,0.0602414,1.60906,0.170549,0.892064,0.629901,0.0569439,0.682198,0.402356,2.29678,1.38721,0
88.560907029,0.0608505,0.0291296,2.12912,0.164028,0.173924,0.12881,0.16832,1.50495,0.518548,1.19289,1.58194,0
88.607346939,0.0930018,0.107533,2.0661,0.303271,0.028334,0.00784336,0.0957552,2.94029,0.139389,0.282067,1.62183,0.122426
88.653786848,0.249045,0.306179,2.20316,0.231512,0.0281321,0.0141978,0.221957,3.73796,0.00286038,0.08997,1.92354,0.205915
88.700226757,0.279994,0.269775,2.17435,0.102441,0.0203125,0.0641364,0.242946,3.92447,0.00145641,0.118142,2.26441,0.400462
88.746666667,0.000644294,0.0887428,2.05555,0,0,0.0564812,0.165358,3.89974,0,0.0489201,2.26039,0.484098
88.793106576,0.000392922,0.00213848,2.34379,0,0.012584,0.0382725,0.301345,2.82488,0.602783,0.0441281,1.74275,0.459951
88.839546485,1.86673e-05,0.00677461,2.42947,0.00590652,0.027091,0.0992669,0.28694,1.86427,0.944456,0.028265,0.940351,0.421187
88.885986395,0,0.0743694,2.36212,0.0132458,0.0296327,0.436934,0.228962,1.64715,1.19563,0.00876422,0.576304,0.374929
88.932426304,0.35678,0.106637,2.26068,0.00903355,0.0214827,0.766095,0.0751893,1.47683,1.45623,0.177712,0.767291,0.344602
88.978866213,0.728055,0.00115378,1.95114,0,0.0148792,1.35369,0.0734,1.33732,1.46254,0.476338,1.04232,0.375663
89.025306122,1.16163,0.00355752,1.68833,0,0.0152677,1.11329,0.263417,1.06514,1.19308,0.37411,1.17752,0.412027
89.071746032,1.5739,0.000285226,1.84023,0,0.0204129,0.467661,0.55805,1.12971,0.839817,0.241498,1.54042,0.413605
89.118185941,1.93556,0,2.28022,0,0.0195015,0.720362,0.470501,1.0195,0.404895,1.08901,1.34531,0.398856
89.164625850,1.74342,0,2.3954,0.00944188,0.00367373,1.4132,0.144426,1.02363,0.306347,1.499,0.955579,0.360034
89.211065760,1.62358,1.85628e-05,2.20049,0.00323144,0.0135345,1.79056,0,1.08347,0.244587,1.51441,1.0451,0.374257
89.257505669,1.86083,3.81222e-06,1.43465,0.0197738,0.065482,1.69029,0,1.04784,0.0419543,1.09918,1.62538,0.364235
89.303945578,1.90197,0.000507358,0.734125,0.0191017,0.463356,1.60102,0,1.07673,0.00817006,0.686672,1.83256,0.309081
89.350385488,1.26609,0.0256357,0.632166,0.0288806,0.629799,1.51237,0.0026549,1.3943,0.106646,0.267219,1.58281,0.227817
89.396825397,1.02042,0.0139324,1.0314,0.00165329,0.294854,1.73587,0.335069,1.39704,0.189039,0.293711,1.50257,0.215391
89.443265306,0.993464,0.0053918,1.15818,0,0.498132,1.71108,0.434259,1.34021,0.21478,0.227857,1.91849,0.241921
89.489705215,1.19095,0.00154671,1.3341,0,0.572976,1.40333,0.315199,1.32003,0.275531,0.119954,1.97478,0.259013
89.536145125,1.34279,0.0147011,1.7285,0.0201302,0.432044,1.32276,0.141782,1.26061,0.599586,0.140599,1.81441,0.205942
89.582585034,1.28096,0.00749589,2.1934,0.0612117,0.11388,1.6993,0.0358784,1.27356,0.588006,0.354253,2.11887,0.193544
89.629024943,0.877952,0,2.08904,0.155838,0.0381734,2.37302,0.0551366,0.971623,0.109325,0.663562,2.4374,0.103345
89.675464853,1.00309,0.058569,2.06027,0.182255,0.0171869,2.44773,0.0574854,0.529044,0.400965,0.807653,2.38523,0.136209
89.721904762,1.1743,0.0743858,1.92805,0.186086,0.0163536,2.64918,0.0784095,0.25568,0.267393,0.793254,2.38929,0.149128
89.768344671,1.35884,0.00047973,1.89324,0.173774,0.0308485,2.81417,0.0942007,0.144214,0.16054,0.757713,2.34796,0.158271
89.814784580,1.51471,0.0140832,2.0134,0.170509,0,2.89041,0.0974658,0.092424,0.0158443,0.769021,2.14137,0.164804
89.861224490,1.25195,0.0575748,1.89922,0.290798,0,2.71214,0.06958,0,0.0755463,0.667612,1.96237,0.15209
89.907664399,0.420533,0.0904071,1.4862,0.155181,0.633414,2.15165,0.0544617,0,0.0994526,0.52546,2.16471,0.108808
89.954104308,0.0643426,0.0917392,1.18902,0.138949,0.585739,2.02277,0.0507307,0,0.082351,1.24264,2.05191,0.108965
90.000544218,0.110307,0.0757046,0.962448,0.115515,0.766553,1.93354,0.0698754,0,0.0987065,1.56157,1.88347,0.112412
90.046984127,0.430103,0.0533646,0.719735,0.0665738,1.06498,1.75098,0.0704082,0,0.241064,1.42188,1.15701,0.123211
90.093424036,0.525569,0.0484029,0.482421,0.0480482,1.09069,1.48097,0.0471783,0.157121,0.889538,0.509718,0.680968,0.131399
90.139863946,0.440385,0.0204339,0.50696,0.185707,0.791498,1.43781,0.0416509,0.467935,1.02123,0.230058,0.899266,0.156936
90.186303855,0.564143,0,0.647294,0.234114,0.533501,1.7537,0.0166243,0.490982,1.08937,0.665905,1.17376,0.213634
90.232743764,0.56405,0.0196806,0.784948,0.0358788,0.659244,2.04699,0,0.380453,0.76897,2.08396,1.30751,0.226224
90.279183673,0.468106,0.24051,0.718974,0.00590139,1.00646,2.43271,0,0.0114417,0.0356481,3.13838,0.874188,0.241639
90.325623583,0.336423,0.363391,0.410184,0,1.17222,1.98621,0.00695581,0.0156989,0,3.29136,0.855611,0.204799
90.372063492,0.331603,0.216822,0.110446,0.0446913,1.28996,1.57403,0.00721077,0.0162407,0,3.14017,1.11703,0.142119
90.418503401,0.397895,0.272615,0.074007,0.0757116,1.525,1.34271,0,0.0220459,0,2.87488,1.1078,0.11301
90.464943311,0.338861,0.294759,0.0670216,0.0647287,1.40979,1.49162,0,0.0413783,0,2.73838,1.17628,0.128074
90.511383220,0.414917,0.266931,0.0268672,0.0331724,1.20471,1.69284,0.000961588,0.04535,0,2.9636,1.1671,0.180537
90.557823129,0.538818,0.250722,0.117486,0.018312,1.1067,2.00551,0.00376851,0.0393795,0.0248725,3.02983,1.05009,0.184589
90.604263039,0.65828,0.231009,0.364347,0.0106854,0.888094,2.32743,0.00686745,0.0216202,0.141967,3.04078,1.12714,0.128968
90.650702948,0.982308,0.197361,0.56723,0.0470411,0.652774,2.31693,0.00530624,0.000284567,0,2.80278,1.22183,0.0876934
90.697142857,0.925864,0.190739,0.906924,0.0355784,0.400092,2.42275,0.00184775,0.00153076,0,2.75846,1.15853,0.142893
90.743582766,0.710539,0.207523,0.897225,0.0534507,0.473561,2.49854,3.92703e-06,0.00233333,0.0269551,2.59373,1.05015,0.179708
90.790022676,0.628486,0.182043,0.600531,0.0696668,0.62688,2.20833,0,0.305755,0.416622,2.12718,1.18898,0.17368
90.836462585,0.518216,0.168732,0.651369,0.0350614,0.227652,1.80483,0.000362147,1.28866,0.791617,1.35376,1.17395,0.15067
90.882902494,0.379747,0.14203,1.2639,0.000538783,0.144729,1.67265,0,2.0756,0.263825,0.759293,1.56296,0.160536
90.929342404,0.299278,0.0332396,1.45754,0.00777961,0.139991,1.60701,0,2.93873,0,1.05728,1.56817,0.330147
90.975782313,0.448672,0,1.36788,0.0032394,0.0185527,1.42169,0,3.45012,0,1.57184,1.17566,0.455862
91.022222222,0.415496,0.0214055,1.18701,0.130009,0.00843712,1.20687,0,3.49891,0,1.61271,0.80558,0.481654
91.068662132,0.67945,0.139109,1.19195,0.0239622,0,1.66671,0,2.69328,0,1.65231,0.652857,0.449267
91.115102041,0.739586,0.102055,1.18431,0.0172674,0,2.29443,0.0529715,1.63604,0.000896557,1.68595,0.667064,0.403811
91.161541950,1.05804,0.0585545,1.00221,0.0141493,0,3.24372,0.0722473,0.563427,0.0298438,1.82723,0.460269,0.372196
91.207981859,1.58593,0.0425986,0.405407,0,0,3.74764,0.0435568,0.461202,0.0548737,2.30271,0.147985,0.196946
91.254421769,2.1372,0.00186186,0.306937,0,0.0154487,3.74032,0.0143507,0.223032,0.0794606,2.66463,0.138861,0.0107369
91.300861678,2.09133,0.0135176,0.205623,0.016005,0.0178163,3.45571,0.00215913,0.468865,0.121292,2.5559,0.317892,0
91.347301587,2.13873,0.0241284,0.238456,0.0559951,0,3.2984,0.0124913,0.273977,0.0675898,2.33682,0.179911,0
91.393741497,2.0951,0.0238811,0.163607,0.0670316,0,3.46421,0.0293128,0.0329797,0.0769202,2.24377,0.151145,0
91.440181406,1.9081,0.0363702,0.179753,0.0513018,0,3.60567,0.0363983,0.0664715,0.147897,2.01424,0.284118,0
91.486621315,1.73225,0.0388635,0.217537,0.00848041,0,3.43998,0.0396757,0.129361,0.261716,1.67879,0.472471,0.00620488
91.533061224,2.07501,0.039587,0.0439044,0.0100867,0.00205943,3.19124,0.0555195,0.325149,0.300839,1.45018,0.382978,0.0203019
91.579501134,2.54632,0.0334245,0.00304887,0.0176952,0.055162,2.87805,0.210444,0.396736,0.243646,1.58305,0.417776,0
91.625941043,2.32877,0.0386945,0.000942356,0.0193992,0.0769523,3.0035,0.0971948,0.378964,0.18966,1.87736,0.464673,0
91.672380952,2.03298,0.0382469,0.00531013,0.0138379,0.0828829,3.01153,0.0540794,0.364897,0.160636,2.10309,0.535967,0
91.718820862,2.16899,0.0491274,0.107678,0.0116086,0.0437655,2.91325,0.0368063,0.483969,0.23148,1.92604,0.50744,0.0736773
91.765260771,2.37575,0.0628882,0.108581,0.0137554,0.0645578,2.68996,0.0224935,0.700107,0.356946,1.52691,0.436044,0.180434
91.811700680,2.65057,0.0609282,0.00273815,0.0382681,0.084019,2.49038,0.205274,1.01585,0.331829,1.25327,0.502731,0.120502
91.858140590,2.80318,0.0506936,0.00225748,0.0620457,0.0769732,2.50227,0.240542,1.14715,0.122986,1.40546,0.577796,0.093568
91.904580499,2.54575,0.0509719,0.00115639,0.0551705,0.0519844,2.58145,0.190671,1.41809,0.119867,1.34687,0.549739,0.0213493
91.951020408,1.83635,0.086382,0,0,0.104485,2.58069,0.12279,2.15884,0.0779443,1.21436,0.548413,0.1961
91.997460317,1.24994,0.0874989,1.23588,0,0.268447,1.51925,0.326948,2.96027,0.0417934,0.677806,0.579847,0.67919
92.043900227,0.274979,0.0912935,1.95432,2.63693e-05,0.358638,0.963997,0.400401,3.21417,0.0193363,0.37155,0.705356,0.901184
92.090340136,0.301543,0.0945451,2.17441,0.00563217,0.325236,0.446279,0.20634,3.10981,0.015494,0.319466,0.724636,0.781276
92.136780045,0.246197,0.122568,1.93013,0.00965244,0.270753,0.855094,0.0583035,3.11684,0.00982968,0.285463,0.590864,0.732377
92.183219955,0.629188,0.232553,1.38174,0.0138378,0.178902,1.19288,0.0304807,2.89624,0.0770938,0.418845,0.197044,0.743884
92.229659864,0.793941,0.135564,1.19767,0.0125694,0.0400801,1.36997,0.0411071,2.79008,0.231892,0.492123,0.0826755,0.905114
92.276099773,0.893722,0.0765993,1.76352,0.0147593,0.0278648,1.39241,0.0518337,2.69962,0.249083,0.408634,0.210506,1.03812
92.322539683,0.703593,0.0690745,2.29458,0.0178727,0.0151534,1.29695,0.085564,2.96563,0.0755627,0.28796,0.363404,1.05849
92.368979592,0.958548,0.0582642,2.38434,0.0662491,0.0111443,1.15063,0.078718,3.08468,0.0705848,0.212725,0.590451,0.806913
92.415419501,1.42135,0.0543722,2.17007,0.0829027,0.0176215,1.10481,0.0518847,2.77882,0.1343,0.110688,0.626477,0.422674
92.461859410,1.97501,0.0652208,1.83029,0.149341,0.0266616,0.978242,0.0168869,2.29584,0.140052,0.10666,0.453836,0.351346
92.508299320,2.41936,0.201448,1.56315,0.00630031,0.150401,0.865114,0.035653,2.33277,0.242622,0.108556,0.391834,0.161023
92.554739229,2.46165,0.542157,0.939736,0.0718618,0.774108,1.17453,0.0419294,1.67133,0.392128,0.986508,0.228824,0.100384
92.601179138,2.49441,0.594172,0.100855,0.103861,1.1782,1.27364,0.0367182,0.923879,0.58022,1.60022,0.0415606,0
92.647619048,2.43658,0.41357,0.0134972,0.0907982,1.21796,1.65072,0.196786,0.403694,0.6532,2.04931,0.0464079,0
92.694058957,2.34945,0.409044,0.0121308,0.0756688,1.13098,1.90125,0.0235404,0.337271,0.455983,2.46115,0.0503059,0
92.740498866,2.26976,0.231909,0.0020763,0.105972,1.18835,2.06089,0.0276435,0.401403,0.107478,2.64716,0.0592086,0.0243944
92.786938776,2.14996,0.190786,0,0.118183,1.04269,2.19398,0.0401179,0.603651,0.0123163,2.89369,0.0566962,0.0281098
92.833378685,2.12121,0.230303,0.0149209,0.0987256,0.665265,2.08404,0.0340002,0.527512,0.0131428,3.10998,0.0377609,0
92.879818594,2.25107,0.314985,0.0953104,0.093292,0.353233,1.90668,0.0323004,0.596853,0.0579058,3.2091,0.0285743,0
92.926258503,2.48407,0.242443,0.124932,0.162606,0.276938,1.9458,0.0268445,0.860633,0.0879982,3.05276,0.0344752,0
92.972698413,2.65963,0.134902,0.123749,0.208329,0.301264,2.33945,0.0167147,0.944291,0.0966606,2.92599,0.0151203,0
93.019138322,2.72336,0.0441378,0.104647,0.207671,0.405631,2.57901,0,0.738174,0.0797408,2.78459,0.00875005,0
93.065578231,2.7165,0.0652675,0.0988451,0.114101,1.00944,2.19161,0,0.242582,0.0395398,2.56951,0.000682725,0.101303
93.112018141,1.96349,0.278139,1.65685,0.00203363,1.15157,1.6876,0,0.304891,0.0540998,1.90052,0.106703,0.0979444
93.158458050,0.918692,0.250871,2.93735,0.00562559,0.820705,0.905395,0.246917,0.360553,0.114623,1.65253,0.221247,0.110294
93.204897959,0.587551,0.146688,2.92522,0.00610406,0.0944521,0.66627,0.356213,0.33753,0.101822,1.93455,0,0.099828
93.251337868,0.449122,0.523604,2.41538,0.000226998,0.0284545,0.689111,0.216525,0.682703,0.0452262,2.09417,0,0.264468
93.297777778,0.766895,0.826736,1.27232,0.00578604,0.123722,0.832453,0.0384078,1.04037,0.0216516,2.41527,0,0.276592
93.344217687,2.51123,0.827324,0.0528455,0.00644415,0.828235,0.685326,0.00652869,1.41449,0.0128408,2.26052,0,0.122045
93.390657596,3.24753,0.250703,0.0394068,0,0.971636,0.624638,0.0193042,0.929666,0.47331,1.56362,0.0927587,0.000516226
93.437097506,3.20122,0.131271,0.0472415,0.00156717,0.85963,0.400165,0.0237245,0.64215,0.755902,1.24968,0.144991,0
93.483537415,3.07586,0.0961401,0.0226559,0,0.987217,0.0209928,0.359515,0.549284,0.64046,1.2024,0.299954,0.00208063
93.529977324,2.76596,0.0795649,0.0319893,0.117135,0.84438,0.180092,0.472399,0.589967,0.769302,0.850861,0.390886,0.00185494
93.576417234,3.43893,0.108815,0.394064,0.0700507,0.63307,0.67974,0.384852,0.352509,0.964614,0.490967,0.435927,0
93.622857143,3.26088,0.091705,0.383737,0,0.538422,1.39806,0.159262,0.866603,0.498926,0.93464,0.124422,0.436856
93.669297052,3.1989,0.0966931,0,0.000149287,0.495133,1.66584,0,1.35491,0.174448,1.53741,0.0561015,0.75012
93.715736961,3.28153,0.175105,0.0169481,0,0.494413,1.28881,0.0121621,1.36179,0.22001,1.90692,0.0450554,0.676661
93.762176871,3.08616,0.242563,0.0889172,0,0.765895,1.15871,0.00555689,1.44219,0.249549,2.11093,0.117186,0.295358
93.808616780,2.52812,0.287185,0.0496167,0.0717011,0.873608,1.01921,0.0155589,1.93755,0.212966,1.5314,0.314239,0
93.855056689,2.22039,0.012403,0.0285697,0.172616,0.285112,1.08964,0.0170171,1.53894,0.170047,0.380665,0.462586,0.117063
93.901496599,2.02394,0.0610072,0.0406185,0.29311,0.0180648,1.06214,0.0308222,1.08487,0.317719,0.193782,0.388269,0.149434
93.947936508,1.89629,0.0891781,0.098328,0.32178,0.0133043,1.05596,0.0329842,0.688361,0.357844,0.343109,0.269373,0.124923
93.994376417,1.73028,0.0305996,0.129105,0.165016,0.153337,0.974919,0.022629,0.149208,0.400454,1.44429,0.201556,0.0319127
94.040816327,1.42324,0.00433886,0.0268634,0.0664332,0.570842,0.71341,0.00987708,0,0.327608,2.7342,0.216565,0
94.087256236,1.28287,0.163214,0.00422676,0.00877013,0.649204,1.21298,0.010353,0.00208927,0.00919207,3.30785,0.21845,0.0178376
94.133696145,1.33238,0.253186,0.0279582,0.0100531,0.585228,1.72785,0.00641765,0.00405813,0,3.70209,0.161188,0.0270803
94.180136054,1.39713,0.122834,0.283917,0.00433145,0.544966,1.68969,0.00268765,0.00352773,0.0524013,3.65089,0.245838,0.0221602
94.226575964,2.62591,0.131386,0.145177,0.060388,0.359455,0.737187,0.000844985,0.222518,0.132173,3.55799,0.40161,0.0106098
94.273015873,3.75694,0.00733867,0.00296404,0.0234929,0.739261,0.294359,0,0.385147,0.125822,2.47564,0.458106,0.0312787
94.319455782,3.87126,0.00220335,0.00226582,0,1.01697,0.305477,0,0.440342,0.0261022,1.23325,0.493939,0.0812573
94.365895692,3.82509,0.0020339,0.0019598,0,1.00986,0.270823,0,0.631283,0,1.37955,0.440346,0.12438
94.412335601,3.64699,0.00132528,0.00179092,0.00981467,1.16114,0.210752,0.00496928,0.901931,0.125201,1.63451,0.248018,0.137093
94.458775510,3.53208,0.000222132,0.000171119,0.012088,1.07703,0.114957,0.0173317,1.03695,0.0380802,2.01895,0.141752,0.143344
94.505215420,3.31722,0.116107,0,0.0128983,0.839091,0.071301,0.00440053,1.15032,0,2.21569,0.0369914,0.153754
94.551655329,2.85022,0.299189,0,0.0105347,0.608439,0.0672122,0.000803575,1.15853,0.0188615,2.26731,0,0.155689
94.598095238,1.945,0.293529,0.0502934,0.0140624,0.807025,0.166551,0.0310198,0.658173,0.484733,1.97104,0.041228,0.107911
94.644535147,1.08324,0.139357,0.0526401,0.0127114,0.957191,0.189238,0.0374775,0.130764,0.780347,2.03814,0.757105,0.000408939
94.690975057,0.607087,0.0665189,0.0244912,0.0648405,1.12056,0.0436065,0.0346237,0.150441,0.640944,2.15381,0.842431,0.000635144
94.737414966,0.40086,0.14378,0,0.082465,1.29032,0,0.0275866,0.126882,0.291344,2.58337,0.615151,0.000715925
94.783854875,0.351535,0.217971,0,0.00252882,1.37382,0.0177083,0.0287114,0.0653615,0.0982886,3.45201,0.301365,0.115524
94.830294785,0.422447,0.377786,0.679612,0.000497666,1.79724,0.0316323,0.0331628,0.129473,0.0789788,3.71122,0.0443354,0.109911
94.876734694,0.254533,0.289708,0.744863,0,1.55841,0.0576495,0.104057,0.877819,0.0695714,3.50945,0,0.0622512
94.923174603,0.529792,0.268247,0.623223,0.0241992,1.50213,0.0536242,0.0382195,0.966712,0.0944855,3.2886,0,0.00759669
94.969614512,0.729121,0.288691,0.727727,0.0971203,1.34902,0.0147301,0.0094703,0.755517,0.078655,3.06649,0.2022,1.84336e-05
95.016054422,0.846361,0.318229,0.66312,0.119259,1.1845,0.0283844,0,0.90021,0.067061,2.57654,0.157359,0.200858
95.062494331,0.712625,0.198728,1.08709,0.0222508,1.05287,0.0738323,0,1.30743,0.110543,1.67307,0.0879467,0.496558
95.108934240,0.795029,0.178995,1.36144,0,0.835832,0.155495,0.000825479,1.6826,0.190177,1.03111,0.0537214,0.611504
95.155374150,0.843109,0.129654,1.28498,0.0165339,0.646011,0.301123,0,1.80466,0.175266,1.28138,0.144498,0.340512
95.201814059,0.637792,0.214535,1.31558,0.160769,0.705049,0.425415,0,1.47145,0.160201,0.854994,0.731248,0
95.248253968,0.534685,0.19731,1.60402,0.171074,0.565288,0.617846,0.00543857,1.04997,0.332192,0.539823,1.575,0
95.294693878,0.617384,0.0897794,1.9792,0,0.32972,0.727584,0.0677926,1.68906,0.613111,0.070888,1.75666,0.0861762
95.341133787,0.27744,0.0866313,2.15568,0,0.128021,0.707451,0.130955,2.49962,0.429387,0.0304946,1.5103,0.0982442
95.387573696,0.327363,0.0560705,2.17752,0.0859654,0.0156936,0.469502,0.158731,2.98453,0.0726829,0.413389,1.26872,0.11223
95.434013605,0.433526,0.386347,1.69526,0.14878,0.0241501,0.132959,0.519421,3.07636,0.0748748,0.993058,1.12127,0.0158969
95.480453515,0.522442,0.654314,1.23837,0.13239,0.103928,0.222215,0.900793,2.66149,0.0634964,1.53467,0.957073,0
95.526893424,0.444908,0.718767,1.01014,0.0290595,0.345571,1.43175,0.897786,1.94185,0.0418774,2.27213,0.600327,0
95.573333333,0.347285,0.613783,0.429859,0.00376283,0.539412,2.29356,0.278181,1.25638,0.0663963,2.76626,0.434149,0.0414102
95.619773243,0.449611,0.0447289,0.447123,0,0.502726,2.67675,0,0.686865,0.0285916,2.79817,0.29463,0.124356
95.666213152,0.428879,0.134016,0.564479,0,0.54882,2.63907,0,0.35713,0.0433293,2.57784,0.298578,0.108108
95.712653061,0.818363,0.19457,0.923966,0.0157253,0.632877,2.54565,0.000953548,1.00846,0.453035,1.32856,0.164536,0.126659
95.759092971,0.769408,0.105529,0.890085,0.0127471,0.881138,1.50096,0.142442,2.81734,0.75721,0.218817,0.150074,0.60828
95.805532880,0.695363,0.0469065,0.81622,0.0752754,0.758583,1.23123,0.0575605,2.97557,0.846161,0.0915059,0.326069,0.83034
95.851972789,0.771091,0.018181,0.948592,0.0526434,0.592779,1.58661,0.0106974,2.63501,0.758554,0.127223,0.705724,0.956674
95.898412698,0.928837,0.0319387,0.9338,0,0.455333,1.74645,0.0311829,2.41393,0.587574,0.151494,1.12851,0.787791
95.944852608,1.31272,0.00558124,0.851333,0,0.35484,1.39077,0.0420879,2.42674,0.25057,0.125075,1.32314,0.43787
95.991292517,2.01726,0.00243996,0.594115,0.00514411,0.803503,0.596135,0.093474,2.4313,0.191644,0.110817,1.31052,0.0902062
96.037732426,2.23475,0.00258973,0.512945,0.018294,1.21154,0.0633905,0.0685673,2.59423,0.269954,0.146071,1.19833,0.107729
96.084172336,1.93858,0.29033,0.24715,0.124986,1.1715,0.0669438,0.0772707,2.96966,0.142293,0.192269,1.10763,0.250903
96.130612245,1.65834,0.572824,0.120299,0.349049,0.589591,0.0851074,0.0749774,3.07384,0.115971,0.112676,1.13152,0.508145
96.177052154,1.26007,0.4609,0.424732,0.339881,0.00444052,0.478413,0.0721309,3.10223,0.126818,0.0306036,1.13857,0.772338
96.223492063,1.24686,0.376159,0.688959,0.155923,0.111413,0.215146,0.0343089,3.29095,0.124316,0.0564048,1.31512,0.842468
96.269931973,1.17316,0.464519,0.360712,0.150272,0.383446,0.0269808,0.0151409,3.52865,0.0272745,0.132891,1.48521,0.620402
96.316371882,1.16834,0.23318,0.197142,0.12713,0.374642,0.0592356,0.0165808,3.49136,0.0815908,0.146647,1.48359,0.393772
96.362811791,1.01512,0.141459,0.200471,0.292154,0.325375,0.0890573,0.011644,3.46111,0.123817,0.0802759,1.36489,0.394061
96.409251701,0.851941,0.165163,0.511401,0.468796,0.272749,0.0850569,0.00489223,3.66509,0.124768,0.0199016,1.30757,0.456361
96.455691610,0.633226,0.3066,1.15547,0.416462,0.19331,0.0547197,0.00738466,3.76737,0.0907446,0.0194181,1.5239,0.467312
96.502131519,0.492668,0.272801,1.3306,0.3231,0.068549,0.0110363,0.0357499,3.70525,0.0945125,0.0185812,1.86453,0.438375
96.548571429,0.37353,0.00188253,1.20028,0.150752,0.287345,0.21644,0.0677051,3.49476,0.164235,0.0161361,2.1122,0.44984
96.595011338,0.534879,0.00112438,1.17978,0.0250415,0.557684,0.326591,0.0597536,3.45143,0,0.0131358,2.13989,0.40581
96.641451247,0.787597,0.0122089,1.30252,0.0144179,0.411258,0.337154,0.0461575,3.5743,0,0.0110016,2.00047,0.457342
96.687891156,0.859582,0.16957,1.45348,0.00688687,0.227428,0.288147,0.0298376,3.66162,0,0.00891169,1.71167,0.921073
96.734331066,0.554067,0.18685,1.55528,0.0059105,0.302071,0.313296,0.0513502,3.80499,0,0.00814551,1.40261,1.05517
96.780770975,0.530954,0,1.68388,0.00179374,0.17788,0.377288,0.0511525,3.79465,0,0.0100615,1.34072,0.920635
96.827210884,0.414344,0,1.78606,0.00290056,0.00812513,0.53401,0.0748483,3.69575,0.137222,0.0118585,1.34291,0.538069
96.873650794,0.535568,0,1.8217,0.00762743,0,0.620882,0.0799097,3.63537,0.186923,0.0160891,1.57466,0.420427
96.920090703,0.948912,0.0304492,1.7795,0.0149929,0.00122464,0.563779,0.0779322,3.58019,0.0456348,0.0122909,1.80535,0.166913
96.966530612,1.01394,0.082279,1.89774,0.0054262,0.0241679,0.487371,0.0512383,3.56786,0.259944,0.00530089,1.7896,0
97.012970522,0.779103,0.148809,2.03374,0.00188103,0.116564,0.512845,0.0440692,3.42232,0.626988,0.00279446,1.58817,0.0527783
97.059410431,0.328167,0.249035,2.06856,0.00116716,0.178839,0.397414,0.0637764,3.6705,0.469725,0.00587882,1.44168,0.13982
97.105850340,0.388896,0.278741,1.79719,0,0.0659053,0.105328,0.0900288,4.00499,0.0106536,0,1.7102,0.274713
97.152290249,0.647915,0.220162,1.67493,0.0250195,0,0,0.0709865,4.05022,0,0,1.71269,0.308871
97.198730159,0.448187,0.0491316,1.55117,0.239569,0.0360267,0.00710454,0.0537789,4.13567,0.00548961,0,1.69623,0.45378
97.245170068,0.199174,0.125381,1.43755,0.564986,0.00340429,0.0116571,0.0351983,4.01575,0.027098,0.0947721,1.75831,0.38847
97.291609977,0,0.225545,1.37273,0.702891,0.0143938,0.00864411,0.0185525,4.05746,0.027484,0.0970198,1.96454,0.392041
97.338049887,0,0.143707,1.51891,0.655165,0.013364,0.0110209,0.0251911,4.10148,0.0177379,0.0841682,2.14768,0.504129
97.384489796,0,0.0550141,1.60074,0.454342,0.0185743,0,0.0295598,4.1553,0,0.00967218,2.34582,0.58284
97.430929705,0.000225593,0.0805871,1.69064,0.0547621,0,0,0.0395129,4.00764,0.0426935,0.00917324,2.61321,0.52244
97.477369615,0.000610989,0.586564,1.24572,0.000195871,0.00819647,0,0.183793,3.5142,0.10936,0.00844739,2.22503,0.551984
97.523809524,0.000742748,1.75953,0.195586,0.00329976,0.0407275,0.121348,0.218101,2.62059,0.295761,0.101629,1.62947,0.510325
97.570249433,0.00736009,1.69136,0.198527,0.0035529,0,0.482994,0.164816,2.20543,0.128793,0.156264,1.4687,0.403609
97.616689342,0.00083531,1.05883,1.23588,0,0.0640565,0.390922,0.106189,2.0756,0.276865,0.115206,1.41357,0.299244
97.663129252,0.000565554,0.443753,2.37329,0,0.156391,0.344792,0.10156,1.90825,0.205535,0.13511,1.31219,0.215389
97.709569161,0.000422337,0.17972,2.86055,0,0.0709566,0.293264,0.0735966,1.77026,0.0994734,0.187099,1.37902,0.229794
97.756009070,0.000420895,0.21368,2.94831,0.00450561,0.0698234,0.265651,0.122003,1.65584,0.117625,0.252559,1.34171,0.0121699
97.802448980,0.0150325,0.157472,2.8255,0.00647613,0.0435285,0.310847,0.310015,1.68512,0.261541,0.15855,1.15695,0.00199725
97.848888889,0.081139,0.115197,3.02456,0.00321472,0.0470244,0.31618,0.181801,1.83924,0.11889,0.524526,0.729021,0.000299783
97.895328798,0.0576282,0.131186,3.22778,0,0.0719353,0.167358,0.133474,2.10423,0.0189352,0.754216,0.292395,0.0384993
97.941768707,0.0443287,0.0735059,3.36592,0.0414032,0.0854008,0,0.498244,2.06446,0.00605441,0.744261,0.346967,0.0442889
97.988208617,0.154344,0.0011405,3.25527,0.482545,0.0714351,0,0.621861,1.71215,0,0.636619,0.512056,0.00991156
98.034648526,0.204403,0.00499379,2.66064,0.454276,0.386459,0,0.646529,1.43967,0.0934773,0.595396,1.09916,0
98.081088435,0.169557,0.0167871,1.46015,0.536091,1.42289,0,0.445938,1.31367,0.108369,0.520948,1.41315,0
98.127528345,0.0981362,0.0297706,0.794173,0.366236,1.97462,0.38168,0.109157,1.07106,0.0930508,0.636256,0.938779,0
98.173968254,0.266542,0.0374745,0.538242,0.0614765,1.53325,1.61591,0.0566684,0.896977,0.0838433,0.733807,0.455348,0
98.220408163,0.515575,0.0376235,0.72648,0.0177842,0.559621,2.37526,0.0576922,0.791061,0.0658584,0.442664,0.828266,0.0601142
98.266848073,0.718267,0.0367944,0.965456,0.0173885,0.0985833,2.98352,0.0512574,0.766294,0.0421381,0.18255,1.03555,0.0584844
98.313287982,0.860444,0.0389356,0.954847,0.0107599,0.0169037,3.34097,0.0252645,0.777452,0.0177161,0.157229,1.12943,0.150523
98.359727891,0.942826,0.0807881,1.07525,0.00304665,0.0120303,3.37129,0.030145,0.733701,0.00737366,0.107833,1.21815,0.0607678
98.406167800,0.919987,0.144312,1.16097,0.00245928,0.0285142,3.26389,0.0353292,0.775583,0.0209018,0.102896,1.18965,0.013888
98.452607710,0.741322,0.0646304,1.19379,0.00699076,0,3.24083,0.0158641,0.846315,0.010419,0.19147,1.14118,0
98.499047619,0.566457,0.0631144,1.24924,0.00833077,0.0322101,3.27294,0.00607818,0.839179,0.00932305,0.307535,1.2171,0.0155502
98.545487528,0.565173,0.150842,1.25257,0.0173589,0.104939,3.17416,0.00284255,0.868792,0.0786709,0.346261,1.46613,0
98.591927438,0.477039,0.129501,1.11097,0.0126769,0.0100687,2.91034,0,1.20182,0.0634191,0.469918,1.53504,0
98.638367347,0.31597,0.126389,1.02477,0.00849782,0.0238393,2.70967,0,1.35574,0.00069101,0.986399,1.27515,0.0531098
98.684807256,0.470557,0.202037,0.937565,0.0332506,0.027634,2.71374,0.0230757,1.13415,0,1.20342,1.23599,0.196028
98.731247166,0.588216,0.237783,1.03837,0.0174114,0.00289673,2.62516,0.000510924,1.13482,0.0340106,1.06725,1.24132,0.48911
98.777687075,0.710548,0.318314,0.872984,0.0194324,0,2.18259,0.00482146,1.08294,0.0665059,1.0512,1.28613,0.505002
98.824126984,0.492697,0.360165,0.806526,0.0174573,0,2.02126,0.000723148,1.23789,0.0477383,0.965898,1.4542,0.555525
98.870566893,0.152672,0.300024,0.85442,0.0254129,0.00311985,2.40741,0,1.43312,0.081247,0.619244,1.83952,0.392505
98.917006803,0.205151,0.120333,1.27482,0.00910324,0.0384072,2.77811,0,1.52727,0.0717424,0.229272,1.70394,0.258404
98.963446712,0.169287,0.121827,1.57446,0.163269,0.00603365,2.61559,0.0560307,1.22676,0.00193957,1.40958,1.46565,0.338876
99.009886621,0.272701,0.279329,1.77232,0.910268,0.00304519,2.11323,0.0770423,1.19145,0,1.67825,1.23936,0.325467
99.056326531,0.301382,0.00696324,1.85561,1.12412,0.00193215,1.75024,0.105409,1.27441,0.0875992,1.73112,1.20262,0.318198
99.102766440,0.459352,0.0183337,1.72848,1.15417,0.730075,1.4869,0.130822,1.30989,0.0129433,1.43815,1.54344,0.275147
99.149206349,0.480168,0.0485631,1.46006,0.955061,1.41804,1.23657,0.100773,1.33321,0.0270791,1.16446,1.74405,0.220949
99.195646259,0.354161,0.0454206,0.997563,0.457639,1.29859,1.31273,0.0450058,1.14185,0,1.09013,1.51712,0.692692
99.242086168,0.104453,0.0507359,0.979885,0.0187079,0.935017,2.01504,0.0261779,1.05425,0.0262646,1.02167,0.616303,1.16779
99.288526077,0.141333,0.0570619,1.35149,0.0943567,0.708916,2.31083,0.0773284,1.22237,0.029132,1.06929,0.745743,0.965804
99.334965986,0.0789145,0.0655634,1.56423,0,0.499263,2.5019,0.125397,1.31595,0.0694526,1.15252,1.26303,0.546346
99.381405896,0.0742994,0.268759,1.78149,0,0.569915,2.70953,0.114104,1.22047,0.0590021,1.03636,1.26223,0.249904
99.427845805,0.404277,0.117471,1.93656,0,0.438798,2.97965,0.100863,0.72569,0.0699471,1.15,1.02724,0.329225
99.474285714,0.448956,0.0215785,2.09222,0,0.349426,3.13613,0.101531,0.517297,0.0888312,1.02272,1.13799,0.19896
99.520725624,0.394244,0.124996,1.89884,0.161738,0.202997,3.10039,0.12595,0.429682,0.174715,0.882517,1.5193,0.169114
99.567165533,0.204608,0.190052,1.45693,0.636447,0.5105,2.14958,0.155844,0.639521,0.204814,0.568933,2.38691,0.0557751
99.613605442,0.0945454,0.141988,1.31283,1.03152,0.683622,1.5691,0.174267,0.855489,0.196016,0.301515,2.7245,0.0206663
99.660045351,0.0847883,0.0762857,1.7307,0.962527,0.167707,1.598,0.101463,1.03489,0.135911,0.115046,2.74448,0.000914415
99.706485261,0.186468,0.0755854,2.11427,0.491741,0.0362711,1.75407,0,1.11975,0.119861,0.0712147,2.6239,0
99.752925170,0.0699135,0.0708449,2.37766,0.281657,0.0300623,1.67914,0.0243125,1.09243,0.0757919,0,2.60033,0
99.799365079,0.034565,0.151725,2.16057,0.332758,0.12813,1.23491,0.0594138,1.73237,0.0874908,0.0787165,2.6541,0.0289162
99.845804989,0.273103,0.0481087,1.93374,0.603946,0.237873,0.897136,0.0522168,2.44213,0.0400799,0.401327,2.2672,0
99.892244898,0.440588,0.014715,2.0519,0.59928,0.00693957,1.25465,0.0514669,2.312,0.0461329,0.724195,1.88541,0
99.938684807,0.516303,0.0162267,2.11423,0.297376,0,1.63436,0.137199,2.05299,0.0473871,0.779141,1.90391,0
99.985124717,0.519954,0.0212692,2.10075,0.14762,0,1.74244,0.0650075,1.98607,0.074597,0.399888,2.04225,0.00720857
100.031564626,0.512436,0.0713206,1.8013,0.392779,0,1.60023,0.0661967,2.17635,0.319086,0.136052,1.87887,0.0807355
100.078004535,0.725858,0.0771294,1.71157,0.639553,0.43221,0.703704,0.138347,2.05244,0.0994118,0.62079,1.1139,0.0297067
100.124444444,0.992174,0.148234,0.49283,0.892354,1.02341,0.689852,0.197546,1.07487,0.0850275,0.674375,1.0361,0.12824
100.170884354,1.04735,0.0833849,0.380269,1.09644,0.549734,0.715954,0.221088,0.443757,0.1085,1.06459,0.977428,0.170211
100.217324263,0.713185,0.047801,0.262063,1.29983,0.283297,0.675808,0.221239,0.344256,0.152441,1.32137,1.40294,0.00259912
100.263764172,0.474975,0.0413099,0.239063,1.64278,0.331176,0.656796,0.149595,0.293576,0.154099,1.34128,1.62358,0.0538521
100.310204082,0.677561,0.00323401,0.24302,1.65022,0.728554,0.400921,0.0263946,0.16104,0.100788,1.23643,1.35143,0.642574
100.356643991,0.950617,0.0025825,0.0505023,0.865337,1.55466,1.04914,0.0412555,0.0367383,0.0364698,1.02963,0.990595,1.06719
100.403083900,1.55047,0.00440216,0.00426358,0.0620479,1.46452,1.9808,0.0338055,0.0142317,0.400194,0.737668,0.689677,0.910968
100.449523810,1.34622,0.040877,0.00443803,0.0129314,1.22659,3.21432,0.0171907,0.0214535,0.415756,0.202762,0.0376396,0.39591
100.495963719,1.55511,0.0153557,0.0792628,0.000823316,0.745995,3.69597,0.00829292,0.0746602,0.181507,0.0389978,0.00353301,0.224267
100.542403628,1.89929,0.00246812,0.154265,0,0.752532,3.66117,0,0.0485701,0.000519311,0,0.0734884,0.514995
100.588843537,2.02876,0.0025343,0.176433,0,0.750926,3.76968,0,0.0467518,0.000964361,0,0.127996,0.805282
100.635283447,2.10449,0.00221326,0.095448,0.00379882,0.647787,3.8651,0,0.0434182,0.00175874,0.00415493,0.0298937,0.771277
100.681723356,2.27797,0.00304357,0.00297529,0.0195393,0.282016,3.98843,0,0.0449398,0.00812452,0.10206,0.0154781,0.629092
100.728163265,2.57382,0.00324048,0.00266954,0.0487891,0.0268471,4.0274,0.00488067,0.0499713,0.0175433,0.116456,0,0.117336
100.774603175,2.58061,0.00327801,0.00226797,0.0711375,0.0324441,4.02654,0,0.0523071,0.126177,0.0730512,0,0.140855
100.821043084,2.49361,0.00234866,0.000339003,0.0691305,0.0178515,3.89302,0,0.0522185,0.30027,0.0679857,0.0551684,0.164105
100.867482993,2.53029,0.165466,0.000539391,0.0629793,0.0104576,3.78505,0,0.0513446,0.290359,0.131862,0.0814329,0.165166
100.913922902,2.38711,0.201503,0.257821,0.0189607,0.00896764,3.74812,0,0.205359,0.150176,0.0656762,0.10587,0.0975122
100.960362812,1.84792,0.0723014,1.06258,0,0.00940091,3.43361,0.0462049,0.34269,0.3999,0.00098821,0.219519,0.156613
101.006802721,1.70957,0.00566044,1.78469,0,0.0252465,2.94279,0.229487,0.0970129,0.761828,0,0.109737,0.150388
101.053242630,1.71751,0.0147608,2.01372,0,0.0931798,2.37678,0.451541,0.280602,0.820921,0,0.00983412,0.119034
101.099682540,1.8072,0.417289,1.79578,0.00505618,0.170825,2.45334,0.277909,0.50479,0.542522,0.0735928,0,0.0490275
101.146122449,1.95779,1.04009,1.32267,0.0131276,0.248292,2.57254,0.0836344,0.891455,0.27368,0,0,0.0221743
101.192562358,2.72744,0.851092,0.737498,0.0159586,0.440345,2.71859,0.103286,1.00226,0.303818,0,0,0.0234047
101.239002268,3.49328,0.0222799,0.445861,0,0.851573,2.4131,0.0939641,1.31675,0.250612,0,0.00881641,0.0379157
101.285442177,3.75103,0.0332569,0.496435,0,1.41054,1.90672,0.137481,1.46008,0.0248662,0,0.0151309,0.0526842
101.331882086,3.84025,0.022779,0.403914,0,1.74105,1.60107,0.0522792,1.45984,0.0235135,0,0.0236779,0.0544438
101.378321995,3.98079,0.031253,0.222809,0,1.94501,1.29817,0.0594479,1.42316,0.016894,0,0.040715,0.0230924
101.424761905,4.0456,0.0511636,0.304907,0.00296422,2.16736,0.852425,0.0975937,1.06688,0.0661304,0.0273411,0.0536577,0.0150394
101.471201814,4.03483,0.0514141,0.194118,0.00748582,2.12372,0.997497,0.186655,0.841357,0.0631993,0.113463,0.0550155,0.0355295
101.517641723,4.00126,0.0118161,0.0303211,0.0106274,1.94672,1.3182,0.257809,0.702115,0.00164472,0.134989,0.0445488,0.0744288
101.564081633,4.09469,0.00615058,0.000506148,0.0171552,2.01753,1.12675,0.196716,1.11692,0,0.0612656,0.0314431,0.0944191
101.610521542,4.34365,0.0179971,0.000373992,0.0158198,2.22195,0.584025,0.0268103,1.34882,0.00158731,0.0285511,0.0287991,0.0242892
101.656961451,4.32407,0.0292472,0.000607378,0.00742026,2.35563,0.286382,0.0537009,1.51158,0.00575332,0,0.0255429,0
101.703401361,4.20223,0.0353333,0.000818805,0.0225774,2.34052,0.255849,0.0505015,1.53763,0.0101358,0,0.0287514,0.0371472
101.749841270,4.19475,0.0254179,0.000226721,0.0058157,2.22658,0.21551,0.0470288,1.69608,0.0725497,0,0.0124985,0.0465314
101.796281179,4.2059,0.0782438,0,0,2.19489,0.278997,0,1.52258,0.208556,0.0715197,0.00056822,0.0442195
101.842721088,4.22397,0.0394017,0,0.00456039,2.38809,0.296172,0,1.16181,0.421234,0.0713287,0.0747687,0.0180956
101.889160998,4.12022,0.0498115,0.000558289,0.00749948,2.5953,0.326717,0.00561152,1.1897,0.675233,0.0900922,0.12679,0.00349824
101.935600907,3.98262,0.0452578,0.000796658,0.0113988,2.63279,0.387814,0.0468997,1.32511,0.648848,0.0990741,0.0769505,0.00794482
101.982040816,3.75774,0.031688,0.00109025,0.0140909,2.54364,0.498908,0.0642357,1.63359,0.263327,0.0785947,0.0519916,0.0114679
102.028480726,3.74038,0.0277704,0.000565477,0.0143536,2.3398,0.619222,0.0506466,1.80081,0.125043,0.0750448,0.085021,0.0184788
102.074920635,4.13003,0.0392496,0.0144344,0.0153614,2.20915,0.714406,0.0529582,1.55578,0.0938648,0.0333855,0.0473301,0.0245486
102.121360544,4.35653,0.0293975,0.116284,0.0169467,2.08488,0.880591,0.0813469,0.853784,0.0656865,0.0088026,0.0370648,0.0379109
102.167800454,4.44049,0.012254,0.162352,0.0128442,2.20564,0.699212,0.070305,0.585115,0.0599579,0.0114864,0.0211656,0.0201954
102.214240363,4.4743,0.0173106,0.211327,0.00329873,2.29086,0.459062,0.130855,0.60468,0.17833,0.0102384,0.00229377,0.000566721
102.260680272,4.3709,0.0325553,0.144235,0,2.28269,0.410556,0.141775,0.548562,0.29283,0.0519342,0,0
102.307120181,4.35394,0.039578,0.138316,0,2.00206,0.343661,0.0802649,0.698383,0.368641,0.229454,0.0247141,0.0322282
102.353560091,4.42294,0.0027526,0.129795,0,1.90035,0.152575,0.0393976,0.736393,0.195627,0.552804,0.0518691,0.0273341
102.400000000,4.30966,0.015638,0.0610594,0,1.7831,0.179928,0.100207,0.36396,0.108621,1.52764,0.121905,0.0368823
102.446439909,4.10702,0.0121309,0.022722,0.0606676,1.7132,0.186286,0.0996429,0.281804,0.0254138,2.2202,0.140606,0.00929946
102.492879819,3.96342,0.0407043,0,0.0390011,1.69091,0.164284,0.0254814,0.342369,0.0753093,2.63011,0.212024,0.000158684
102.539319728,4.01913,0.0512104,0,0,1.79857,0.0521839,0.0101413,0.324786,0.148562,2.56506,0.157366,0.0266538
102.585759637,3.91999,0.00226034,0.0126953,0.00158037,1.90833,0.0467315,0.00842037,0.147221,0.0513721,2.50557,0.212621,0.024951
102.632199546,3.39679,0.0292579,0.119751,0.00569371,1.79193,0.0443683,0.0112081,0.0344257,0.226349,2.86597,0.0830624,0.0222869
102.678639456,2.79022,0.0514333,0.340023,0.0074745,1.6384,0.0430511,0.0616179,0.0340257,0.34219,3.1671,0.0962214,0
102.725079365,2.92354,0.00123187,0.752658,0.0155276,1.53867,0.0233914,0.0972964,0.156831,0.512409,2.80242,0.11944,0.0285034
102.771519274,3.17819,0.00220201,0.831699,0.00989381,1.47687,0.0162608,0.0752869,0.425061,0.584631,2.17859,0.198368,0.0529563
102.817959184,3.31226,0.00194823,0.920073,0.00874581,1.35165,0.0180502,0.066221,0.401296,0.547057,1.8982,0.175429,0.0517622
102.864399093,3.33992,0.104383,0.798857,0.0103413,1.24637,0.0100191,0.0694238,0.95171,0.339675,1.94566,0.141402,0.0287503
102.910839002,2.94493,0.829829,0.905336,0.00985506,1.00106,0.00545311,0.0824079,1.47333,0.174578,1.74986,0.238189,0.00735117
102.957278912,2.5525,0.869141,1.26223,0.00661536,0.770252,0.00157762,0.100913,1.9522,0.0146778,1.19394,0.193592,0.031391
103.003718821,2.63276,0.854022,1.43607,0,0.801658,0.00134851,0.0697183,2.3558,0.0098483,0.494747,0.159125,0.0326314
103.050158730,2.95827,0.771318,1.51037,0,0.766134,0.00887812,0.0542296,2.55262,0.00440947,0.471626,0.167312,0.02527
103.096598639,3.24703,0.708351,1.59619,0.000364377,0.834495,0.0143863,0.048896,2.58348,0.011848,0.556509,0.0905577,0.00740646
103.143038549,3.40999,0.421228,1.68866,0.00132506,1.08077,0,0.0537653,2.35147,0.168839,0.677327,0.033843,0.0161098
103.189478458,3.44679,0.00316177,1.94999,0,1.32448,0.0043878,0.223288,2.01077,0.200328,0.297625,0.147621,0.0306674
103.235918367,3.26673,0.00322575,2.26529,0,1.37464,0.0151246,0.237584,1.71577,0.105181,0.0877525,0.271211,0.0486204
103.282358277,3.20963,0.0193654,2.0714,0,1.3883,0.0142626,0.0780167,1.95063,0.103783,0.016273,0.324429,0.121515
103.328798186,3.35013,0.013164,1.41137,0,1.51709,0.015986,0.187232,1.71809,0.260894,0.107911,0.258309,0.180524
103.375238095,3.35998,0,0.874863,0,1.74381,0.126667,0.791956,1.33818,0.339824,0.0844203,0.176855,0.185088
103.421678005,3.16477,0.000932944,0.726718,0,1.74129,1.11503,1.11324,1.14077,0.25366,0.0373722,0.0731398,0.135216
103.468117914,3.29915,0.022579,0.762168,0,1.66566,1.45854,1.13743,0.0680087,0.181058,0.0808304,0.0423374,0.117157
103.514557823,3.39591,0.112183,0.457323,0.0264703,1.37085,2.06796,0.319615,0,0.409405,0.395982,0.00222974,0.0589887
103.560997732,3.1213,0.101618,0.21958,0.0478656,1.24993,2.56868,0.0112436,0,0.626046,0.482538,0.00244476,0.0659735
103.607437642,2.85849,0.0700281,0.204015,0.0145185,1.53802,2.62986,0.00429944,0,0.6929,0.583452,0.002211,0.0889891
103.653877551,2.80131,0.0692319,0.199992,0.014151,1.80568,2.60939,0.00618554,0,0.645855,0.548324,0.0125454,0.09278
103.700317460,2.70101,0.19749,0.220739,0.0140205,2.19673,2.73597,0.00832604,0.134682,0.475481,0.365546,0.0350229,0.0954654
103.746757370,2.86172,0.135435,0.301735,0.0121031,2.34828,2.55875,0.0178706,0.2452,0.375146,0.323287,0.0411684,0.0310423
103.793197279,2.85786,0.212366,0.334161,0.0138126,2.55976,2.29845,0.0179872,0.431919,0.321806,0.209212,0.0403258,0.0102799
103.839637188,2.71025,0.415577,0.35489,0.00910155,2.58023,2.31815,0.0199095,0.612256,0.312142,0.0337784,0.0437007,0.0269061
103.886077098,2.837,0.512557,0.346279,0.00621529,2.28925,2.23417,0,0.66722,0.255622,0.008995,0.0429444,0.0749504
103.932517007,2.91432,0.278613,0.252131,0.000145392,2.01042,2.48071,0.0252176,0.780932,0.149551,0.0114461,0.0399738,0.101893
103.978956916,3.0358,3.94611e-05,0.182886,0,2.03517,2.45745,0.0452911,1.12427,0.0052366,0.0138893,0.0327052,0.051987
104.025396825,3.0711,0.000340573,0.152927,0,1.72178,2.40828,0.0564178,1.43781,0.0288808,0.0124181,0.0197938,0.0294205
104.071836735,3.21933,0.00092996,0.358486,0.082376,1.06012,1.39882,0.0424784,1.72836,0.279118,0.00736577,0.014914,0.0204423
104.118276644,3.0323,0.00192325,0.289559,0.0727106,1.00886,0.619797,0.0357475,2.0138,0.532697,0.0301893,0.0352973,0.0591999
104.164716553,3.2969,0.00216952,0.2547,0.0699869,1.0807,0.112998,0.0303708,2.0229,0.471831,0.0284882,0.0447375,0.0473453
104.211156463,3.61745,0.00196723,0.373731,0.0435651,1.14149,0.167776,0.10861,1.99905,0.300563,0.00747123,0.0709189,0.0320362
104.257596372,3.81084,0.00215192,0.756049,0.00555878,1.3893,0.0236167,0.187893,1.93575,0.195779,0.00502758,0.137258,0.0477495
104.304036281,3.70633,0.00283959,0.880174,0,1.59691,0.0310917,0.121212,1.96342,0.282395,0.00863811,0.0679118,0.0366066
104.350476190,3.7035,0.00246084,0.684152,0,1.51347,0.0169266,0.0479557,1.96315,0.494828,0.0432952,0.00643417,0.0322542
104.396916100,3.54704,0.00250135,0.573575,0,1.55842,0.012132,0.0475122,1.87874,0.476799,0.0658255,0.40676,0.041384
104.443356009,3.28244,0.00274384,0.534754,0,1.89467,0.00547234,0.125092,2.13828,0.33192,0.0711037,0.797829,0.0395541
104.489795918,3.56437,0.00268936,0.649105,0,2.10723,0.00844513,0.116261,1.80844,0.207704,0.0913456,0.622412,0.0323168
104.536235828,3.76919,0.00241492,0.671229,0,2.29589,0.0226765,0.0784001,1.90042,0.0733584,0.0743485,0.302454,0.0268746
104.582675737,3.95926,0.00249165,0.510334,0,2.35091,0.0135876,0.0799767,1.88362,0.00665619,0.0410783,0.381766,0.0477093
104.629115646,4.11037,0.0021727,0.214322,0.00230303,2.11028,0.00806866,0.238387,1.45752,0,0.0113417,0.538426,0.00462558
104.675555556,4.01807,0.00203827,0.206763,0.0254949,1.56482,0.153592,1.01202,0.672866,0.105181,0.738352,0.528026,0.0258128
104.721995465,3.44113,0,0.157271,0.318404,0.921782,1.24453,1.49618,0.0185547,0.165302,1.58591,0.481097,0.0226305
104.768435374,2.56207,0.027006,0.104931,0.585128,0.790386,1.56978,1.11016,0.22521,0.213675,1.76141,0.237601,0.0152866
104.814875283,2.57181,0.0535572,0.231941,0.755919,0.94119,1.81148,0.52329,0.511316,0.0698187,1.74835,0.0542112,0.0103043
104.861315193,2.50708,0.11996,0.665872,0.531448,1.24638,1.50401,0.141719,0.7783,0.169189,1.58701,0.0734382,0.00493964
104.907755102,1.52582,0.702727,0.924716,0.183723,1.76451,0.45144,0.372742,1.02879,0.15258,1.38194,1.68063,0
104.954195011,0.330864,0.896297,0.507784,0.0381444,1.63625,0.161249,0.343745,1.11448,0.272643,0.172335,3.17796,0.0642308
105.000634921,0.0918915,0.673772,0.708354,0.132039,1.55016,0.248499,0.120472,1.47288,0.101062,0.0133065,3.46132,0.0514804
105.047074830,0.0472474,0.429093,0.920659,0.146443,1.33406,0.0965456,0,1.81505,0.0587506,0.00853088,3.74841,0
105.093514739,0.131512,0.0678582,1.21102,0.096732,1.00096,0.394176,0.000411298,1.97875,0.0401668,0.00617581,3.97663,0
105.139954649,0.244631,0.0252735,1.3164,0.0235966,0.815759,0.654674,0.000254891,1.89311,0,0.00530247,4.10292,0.072805
105.186394558,0.376268,0.0299123,1.26755,0,0.776249,0.810968,0.00598813,1.88383,0,0.00654237,4.13415,0.137144
105.232834467,0.396406,0.0538194,1.10626,0,0.550786,1.11896,0.0243338,2.03627,0.01178,0.0236712,4.09039,0.145114
105.279274376,0.369277,0.0698218,1.05852,0.121241,0.208091,1.36394,0.0360507,2.14074,0,0.0115644,4.04667,0.035225
105.325714286,0.232687,0.0776673,0.951305,0.00645655,0.142234,1.45052,0.0271263,2.31345,0.0262499,0.00651256,4.09826,0.00951902
105.372154195,0.0726158,0.122271,0.719277,0.0175559,0.103506,1.62505,0.0103942,2.41371,0.0608215,0.00508293,4.15555,0
105.418594104,0.103727,0.157904,0.447187,0.0166273,0.120581,1.73804,0,2.33992,0.00117067,0.0788917,4.20783,0
105.465034014,0.209046,0.139301,0.360142,0.139348,0.293936,1.3352,0,2.2855,0,0.118455,4.12961,0
105.511473923,0.188123,0.0877718,0.425409,0.192498,0.568012,0.666351,0.0166942,2.4655,0.0103094,0.1714,3.74186,0
105.557913832,0,0.0603089,0.863405,0.140606,0.589979,0.548591,0.0161613,2.61788,0.0571341,0.089892,3.37869,0
105.604353741,0,0.0599714,1.42313,0.00455766,0.523553,0.455224,0.0315135,2.80532,0.0500826,0.0797532,3.45649,0
105.650793651,0,0.0547382,1.92359,0.0120209,0.422354,0.39858,0.0311467,3.01039,0,0.0274985,3.39742,0
105.697233560,0,0.0460992,2.15096,0.00955336,0.201825,0.381402,0.0413271,3.2037,0,0.0170303,3.41341,0
105.743673469,0,0.0353043,2.19962,0.00456175,0.00622525,0.479117,0.152344,3.23356,0,0.0157003,3.55276,0.00599073
105.790113379,0,0.0325759,2.20094,0.00149889,0,0.483467,0.222972,3.1179,0,0.0144719,3.84188,0.0752087
105.836553288,0.000423367,0.036401,2.29806,0.0245155,0,0.484563,0.225011,2.83426,0,0.0116721,3.9673,0.00119076
105.882993197,0.000674398,0.0407229,2.36608,0,0.00576771,0.515507,0.220195,2.62295,0.000440713,0.00764892,4.01084,0.0226387
105.929433107,0.000665665,0.117434,2.45932,0,0.00720376,0.531807,0.257071,2.63075,0.0319885,0.00897716,3.95841,0.0379322
105.975873016,0.000803595,0.220624,2.44997,0,0.0210384,0.569506,0.252667,2.66294,0.0306615,0.0150883,3.91832,0.0174808
106.022312925,0.000634662,0.20367,2.49681,0.00140091,0.0233032,0.554043,0.119664,2.79434,0.0106578,0.0172274,3.94475,0.0379595
106.068752834,0.000538734,0.0372122,2.44409,0,0.0268729,0.517952,0.0666623,2.87573,0.0299716,0.0177073,3.92241,0.0457963
106.115192744,0.00028642,0.0556927,2.10497,0,0.211488,0.262848,0.00504082,2.88888,0.0328115,0.0179433,3.69592,0.166016
106.161632653,0,0.0650457,1.90146,0,0.313891,0.121394,0.00338918,2.80578,0.0270531,0.0178041,3.45151,0.267671
106.208072562,0,0.0737112,1.82951,0,0.338098,0.19395,0.0161455,2.8512,0.0157642,0.0172179,3.32134,0.282191
106.254512472,9.75068e-05,0.103732,1.76945,0,0.328688,0.191529,0.0171847,2.89102,0,0.0165707,3.40342,0.25459
106.300952381,0.000651223,0.0807089,1.94349,0,0.210894,0.344058,0.00538598,2.72189,0.0157392,0.0142586,3.46337,0.217433
106.347392290,0.000277345,0.0684411,2.03827,0,0.0972236,0.451136,0.0141488,2.54837,0.362068,0.0120947,3.39127,0.189413
106.393832200,0.0846614,0.044243,2.10021,0,0.00686208,0.457928,0.0235233,2.46385,0.474254,0.0124377,3.22623,0.178742
106.440272109,0.0510686,0.0293609,2.1521,0,0.00554188,0.53763,0.0288825,2.58918,0.288007,0.011587,3.26239,0.193757
106.486712018,0,0.0268707,2.00741,0,0.00874958,0.583934,0.0209795,2.76262,0.171958,0.0102958,3.35067,0.174592
106.533151927,0.00019529,0.031782,1.94118,0,0.013188,0.597727,0.00518296,2.86755,0.0406513,0.0562851,3.46841,0.158172
106.579591837,0.000548189,0.0404921,1.97425,0,0.0102934,0.645904,0.00113263,2.86893,0,0.0849739,3.44425,0.170782
106.626031746,0.000491568,0.0653894,2.31702,0.0184968,0,0.55683,0,2.78794,0,0.0666188,3.23409,0.204334
106.672471655,0.0131739,0.10309,2.3214,0.0143778,0,0.547099,0,2.84618,0,0.0135072,3.18814,0.178088
106.718911565,0.0734561,0.0603547,1.99584,0.0131589,0.0247839,0.509769,0,2.91082,0,0.0129684,3.26393,0.178238
106.765351474,0.241034,0.0250294,1.69211,0.124666,0.118869,0.543262,0,2.66576,0.00103349,0.0122877,3.2216,0.159731
106.811791383,0.381728,0.0127433,1.8281,0.347624,0.114277,0.604956,0,2.49871,0.00135291,0.0117179,3.17363,0.159457
106.858231293,0.0882685,0.0494797,1.98185,0.239476,0.045056,0.455921,0,2.73383,0.000447019,0.0119761,3.23403,0.141683
106.904671202,0.469828,0.523187,0.949867,0.949854,0.12579,0.29198,0.166942,2.66069,0,0.241866,2.3876,0.0256929
106.951111111,0.422845,1.32487,0.40615,1.15054,0.220382,0.0725982,0.275147,2.2336,0,0.338326,1.98555,0
106.997551020,0.43493,2.05501,0.193871,1.09126,0.117817,0.198917,0.138641,2.07519,0.00247499,0.123234,1.7884,0
107.043990930,0.389314,2.13096,0.343432,0.994126,0.0655191,0.376517,0.105289,1.96679,0,0.142674,1.3629,0
107.090430839,0.302789,1.59402,0.944677,1.22647,0.0132772,0.292627,0.241156,1.53381,0,0.101207,1.33308,0
107.136870748,0.129899,0.495014,1.20347,1.81112,0.040919,0.0723671,0.159723,1.12581,0.025355,0.201374,1.30711,0.0631644
107.183310658,0.000267461,0.0152475,0.813731,1.83971,1.45192,0.0694994,0.0701106,0.922755,0.238216,0.604782,1.41524,0.00591302
107.229750567,0.00051409,0.179681,0.730709,1.00801,2.256,0.0283653,0.0401784,0.465175,0.427239,0.441171,1.22554,0
107.276190476,0.0857868,0.770958,0.434526,0.175535,2.32997,0.00730744,0.0940474,0.526392,0.43484,0.164139,1.48694,0
107.322630385,0.0473327,1.05536,0.168965,0.151574,1.88695,0.663098,0.0661395,0.772443,0.357906,0.0687381,1.93265,0
107.369070295,0.147146,0.874519,0.121063,0.138728,1.13614,1.77918,0.0177142,0.914146,0.183061,0.0126228,2.18331,0.296943
107.415510204,0.20849,0.323733,0.0445173,0.0164361,0.960104,2.5316,0.0209192,0.996473,0.0268576,0.0142836,2.08015,0.575491
107.461950113,0.606354,0.0269351,0.0218552,0.0570198,0.71091,2.78194,0.016651,0.897246,0.204634,0.0136686,1.66089,0.739379
107.508390023,0.411599,0.0689625,0.25898,0.192975,0.492584,2.88366,0.00927553,0.839378,0.402333,0.0120781,1.36558,0.750388
107.554829932,0.304244,0.179177,0.521924,0.166084,0.214708,2.74373,0.00761773,0.986564,0.41224,0.012194,1.46015,0.596605
107.601269841,0.722644,0.0837461,0.436952,0.166929,0.0115694,3.08076,0.0194002,1.10428,0.216399,0.0144924,2.02277,0.191178
107.647709751,0.776918,0.0197875,0.526478,0.132069,0.0131689,3.36678,0.0148664,0.981705,0.00854676,0.0127177,2.51702,0.090335
107.694149660,0.875561,0,0.627981,0.0884627,0.0321522,3.40787,0.0184906,0.85228,0,0.0120346,2.60864,0.0093661
107.740589569,1.04565,0.0128616,0.547478,0.108467,0.0533228,3.40323,0.00532181,0.690797,0,0.0116375,2.64327,0.00588336
107.787029478,1.18513,0.00192094,0.442674,0.0544909,0.02285,3.4161,0,0.545053,0.0126771,0.0107792,2.71646,0.002086
107.833469388,1.18815,0.00734404,0.496222,0.055069,0.0137184,3.32876,0.0130302,0.596994,0.0258079,0.00852714,2.75968,0
107.879909297,1.11079,0.0195315,0.616545,0.0514819,0.00762609,3.28461,0.0435482,0.7132,0,0.00580219,2.72976,0
107.926349206,1.30456,0.0286126,0.491577,0.0510334,0,3.26721,0.0513834,0.870028,0,0.0168846,2.715,0
107.972789116,1.3824,0.0431094,0.192922,0.0535907,0,3.17725,0.0478937,0.973805,0,0.0095575,2.47268,0
108.019229025,1.48464,0.0282647,0.0385274,0.0478729,0,3.11134,0.0398759,1.02278,0,0.0104791,2.42948,0
108.065668934,1.58525,0.0251661,0.14027,0.0768186,0,3.23837,0.0168992,0.784421,0.025388,0.0139553,2.24963,0
108.112108844,1.194,0.0813382,0.284712,0.0972764,0.0164049,3.39923,0.0890761,0.352903,0.252779,0.0851697,2.11168,0
108.158548753,1.1422,0.0902349,0.296506,0.0484364,0.0237523,3.34322,0.2053,0.0317706,0.034982,0.838279,1.99565,0
108.204988662,1.27015,0.0369873,0.377022,0.0220467,0.00846034,3.36309,0.281635,0.0319982,0.0259129,1.224,1.78047,0
108.251428571,1.51838,0.00575024,0.735991,0.0317955,0,3.51338,0.343592,0.0325327,0.0257267,1.43064,1.61564,0.0553455
108.297868481,1.52682,0.00476722,0.764756,0.0380076,0,3.47651,0.42769,0.0280203,0.00841903,1.38673,1.78135,0.0909453
108.344308390,1.46103,0.0029886,0.836206,0.0448155,0,3.66669,0.387799,0.022818,0.0325421,1.34974,1.78206,0.169393
108.390748299,1.5483,0.00226456,0.813941,0.0467542,0,3.8119,0.306962,0.0632887,0.0185402,1.21569,1.70879,0.145449
108.437188209,1.72116,0.00245993,0.715331,0.0368933,0,3.67749,0.196072,0.0658533,0,0.965158,1.53344,0.0934232
108.483628118,1.6709,0.0619348,0.778618,0.0372486,0,3.57471,0.0925838,0.046183,0,0.595975,1.62798,0.00108798
108.530068027,1.58627,0.401218,0.833057,0.0417219,0,3.44729,0.042041,0.0644965,0.027932,0.513439,1.68057,0.0645344
108.576507937,1.30424,0.480489,0.904424,0.0371862,0,3.5431,0.0599075,0.0734413,0.0266547,0.470845,1.86691,0.0571506
108.622947846,0.64295,0.278391,1.20076,0.0139806,0.00282521,3.25239,0.216943,0.0344142,0.00299676,0.611092,1.66642,0
108.669387755,0.635948,0.27253,2.06769,0,0,2.83471,0.177489,0.034304,0.00513992,1.11587,1.68654,0.176884
108.715827664,0.528711,0.166346,2.75559,0,0,2.36168,0.0827633,0.0301031,0.0543439,1.43735,1.71905,0.125303
108.762267574,0.337488,0.412028,2.96489,0.00956461,0,1.83832,0.0077135,0.0331265,0.0602274,1.01358,1.6686,0.125015
108.808707483,0.172399,1.18578,2.48926,0.0135216,0.0335306,1.54723,0.00787515,0.0447495,0.285316,0.378664,1.40496,0.134649
108.855147392,1.26563,1.40453,1.3626,0.0178729,0,1.30555,0.0257324,0.456768,0.455286,0.293309,1.26455,0.0915209
108.901587302,2.18222,0.910251,1.01962,0.103179,0,1.16864,0.0483886,0.798588,0.490107,0.145021,1.28217,0.0301587
108.948027211,2.83529,0.324936,0.903104,0.168589,0,0.636398,0.0893115,1.39943,0.168856,0.0659466,1.56589,0.000899455
108.994467120,2.97649,0.259537,0.979744,0.0131469,0,0.718762,0.184458,1.6029,0.304248,0.0738541,1.41902,0
109.040907029,2.80922,0.288539,1.00403,0.0123225,0,0.890846,0.0824193,1.68323,0.508598,0.0559483,1.4238,0
109.087346939,2.4215,0.469023,0.933498,0.00329243,0.00674362,1.17906,0.0723836,1.8231,0.666238,0.0977395,1.51506,0
109.133786848,2.00426,0.719255,1.34874,0,0.0281318,1.26657,0.062987,1.83014,0.714177,0.0891416,1.79343,0
109.180226757,2.38962,0.252457,1.62716,0,0.0498997,1.5426,0.0432846,1.64367,0.415559,0.0104621,1.72783,0
109.226666667,2.39197,0.077308,1.1729,0,0.14109,1.26474,0.00224306,1.43287,0.688937,0.0100724,1.85732,0
109.273106576,2.33957,0.0776054,0.533634,0.0106508,0.191806,1.06938,0.0598026,1.39066,0.777946,0.0669716,1.70619,0
109.319546485,2.87886,0.118379,0.16599,0.015779,0.450576,1.34529,0.166069,1.25524,0.630008,0.0592619,1.3136,0
109.365986395,3.28613,0.0671253,0.00247467,0.0176833,0.664424,1.77501,0.154297,1.0084,0.495898,0.122381,0.915537,0
109.412426304,3.34976,0.0204981,0.00142774,0.0102127,0.826819,2.20777,0.00905583,0.748719,0.198918,0.276481,0.945386,0
109.458866213,3.46017,0.0604082,0.0205382,0,0.910261,2.06712,0.119955,0.346003,0.163875,0.388582,0.930481,0
109.505306122,3.61132,0.176315,0,0,1.03243,1.45189,0.419177,0.773327,0.0668898,0.17443,0.769414,0.0762093
109.551746032,3.70066,0.0909174,0,0,1.26448,0.677612,0.197668,1.38675,0.117053,0,0.474713,0.102143
109.598185941,3.89176,0.0376248,0,0.00201476,1.53339,0.135576,0.0913036,1.48238,0.0646877,0.0189589,0.421804,0.0642186
109.644625850,3.97414,0.0128688,0,0.0024117,1.76895,0.271879,0.0889288,1.47309,0.0049877,0,0.435473,0.00953068
109.691065760,4.04358,0.0170395,0.0069918,0.00243161,1.98976,0.415961,0.0870798,1.33236,0.00458937,0,0.569949,0
109.737505669,4.00435,0.0267341,0.00413674,0.00320448,2.03768,0.426635,0.10515,1.1944,0.00358988,0,0.766779,0
109.783945578,4.03439,0.0243063,0,0.00633637,1.78134,0.306995,0.169072,1.33612,0.00273774,0,0.906928,0
109.830385488,4.071,0.0160609,0,0.0105777,1.43778,0.316806,0.211342,1.37292,0.00329264,0,0.935773,0.00560534
109.876825397,4.11727,0.0177941,0.00983509,0.0151145,1.38037,0.61933,0.172339,1.26432,0.00512273,0,0.846957,0
109.923265306,4.07993,0.056676,0.0336255,0.00342162,1.3673,0.867413,0.153679,1.01814,0.00572108,0,0.740154,0
109.969705215,3.91529,0.0406367,0.0359874,0.0123995,1.21018,0.929796,0.153188,0.835108,0.15856,0,0.731466,0.0132996
110.016145125,3.76255,0.0534577,0.0305178,0.017999,0.978021,0.864598,0.102276,0.89256,0.152355,0.0546953,0.810592,0.0413598
110.062585034,3.80009,0.17833,0.0664395,0.0539974,1.32845,0.567809,0.016398,1.26863,0.123012,0.0471658,1.10397,0.0485235
110.109024943,3.87834,0.313783,0.0789663,0.0986026,1.99851,0.0500779,0.00802223,1.47831,0.160448,0.00283798,0.95726,0.0279224
110.155464853,3.97018,0.0466797,0.086954,0.0160544,2.28151,0,0.0284612,1.46732,0.322424,0.00292323,0.77891,0.0225197
110.201904762,4.00722,0.0258784,0.0915943,0.0145825,2.41358,0,0.0572345,1.48688,0.371558,0.00162996,0.580846,0.0211132
110.248344671,4.11525,0.00103147,0.0872373,0.0124539,2.44937,0.0283495,0.167816,1.51782,0.367987,0,0.264768,0.0314309
110.294784580,4.28959,0.00176377,0.0529072,0.00840827,2.52664,0.069243,0.0588682,1.54885,0.197788,0,0.000285294,0.0331429
110.341224490,4.5276,0.00109847,0.00398783,0.0118623,2.40762,0.0795374,0.0132987,1.56449,0.144129,0,0.000194008,0.0269853
110.387664399,4.63783,0.0350192,0.000451927,0.0136863,2.19809,0.0119611,0.0191978,1.61094,0.0304215,0,0.000176507,0.0319105
110.434104308,4.60828,0.0279779,0.0002946,0.0116852,1.99136,0.0289491,0.0394209,1.6762,0,0,8.2645e-05,0.0414967
110.480544218,4.5165,0.000625962,0,0,1.90137,0.164787,0.0160039,1.7836,0.000642652,0,0,0.0487151
110.526984127,4.54713,0.00298218,0.00097588,0,1.83104,0.203177,0.0358188,1.70103,0.0775656,0,0.0144364,0.0349042
110.573424036,4.5778,0.00321043,0.0342057,0,1.78728,0.12271,0.0527894,1.55671,0.120181,0.0234388,0.0161204,0.0286255
110.619863946,4.29957,0.00171027,0.071158,0.00458111,1.78273,0.0168759,0.097951,1.74083,0.17095,0.0367997,0.000312672,0.0382964
110.666303855,3.87969,0.0249958,0.0701162,0.0114171,1.77336,0.271437,0.0181271,1.71518,0.114219,0.0606286,0.000174779,0.0415677
110.712743764,4.05436,0.0327962,0.0513651,0.0128874,1.71362,0.504245,0.0158139,1.52103,0.0164964,0.10729,0,0.0412157
110.759183673,4.37582,0.0379853,0.046796,0.0124542,1.71363,0.592104,0.0153453,1.40136,0.0190759,0.0743676,0,0.0284643
110.805623583,4.43364,0.0398855,0.0294045,0.0139396,1.71907,0.484596,0.00944247,1.55852,0.042351,0.0100683,0,0.0305931
110.852063492,4.36897,0.00100207,0.00491201,0.0129539,1.66569,0.254341,0.0271117,1.70722,0.0542832,0,0,0.0354345
110.898503401,4.30474,0.00265759,0.00189164,0,1.55466,0.0225194,0.0822308,1.75704,0.183825,0.0108675,0,0.038873
110.944943311,4.11568,0.0160016,0.033456,0,1.75062,0.026487,0.16998,1.18706,0.461914,0.0920606,0.233994,0.0250284
110.991383220,3.75224,0.467503,0.109193,0.10211,2.10165,0.0131893,0.204328,0.693626,0.695237,0.106542,0.28781,0.00138926
111.037823129,3.67296,0.530145,0.142861,0.102139,2.19319,0,0.321502,1.16432,0.638504,0.148316,0.250282,0.00418123
111.084263039,3.67782,0.407711,0.14014,0.103821,2.26791,0,0.408494,1.52401,0.547261,0.0812019,0.198044,0.0131468
111.130702948,3.5637,0.353053,0.11526,0.0772037,2.50017,0,0.305966,1.82878,0.416673,0.0963499,0.141248,0.0193147
111.177142857,3.70543,0.543083,0.1015,0,2.49507,0,0.202791,2.0162,0.123139,0.181421,0.0601013,0
111.223582766,3.95836,0.262197,0.14757,0,2.43707,0.000256966,0.451781,2.13132,0.0336745,0.0845427,0.125903,0.0587411
111.270022676,4.00352,0.214609,0.235107,0,2.27687,0,0.187703,2.17576,0.0202463,0.119157,0.246325,0.197956
111.316462585,3.96973,0.0308644,0.274185,0,2.15924,0.0055749,0.215599,2.08072,0.00847577,0.150279,0.161387,0.121927
111.362902494,3.91883,0.0040748,0.311067,0,2.14643,0.0270325,0.202888,2.16811,0.00862482,0.152814,0.12386,0.0346754
111.409342404,3.84025,0.0102881,0.310254,0,2.08488,0.0391383,0.128851,2.33488,0.0190867,0.0538711,0.417774,0.00562824
111.455782313,3.67911,0.0319005,0.20879,0,2.16535,0.0397963,0.0692251,2.48245,0.024735,0.108131,0.571682,0
111.502222222,3.16535,0.0337123,0.207585,0.00225883,2.03343,0.0212732,0.0236054,2.28998,0.025878,1.59537,0.039514,0.0220176
111.548662132,2.39919,0.0241803,0.379421,0.00293907,1.90181,0.00654877,0.0224169,2.07432,0.0198019,2.29567,0.00415883,0.0163285
111.595102041,2.21707,0.164858,0.445591,0.000554508,1.6996,0.00983407,0.010065,1.77288,0.012503,2.48761,0.0047319,0.0165846
111.641541950,2.22894,0.222762,0.292933,0.00363549,1.52432,0.00596524,0.00118935,1.64315,0.0356869,2.63579,0.00164828,0.0203734
111.687981859,2.22468,0.31285,0.124177,0.00404976,1.49411,0,0.000985621,1.72396,0.0210414,2.63288,0.00207418,0.0201809
111.734421769,2.37738,0.362236,0.0850243,0,1.71714,0.0226862,0,1.68225,0.0250773,2.36349,0.00759257,0.0166837
111.780861678,2.42703,0.0247028,0.215514,0,2.04629,0.0461801,0.0255243,1.6848,0.0292524,2.23425,0.000292477,0.00267567
111.827301587,1.83038,0.0102431,0.424416,0,1.98189,0.0535214,0.0573489,1.71791,0.0260318,2.54956,0.00217063,0
111.873741497,1.27946,0.0169245,0.939667,0,1.89261,0.0542833,0.081576,2.01554,0.0254986,2.48954,0.00648216,0
111.920181406,1.33962,0.00368674,1.31237,0,1.64844,0.0528951,0.0867684,2.00983,0.0245742,2.64442,0.00977913,0
111.966621315,1.58025,0.00429846,1.52401,0,1.45925,0.0538237,0.0794416,1.9882,0.0207379,2.72851,0.000362096,0.0136491
112.013061224,2.05266,0.000292458,1.64149,0,1.2197,0.0427383,0.0754325,2.03428,0.016457,2.64399,0.00031059,0.0166682
112.059501134,2.23329,0.00225809,2.07705,0,0.94233,0.0329661,0.243794,2.25965,0.0125175,1.51322,0.000203299,0.0244295
112.105941043,1.46648,0.00149905,2.19133,0.000512566,0.580899,0.0345048,0.791582,2.47391,0.00983007,0.808455,9.77897e-05,0.0528312
112.152380952,1.29815,0.0201191,2.33357,0,0.670281,0.0358377,0.543263,2.81682,0.00667927,0.183511,0,0.0437608
112.198820862,1.11738,0,2.53627,0,0.707564,0.0304744,0.30338,3.19288,0.00726285,0.238339,0,0.0175049
112.245260771,0.968377,0,2.77863,0,0.810223,0.0330202,0.287578,3.30059,0.00846386,0.310723,0,0.0273087
112.291700680,1.19405,0.0105862,2.81952,0,1.04135,0.0311219,0.234499,3.14062,0.00454714,0.311255,0,0.0125268
112.338140590,1.44795,0.0170396,2.74228,0.00128637,1.04019,0.0070594,0.221712,2.95934,0.000636834,0.35367,0,0.00438112
112.384580499,1.4471,0.00500919,3.0351,0.00149859,0.71644,0.00220935,0.24721,2.76479,0.00304534,0.330785,0,0.0371342
112.431020408,1.60903,0.00231629,2.97203,0,0.454584,0.00572438,0.144528,2.81749,0.00816358,0.348858,3.02255e-06,0.0441554
112.477460317,2.05922,0.128531,2.69579,0,0.39584,0.0249114,0.126254,2.92396,0.0118517,0.30989,0.000142337,0.0191551
112.523900227,2.49074,0.206352,2.61422,0.107519,0.322699,0.0206431,0.179133,2.71409,0.00344326,0.103707,0,0
112.570340136,2.18806,0.254658,2.25932,0.490269,0.145639,1.56842,0.265813,2.18166,0,0.0391271,0,0
112.616780045,2.01519,0.223213,1.67869,0.656238,0.172163,2.18989,0.14984,1.47473,0.0109069,0.329083,0,0
112.663219955,1.89484,0.443503,0.800409,0.650221,1.05801,1.97988,0.0252393,1.08917,0.521111,0.969256,0,0
112.709659864,1.9175,0.295728,0.866873,0.168931,1.63175,1.9449,0.059972,0.486519,0.870613,0.561464,0.263721,0.00829703
112.756099773,2.07191,0.113546,0.889178,0,1.82949,2.09467,0.012133,0.434456,0.86574,0.519588,0.351094,0.0122498
112.802539683,2.51254,0.00709065,0.749677,0,1.83887,2.08127,0.00609457,0.437397,0.772089,0.52413,0.325015,0.0258896
112.848979592,2.64224,0.00301276,0.533384,0,1.78226,2.19426,0.0240543,0.687999,0.530696,0.449142,0.344299,0.0226425
112.895419501,2.59619,0.00221914,0.408256,0.00301786,1.85425,2.282,0.0663882,0.827645,0.185929,0.345985,0.303561,0.015703
112.941859410,2.57355,0.048339,0.395705,0.0167522,2.01151,2.17876,0.0757771,1.00783,0.235208,0.234049,0.100567,0.0122209
112.988299320,2.53785,0.0571694,0.320168,0.0157437,2.17429,1.98819,0.0566159,1.34309,0.192331,0.0744905,0.162065,0.0126337
113.034739229,2.73345,0.0590325,0.193848,0.0141332,2.40451,1.44127,0.0625013,1.61713,0.131319,0.000438816,0.353362,0
113.081179138,2.83737,0.0510583,0.162522,0.0124714,2.37985,1.32337,0.0691402,1.75282,0.111775,0,0.489181,0.000269136
113.127619048,2.951,0.047232,0.186513,0.0160286,2.22393,1.37255,0.0502432,1.88817,0.136553,0,0.516935,0.0195231
113.174058957,2.969,0.0471273,0.149562,0.0122538,2.34138,1.46355,0.0792511,1.989,0.141674,0.151787,0.394753,0.00832966
113.220498866,2.58035,0.0418976,0.701127,0.00553882,2.23823,1.15725,0.0727908,1.97703,0.211174,0.20499,0.352683,0.00581333
113.266938776,2.50626,0.0230596,0.723536,0,1.85555,0.463385,0.0630133,2.13303,0.316337,0.160411,0.335404,0.178019
113.313378685,2.7025,0.024633,0.665323,0,1.50836,0.0389136,0.0575517,2.34067,0.203217,0.131747,0.28851,0.350195
113.359818594,2.78232,0.0276913,0.652159,0.00351878,1.47975,0.0310041,0.105795,2.5264,0.104534,0.0789812,0.117639,0.428292
113.406258503,2.90616,0.0267688,0.677939,0.0136024,1.69129,0.0270205,0.127902,2.49629,0.0628115,0.0522502,0.0086833,0.370972
113.452698413,2.97024,0.0128648,0.819376,0.00216711,1.84693,0.0311246,0.2035,2.25573,0.210508,0.0162428,0.0328415,0.14025
113.499138322,2.75688,0.00801125,0.763346,0.0023305,1.48944,0.032346,0.17083,2.20942,0.440596,0.00686219,0.2024,0
113.545578231,2.88486,0.00986161,0.478499,0.00405768,1.33582,0.0291329,0.186355,2.24713,0.546282,0.0242616,0.529634,0
113.592018141,3.3478,0.0235084,0.305838,0.0143744,1.74663,0.0186436,0.209509,1.95151,0.417237,0.0116701,0.435509,0.0111145
113.638458050,3.55332,0.00113074,0.420018,0.0129279,2.16319,0.0111198,0.211433,1.87706,0.0916605,0.0118333,0.380989,0.0291696
113.684897959,3.63603,0.00294556,0.56573,0,2.34291,0,0.277179,1.86428,0.0089317,0.00998615,0.467361,0.0307397
113.731337868,3.44865,0.00172314,0.391636,0.00185421,2.075,0,0.654843,1.72269,0.0224057,0.184423,0.870228,0.0856007
113.777777778,2.94052,0.00110885,0.219284,0,1.21179,0.232496,1.43384,1.52405,0.0306307,0.359404,1.08234,0.281954
113.824217687,2.09743,0.164616,0.181453,0.0298912,0.943586,1.72794,1.93436,0.865326,0.0133511,0.314645,0.935481,0.109345
113.870657596,1.42616,0.369839,0.252069,0.16396,1.09691,2.38787,1.38767,0.367417,0,0.917533,0.718489,0.0707594
113.917097506,1.30564,0.246946,0.430755,0.400718,1.21657,2.45623,0.310238,0.444975,0.2385,1.78842,0.465053,0.0089986
113.963537415,1.52567,0.181285,0.595437,0.826064,1.0809,2.23214,0.0157836,0.481845,0.402098,2.07821,0.231314,0.0841818
114.009977324,1.80379,0.0299269,0.786763,1.07643,0.890718,1.91828,0.0806538,0.705074,0.311407,2.21297,0.349116,0.028291
114.056417234,1.36886,0.25705,0.834283,0.84736,0.828663,1.67274,0.0957074,1.28611,0.592484,1.29866,1.083,0.0766295
114.102857143,0.761452,0.302105,1.3258,0.0555223,1.11461,0.333442,0.120212,1.95922,0.640044,0.0170861,2.88072,0.324897
114.149297052,0.771975,0.245762,1.53903,0,1.07785,0.0440789,0.0196453,1.90713,0.50634,0.0183914,3.10614,0
114.195736961,0.775734,0.0485859,1.65412,0,1.04516,0.0599061,0.00704685,1.72125,0.450699,0.0183683,3.35628,0
114.242176871,0.781876,0.0465136,1.5581,0.000183101,1.05324,0.0900465,0.0208988,1.85235,0.105639,0.0178974,3.76129,0
114.288616780,0.739973,0.034379,1.4622,5.92433e-05,1.06906,0.262875,0.0633351,2.27611,0.0700528,0.0153276,4.01194,0.00114796
114.335056689,0.602772,0.0700361,1.63689,0.00831275,0.764909,0.618419,0.0611836,2.603,0.0525066,0.00956061,4.05761,0
114.381496599,0.288221,0.0895942,1.79837,0.0150861,0.290461,0.863576,0.0350716,2.73531,0.0584917,0.00719229,4.02913,0
114.427936508,0.0313773,0.0413135,1.76517,0.0107162,0.172048,0.873472,0.0168315,2.75857,0.0736474,0.00568852,4.09825,0
114.474376417,0,0.045376,1.73699,0,0.105989,0.872173,0.0600098,2.74554,0.0613303,0.0873033,4.22,0
114.520816327,0.000383871,0.0907595,1.78725,0,0.137028,0.898205,0.132297,2.66828,0,0.119414,4.21488,0
114.567256236,0.000655985,0.143043,1.92305,0,0.17025,0.848037,0.0534516,2.81285,0,0.0938354,4.15126,0
114.613696145,0.00071778,0.105552,1.94956,0.0454148,0.218196,0.78114,0.0494524,2.66735,0,0.0594964,3.97072,0
114.660136054,0.00063171,0.0737971,1.63492,0.0782136,0.193546,0.680814,0.186367,2.48801,0,0.055555,3.65926,0.0617843
114.706575964,4.63205e-05,0.0396095,1.33287,0.052574,0.199736,0.612018,0.18945,2.62857,0.293893,0.0191691,3.50561,0.0828038
114.753015873,0.0141432,0.119441,1.65669,0.0192372,0.225931,0.554411,0.0559699,2.5914,0.408864,0.0194596,3.58277,0.19933
114.799455782,0.0464679,0.151903,2.07072,0.0118074,0.269942,0.550685,0.0379653,2.53397,0.310698,0.0192269,3.72102,0.150078
114.845895692,0.0822709,0.195797,2.24878,0.0115171,0.321583,0.444378,0.0232544,2.54913,0,0.0188608,3.8979,0.14827
114.892335601,0.084254,0.259511,2.29251,0.0140932,0.308606,0.346999,0.0134109,2.62106,0,0.0178743,3.92624,0.175595
114.938775510,0.0712084,0.288508,2.3863,0.0184848,0.189146,0.493608,0.00847121,2.64933,0,0.0159179,3.91186,0.198033
114.985215420,0.0862173,0.195597,2.43363,0.0183232,0.159987,0.615753,0.00810381,2.67968,0,0.014107,3.89705,0.180407
115.031655329,0.0387659,0.0255234,2.43211,0.0183799,0.155949,0.718667,0.00672091,2.70056,0.0108648,0.0137972,3.85892,0.1756
115.078095238,0.000263626,0.0513644,2.37212,0.0157973,0.0943288,0.826117,0.00125473,2.63419,0.0766585,0.0148534,3.78495,0.166765
115.124535147,0.000437106,0.046545,2.36131,0.0166648,0.104982,0.834236,0,2.47255,0.183587,0.0153805,3.63216,0.16347
115.170975057,0.000354656,0.0712271,2.21993,0.0181115,0.122972,0.84463,0,2.4818,0.270585,0.0134974,3.51321,0.158984
115.217414966,0.0752341,0.174133,2.15467,0.0196737,0.290853,0.56574,0,2.6557,0,0.0119091,3.42493,0.147827
115.263854875,0,0.214502,1.95541,0.0234228,0.546486,0.154321,0.0163149,2.84266,0.000594272,0.0200354,3.39433,0.152939
115.310294785,0.0466764,0.271788,1.91528,0.0178893,0.613797,0.066084,0.0305657,2.73132,0.00123548,0.0155135,3.4772,0.155382
115.356734694,0,0.460724,1.91536,0.0128032,0.594018,0.0716158,0.00888816,2.66548,0.0173595,0.0155506,3.68112,0.159276
115.403174603,0,0.205142,1.99404,0.0097535,0.578578,0.0818365,0.00503676,2.8506,0.0398501,0.0146584,3.87392,0.11472
115.449614512,0.0747262,0.0649997,1.60049,0.0804127,0.665755,0.191917,0.0463891,2.91434,0.00217566,0.144433,3.56986,0.21724
115.496054422,0.268875,0.021979,1.09647,0.159177,0.435256,0.425429,0.0580585,2.57361,0.0230735,0.266738,2.91794,0.864779
115.542494331,0.857282,0.0389805,1.01084,0.230299,0.158756,0.533998,0.0747397,2.14277,0.0435755,0.264825,2.28352,1.23308
115.588934240,1.6329,0.0416608,1.16694,0.137098,0.0306585,0.567635,0.281409,1.65922,0.134768,0.212642,1.87282,1.1826
115.635374150,2.10828,0.0268521,1.27347,0.0132717,0.00595678,0.723168,0.524308,1.38621,0.272335,0.235578,1.65418,0.872166
115.681814059,2.51793,0.00718765,1.2298,0.0152058,0,0.815491,0.444124,1.41225,0.164506,0.285581,1.54971,0.201978
115.728253968,2.60915,0.0253934,1.18499,0.0162403,0.0109815,0.530341,0.138874,2.05655,0.0598997,0.196518,1.79475,0.129643
115.774693878,2.2795,0.00526873,1.37335,0.0155867,0,0.364227,0.0467534,2.26662,0.0316342,0.00284244,2.15681,0.143091
115.821133787,1.32825,0.104748,2.2147,0.0710682,0,0.34881,0.0418123,2.29717,0.00526915,0.00368336,2.41792,0.0564549
115.867573696,0.446073,0.151152,2.95025,0.0136944,0.119735,0.1416,0.0289531,2.50738,0.0235715,0.0557357,2.46703,0.0267473
115.914013605,0.320355,0.182546,3.02703,0.0133417,0.399695,0.0980716,0.0214453,2.21443,0.0928209,0.0926472,2.53923,0
115.960453515,0.224812,0.164414,3.238,0.201476,0.379942,0,0.0791,1.69183,0.00442518,0.237035,2.49009,0
116.006893424,0.0472217,0.100375,3.24886,0.151711,0.141921,0,0.209256,1.30541,0.0285815,0.676084,2.41945,0.00566122
116.053333333,0.0127121,0.0513074,3.3046,0.171324,0.127748,0.0357805,0.318225,1.11388,0.205136,0.874994,2.10521,0.00558501
116.099773243,0.00854559,0.0395788,2.50347,1.16346,0.114827,0.0233068,0.483725,1.36501,0.170629,0.730406,1.68684,0.135384
116.146213152,0.133853,0.033639,1.86578,1.52029,0.316245,0.0153718,0.435753,1.56547,0.00736664,0.221259,1.43862,0.420874
116.192653061,0.0709343,0.0104208,1.44156,1.97945,1.64575,0.0191419,0.386201,1.3632,0.172442,0,0.938524,0.637712
116.239092971,0.000379218,0,0.535355,1.54012,2.55799,0.00610285,0.340796,1.1506,0.49634,0,0.759849,0.306302
116.285532880,0.0281665,0.00815762,0.123322,0.576439,2.92559,0,0.0571624,0.958035,0.715066,0.0383939,0.729105,0.21616
116.331972789,0.1702,0.00120723,0.00250401,0.012625,2.69744,0.153413,0.0082539,0.825717,0.965381,0.0730405,0.624885,0.109199
116.378412698,0.64001,0.0024855,0.00551611,0.0577014,2.0396,0.530913,0.0320527,0.637188,1.152,0.0560405,0.641005,0.0598367
116.424852608,1.13396,0.00279802,0.13434,0.0607901,1.5736,1.32889,0.0384334,0.666883,0.993691,0.087622,0.847122,0
116.471292517,1.10118,0.00236922,0.316492,0.00882038,1.10194,2.11723,0.0244206,0.731536,0.598423,0.147713,1.03045,0.0932107
116.517732426,1.0026,0.00162277,0.43983,0.0114668,0.544596,2.57203,0.011482,0.751794,0.184918,0.250556,1.10204,0.245602
116.564172336,1.0705,0.00041732,0.343631,0.0151866,0.438951,2.66334,0.0141193,0.776716,0.0963101,0.289376,1.08278,0.208215
116.610612245,1.28443,0,0.177184,0.017459,0.230138,2.54349,0.0126134,0.865938,0.0793135,0.334757,1.16384,0.227072
116.657052154,1.50075,0.000735629,0.483747,0.0172348,0.180235,2.56604,0.00543917,0.853659,0.00303551,0.32626,1.39648,0.263316
116.703492063,1.01283,0.00152899,1.02469,0.0229129,0.338056,2.64436,0.0147092,0.779034,0.0447579,0.187975,1.59806,0.141588
116.749931973,0.764402,0.00327037,1.03561,0.118517,0.451374,2.62515,0.00694911,0.822112,0.041596,0.177131,1.66554,0.112154
116.796371882,0.720345,0.0138036,0.727465,0.0407231,0.614841,2.54328,0.00835217,0.975068,0.0303801,0.178467,1.64189,0.0614692
116.842811791,0.61737,0.0715014,0.512174,0.0769315,0.326032,2.45046,0.0153088,0.970861,0.0466016,0.182046,1.5714,0.396009
116.889251701,0.551602,0.0676802,0.790796,0.0929259,0.0751958,2.3048,0.0153474,0.945468,0.0907063,0.188997,1.49229,0.146019
116.935691610,0.583498,0.0571402,1.16607,0.106071,0.0615149,1.84647,0.0587731,1.00171,0.113561,0.291497,1.37345,0.170664
116.982131519,0.836776,0.285264,1.67081,0.076397,0.248108,1.25525,0.205304,0.918998,0.328503,0.443905,1.07471,0.178224
117.028571429,0.967647,0.481773,2.02932,0,0.396809,1.18767,0.233943,0.841549,0.591084,0.459992,0.952524,0.124555
117.075011338,1.00364,0.267339,2.44948,0,0.276509,1.0454,0.267275,0.47338,0.466183,0.600131,1.23876,0.186377
117.121451247,0.962622,0.00248659,2.58378,0,0.170141,0.86945,0.110004,0.689742,0.167694,0.855097,1.49234,0.240849
117.167891156,0.734013,0.0361628,2.51005,0,0.366618,0.638777,0.0867269,1.18512,0.313652,0.43444,1.53729,0.198105
117.214331066,0.465734,0.123045,2.4898,0.00584427,0.415079,0.865905,0.0648224,1.09082,0.466122,0.322328,1.71751,0.430339
117.260770975,0.342263,0.140051,2.64936,0.0052222,0.505809,0.732654,0.119688,1.17391,0.328726,1.20497,1.45379,0.329214
117.307210884,0.240688,0.188395,3.08254,0.00934132,0.199155,0.0413459,0.192748,1.237,0.179311,1.49341,1.56978,0.283829
117.353650794,0.227442,0.231614,2.96051,0.213368,0.108273,0.011202,0.311334,1.09316,0.000110593,1.53193,1.65578,0.0239992
117.400090703,0.178611,0.214186,2.40911,0.699729,0.0858082,0.00214774,0.30136,0.879004,0.00542069,1.39422,1.82808,0.0128275
117.446530612,0.185668,0.105166,1.29813,1.47395,0.196776,0,0.116871,0.790118,0.00511442,1.37174,1.80179,0
117.492970522,0.0978408,0.00205468,0.282064,1.74513,1.93396,0,0.0351221,0.838422,0,1.22537,1.55556,0.211583
117.539410431,0.0445574,0.007241,0.489039,0.520617,3.6081,0.000852546,0.0360935,0.504179,0.00703,0.879384,1.53021,0.384765
117.585850340,0.118958,0.0054369,0.843151,0.057237,3.64366,0.00411884,0.0104424,0.359522,0.0839571,1.12006,1.67678,0.515783
117.632290249,0.164869,0.0174446,0.982667,0.0133962,3.35342,0.00582512,0,0.372122,0.115917,1.16849,1.80037,0.567523
117.678730159,0.0995561,0.0254384,0.982244,0.0896041,2.99086,0,0,0.0732048,0.0766505,0.855161,1.67141,0.535512
117.725170068,0.199709,0.0158365,0.464331,0.257098,2.75237,0,0,0.0432435,0.0896305,0.55028,1.33027,0.474617
117.771609977,0.186327,0,0.332113,0.159882,2.66489,0.300469,0,0.0591463,0.270289,0.33951,1.77421,0.402736
117.818049887,0.275094,0.00442231,0.324128,0.146365,2.63273,0.529544,0,0.165775,0.0359458,0.0534916,2.1888,0.388305
117.864489796,0.281768,0,0.438393,0.102258,2.26462,0.98604,0.0256263,0.443034,0.049919,0.0700052,2.32621,0.441548
117.910929705,0.211361,0.000350638,0.7822,0.0966226,2.03474,1.32832,0.0357969,0.62761,0,0.231837,2.50582,0.378884
117.957369615,0.0912247,0.00156162,0.961089,0.0693693,1.87623,1.6135,0.0340505,0.553698,0,0.362387,2.45467,0.27775
118.003809524,0.103886,0.00218406,0.972545,0.0683029,1.44044,1.93331,0.0112042,0.533384,0,0.350223,2.44678,0.25569
118.050249433,0.429493,0.00230787,1.36087,0.0481316,0.875789,2.33208,0,0.633202,0,0.361836,2.10773,0.217884
118.096689342,0.556831,0.00290943,2.18944,0.0954382,0.489251,1.89765,0,0.578171,0.00184147,0.330257,1.84511,0.161796
118.143129252,0.351164,0.00852282,2.79586,0.0348095,0.288894,1.21894,0.00410883,0.252217,0.245145,0.699019,2.04184,0.165482
118.189569161,0.214926,0.105102,3.36685,0.104006,0.265676,0.78835,0.122384,0.383911,0.0720958,1.25602,1.89642,0.0179706
118.236009070,0.245386,0.185846,3.59007,0.015814,0.0333776,0.57589,0.414385,0.646899,0.0199759,1.53336,1.65925,0
118.282448980,0.258293,0.226643,3.33331,0.0192193,0.0587619,0.355064,0.467706,0.919101,0.0380465,1.67428,1.433,0
118.328888889,0.336537,0.462111,2.75213,0.0160007,0.0121903,0.109963,0.424969,0.752028,0.0390812,1.9175,1.35782,0
118.375328798,0.541995,0.701904,2.06633,0.0179367,0.303975,0.353968,0.396626,0.687256,0.0633954,2.2802,0.950887,0
118.421768707,0.260728,0.631974,1.76485,0.0231734,0.447586,1.03197,0.725621,0.488683,0.164789,1.78148,0.477416,0.149205
118.468208617,0.155367,0.00810051,1.15288,2.31828,0.0584639,1.06257,0.756637,0.4151,0.678638,1.59911,0.640824,0.225322
118.514648526,0.11085,0.00158157,0.470393,3.53221,0.0710643,0.883249,0.417619,0.580041,0.36396,1.73511,0.868316,0.056226
118.561088435,0.0566657,0.0404491,0.162978,3.90162,0.0629914,0.508204,0.149732,0.671291,0.0260413,1.82835,0.964875,0
118.607528345,0.0920145,0.186372,0.0448442,3.67034,0.18302,0.164242,0,0.505773,0.207708,1.8246,1.05688,0.00973755
118.653968254,0.459955,0.287746,0.0699643,2.73848,0.529953,0.0393026,0,0.317697,0.811957,1.19313,1.03687,0.129131
118.700408163,1.43482,0.260158,0.0909621,1.68567,1.04497,0.364436,0,0.189912,0.847302,0.476249,0.387942,0.279026
118.746848073,2.17535,0.0033908,0.116476,0.76992,0.818574,1.66628,0,0.137697,0.579142,0.38297,0.310027,0.329433
118.793287982,2.65682,0.00288846,0.124182,0.186366,0.178431,2.97546,0.0303817,0.0926638,0.211326,0.488641,0.294698,0.177038
118.839727891,2.74038,0.0058159,0.0974321,0.751915,0.190279,3.54907,0.128061,0.215198,0,0.352855,0.101613,0.0501767
118.886167800,2.69779,0.0319903,0.0453046,0.739508,0.201196,3.7145,0.170134,0.0184079,0,0.230567,0.00251073,0.0848638
118.932607710,2.62136,0.0305602,0.00140995,0.443132,0.219831,3.63302,0.226333,0.0151592,0.0217813,0.0154384,0.0114538,0.0696905
118.979047619,2.68786,0.000603679,0,0.178067,0.2878,3.36162,0.266653,0.00983718,0.221842,0.0172213,0.0325672,0.0772241
119.025487528,2.73127,0.000707963,0.00304724,0.0964511,0.267983,3.42632,0.296233,0.0351298,0.24462,0.0176898,0,0.0998602
119.071927438,2.87787,0.0480485,0.0247611,0.0471926,0.216595,3.61437,0.272029,0.130215,0.12172,0.0174579,0,0.0429199
119.118367347,2.95027,0.0622159,0.102358,0,0.224139,3.42738,0.235666,0.0219036,0,0.0172342,0.0859983,0.0430717
119.164807256,3.00602,0.0834088,0.332923,0,0.227217,2.67098,0.25519,0.0264678,0,0.0162318,0.153243,0.104497
119.211247166,2.99097,0.325961,0.617816,0.167977,0.315879,2.46712,0.287603,0.0137805,0.00877517,0.0149958,0.161286,0.0948547
119.257687075,1.92505,1.38066,0.574204,0.236123,0.377225,2.53279,0.585687,0,0.0136968,0.226573,0.100114,0.0986409
119.304126984,1.33606,2.11497,0.412101,0.170802,0.168763,2.5642,0.646819,0,0.18253,0.639945,0.195573,0.0497578
119.350566893,0.716684,2.23415,0.520204,0.00513064,0.149505,2.26637,0.512293,0.0244128,0.413427,1.00228,0.21638,0.0704483
119.397006803,0.709047,1.71324,0.618824,0,0.214847,1.87248,0.251452,0.629882,0.229284,1.0349,0.147888,0.0374338
119.443446712,0.890881,1.46239,0.403163,0,0.326118,1.99076,0.14853,1.02136,0.0146306,1.02581,0.00875794,0.0447762
119.489886621,1.86009,1.58932,0.111203,0,0.475412,1.97512,0.0757514,1.32808,0.0158779,0.758568,4.448e-05,0.00201
119.536326531,2.93718,1.50836,0.00246406,0.014574,0.5338,1.9268,0.00210365,1.38913,0.0156133,0.224151,0,0.0237041
119.582766440,3.65415,0.72244,0.0167167,0.0150636,0.627944,1.87361,0.0485101,1.30653,0.0146829,0.0450717,0,0.0347529
119.629206349,3.55903,0.231206,0.0529603,0,0.556399,2.16757,0.175356,1.54441,0.00439549,0.11408,0,0.0208619
119.675646259,3.55257,0.0986512,0.0610285,0,0.335417,2.31944,0.0511716,1.87397,0.00415574,0.14566,0,0.0438566
119.722086168,3.28465,0.074751,0.0371454,0,0.284641,2.22346,0.02484,2.09919,0.0349133,0.243776,0,0.0220304
119.768526077,2.97154,0.0811164,0.0972813,0,0.596796,1.69411,0.0135171,2.06499,0.260014,0.398255,0,0.018797
119.814965986,3.4469,0.0949593,0.0982526,0,0.879572,1.20617,0.0271598,1.70223,0.337836,0.521967,0,0.0184934
119.861405896,4.01398,0.0612544,0.102927,0,1.01907,1.04535,0.0305877,1.70506,0.197126,0.500118,0,0.0284808
119.907845805,4.27488,0.07241,0.102057,0,1.1554,1.05256,0.0201498,1.75282,0.0486533,0.371445,0.00079757,0.0172535
119.954285714,4.26821,0.0792444,0.0652258,0,1.04843,1.10334,0.0267487,1.80396,0.123731,0.24495,0.00248398,0
120.000725624,4.24671,0.0710109,0.036154,0,0.883601,1.03338,0.060739,1.80311,0.148671,0.112026,0.0220406,0
120.047165533,4.28803,0.0497186,0.0634649,0,1.10315,0.798916,0.109818,1.88716,0.0492909,0.0278056,0.0413949,0.00605771
120.093605442,4.25979,0.0175222,0.129482,0.00646678,1.4141,0.625322,0.0617283,1.84551,0.122113,0,0.0311382,0.0413508
120.140045351,4.36106,0.0235147,0.147235,0.00318242,1.47017,0.565182,0.111481,1.60237,0.423166,0.0696465,0.0122165,0.032479
120.186485261,4.38468,0.0697761,0.139023,0,1.65194,0.332246,0.149663,1.45914,0.535491,0.151344,0.00089599,0.0275269
120.232925170,4.37908,0.115283,0.144097,0,1.64831,0.0169271,0.0860568,1.46696,0.443265,0.200319,0.000693742,0.023856
120.279365079,4.27664,0.153117,0.145595,0,1.49099,0.215722,0.0695462,1.78666,0.25749,0.101095,0.000519533,0.0134409
120.325804989,4.26205,0.185849,0.12994,0.0021024,1.45487,0.315409,0.232075,2.05408,0.207997,0.0105084,0.000281168,0
120.372244898,4.1874,0.24605,0.20759,0.00621548,1.5463,0.299146,0.21467,2.11977,0.145437,0.00448885,8.86445e-05,0.0457785
120.418684807,4.17966,0.15705,0.262434,0.0132151,1.4954,0.218911,0.155446,1.90444,0.04851,0.00338133,0,0.143559
120.465124717,4.16415,0.0241639,0.311877,0.0138627,1.25899,0.185357,0.181075,1.88491,0.0750339,0.0039192,0,0.104782
120.511564626,4.18441,0.0002896,0.415729,0.00375052,0.954316,0.198871,0.150409,1.96758,0.0458584,0.00292436,0,0.0370132
120.558004535,4.24439,0.00216387,0.398237,0,0.860424,0.214291,0.0621315,2.29695,0.00841323,0.000844653,0,0
120.604444444,4.28301,0.00163709,0.15702,0.00514723,0.759668,0.222329,0.0486719,2.35655,0.00885238,0.00969206,0.066278,0
120.650884354,4.40652,0.00141114,0.000334404,0,0.775571,0.138676,0.105883,2.1077,0.0493861,0.0692127,0.1071,0
120.697324263,4.42316,0.00206545,0.000504156,0,1.33102,0.0252032,0.146018,1.68832,0.00688881,0.569764,0.173077,0.0110904
120.743764172,4.13143,0.00551673,0.0198552,0,1.48673,0.0266663,0.101593,1.36008,0.0123013,1.43742,0.230623,0.00173515
120.790204082,3.57817,0.127551,0.0711436,0.012618,1.56979,0.0242397,0.0162228,1.31356,0.020019,1.99234,0.0111508,0.0117754
120.836643991,3.094,0.295574,0.00333327,0.0140028,1.52397,0.0545636,0.00381212,1.46078,0.0205701,2.13448,0.0186796,0.019052
120.883083900,2.9676,0.403586,0.00287275,0.0158283,1.34545,0.113062,0.0236369,1.45535,0.0537872,1.85706,0.00731512,0.0218269
120.929523810,3.3346,0.0239549,0.0664421,0.0104488,0.971537,0.210182,0.782109,1.3212,0.0424225,1.53205,0,0.0104561
120.975963719,3.44729,0.0119529,0.737056,0.00438123,1.04027,0.0384447,0.893501,1.3819,0.00979698,1.05214,0,0
121.022403628,3.12503,0.00838611,0.91277,0.04759,0.81639,0.0912413,0.799026,1.70795,0.134584,0.994358,0,0
121.068843537,2.74521,0.030262,0.926533,0.155202,0.853429,0.225481,0.711399,1.64447,0.366667,1.2735,0,0
121.115283447,2.38957,0.151065,0.890619,0.183867,0.756277,0.178435,0.533463,1.20923,0.614407,2.32681,0,0.133578
121.161723356,2.07154,0.159954,0.739282,0.158501,0.801582,0.117865,0.379829,0.797501,0.648405,3.4314,0,0.0357247
121.208163265,1.85257,0.218315,0.552399,0.0941475,0.995798,0.0505829,0.334672,0.723308,0.291691,3.86719,0,0.0191951
121.254603175,1.95304,0.157013,0.740887,0.0182305,1.01931,0.00800081,0.285211,1.12352,0.206054,3.46241,0,0.00348867
121.301043084,2.07501,0.00240457,1.69051,0.0180011,0.999495,0,0.354971,1.51778,0.391044,1.60046,0,0.0281879
121.347482993,1.99571,0.00104817,1.87683,0.0175865,0.859911,0,0.388488,1.96456,0.389681,0.0495489,0,0.0182906
121.393922902,1.78577,0.000335923,1.89254,0.0152942,0.736556,0.0210104,0.437756,2.32573,0.290449,0.00197034,0,0
121.440362812,1.7704,0.0177716,1.98373,0,0.573238,0.0300755,0.337582,2.57743,0.163548,0.000505928,0,0
121.486802721,2.17922,0.0249042,2.05061,0.00129785,0.387699,0.0276047,0.308695,2.41728,0.0550793,0,0,0
121.533242630,2.49166,0.0123557,2.04984,0.00252752,0.145595,0.018867,0.264971,2.36152,0.0677238,0,0,0
121.579682540,2.75418,0.0187523,1.93568,0.00234005,0.254672,0.0184337,0.201669,2.41228,0.025197,0.0812263,0.00058102,0
121.626122449,2.91336,0.0409956,1.67562,0.00768819,0.420109,0.163209,0.214954,2.4072,0.0150453,0.112972,0.0514108,0
121.672562358,2.85589,0.0599865,1.82018,0.0118372,0.626372,0.500703,0.185519,2.05965,0.0168003,0.026438,0.024479,0.0178005
121.719002268,2.73185,0.0793479,1.79381,0.00770867,0.751444,0.620604,0.139064,2.0588,0.0025982,0,0.0188043,0.0219959
121.765442177,2.6091,0.0870827,1.57681,0,0.608989,1.09009,0.0915124,1.98927,0,0.00166232,0.120074,0.0463298
121.811882086,2.96425,0.0979295,1.05169,0,0.501876,2.04118,0.0632784,1.60997,0,0,0.099591,0.0573422
121.858321995,2.9384,0.00313335,0.445331,0,0.638518,2.87296,0.0254192,0.606742,0.0354594,0.00124075,0.0453739,0.0326826
121.904761905,2.93265,0.0257254,0.221757,0,0.594852,3.27034,0.0725604,0.251596,0.122759,0.168584,0.00688127,0.0491937
121.951201814,3.10155,0.00333527,0.216156,0,0.63481,3.35507,0.0769906,0.124138,0.345423,0.173355,0.022295,0.0786007
121.997641723,3.16914,0.00365879,0.227977,0,0.572331,3.58215,0.0161251,0.0880244,0.305283,0.124182,0.00110632,0.0509352
122.044081633,2.9624,0.00325435,0.206423,0,0.339877,3.8094,0.0179843,0.166784,0.0416832,0.0362253,0.00103182,0.0671541
122.090521542,2.65013,0.0286969,0.166139,0.00175048,0.111509,3.99525,0.0162866,0.241716,0.044121,0.0855436,0.00242457,0.0645898
122.136961451,2.57133,0.0105226,0.150755,0,0.000284809,4.05719,0.104581,0.247835,0.0262166,0.0103036,0,0.132939
122.183401361,2.62289,0.00188047,0.133029,0,0.043447,3.98408,0.0976841,0.29595,0.0222568,0,0.0038211,0.216554
122.229841270,2.76916,0.027439,0.446729,0,0.137586,3.31344,0.377037,0.510184,0.016285,0,0,0.251846
122.276281179,2.54363,0.000419534,0.625039,0.00352856,0.197288,2.57993,0.829046,1.22768,0.00926233,0,0,0.242805
122.322721088,2.46905,0,0.56885,0.0104228,0.0712997,1.40632,0.699486,2.39828,0.00148636,0,0.000178976,0.257901
122.369160998,2.50895,0.000992736,0.600864,0.00792948,0.141895,0.963181,0.134339,2.77733,0,0,0.000267293,0.265629
122.415600907,2.67369,0.0101723,0.64591,0.00469433,0.23843,0.738546,0.094431,2.82715,0.193566,0,0.000430736,0.202189
122.462040816,2.90784,0.0140819,0.665021,0.00602576,0.235496,0.245367,0.147281,3.07588,0.161034,0,0.0661219,0.0694133
122.508480726,2.63986,0.00668793,0.721395,0.0580019,0.126207,0.0310526,0.2307,3.05519,0.0607667,0,0.297588,0.083965
122.554920635,2.2668,0.0357071,0.938047,0.0705127,0.0695158,0.0781867,0.25108,2.97395,0.00820397,0,0.23671,0.134165
122.601360544,2.28395,0.153704,1.48113,0.0219646,0.0587956,0.0739439,0.251894,2.65684,0.0024232,0,0.0375786,0.176392
122.647800454,2.20049,0.0943772,1.70797,0.0190883,0.107807,0.068166,0.268351,2.58603,0,0,0.000439987,0.192014
122.694240363,2.19708,0.0342665,1.56282,0.0391903,0.103514,0.00465095,0.244096,2.83892,0,0.00214331,0.0377417,0.156378
122.740680272,1.90587,0.0332312,1.30666,0.208369,0.335473,0.0155544,0.173041,3.25971,0,0.00580014,0.0483838,0.103
122.787120181,1.9515,0.0358536,1.18842,0.181607,0.737484,0.0182498,0.156474,3.29896,0,0.00390778,0.00335695,0.0325257
122.833560091,2.14445,0.0169963,1.47592,0.0376504,0.845044,0.0225364,0.157929,3.0469,0,0.000736683,0.0011602,0.00706922
122.880000000,2.33593,0.0138242,1.67599,0.00186519,0.734254,0.00931187,0.127536,2.92512,0.00219893,0,0.0727864,0
122.926439909,2.32521,0.0182147,1.67009,0.00170936,0.543157,0,0.0193873,2.98526,0.0114606,0,0.254236,0.0841204
122.972879819,2.10883,0.0282681,1.55474,0,0.485953,0.0741938,0.00325305,3.11968,0.0122348,0.000947341,0.447568,0.34253
123.019319728,1.79333,0.0305882,1.41749,0,0.184163,0.197712,0.230827,3.26283,0.00655659,0.212371,0.521215,0.134798
123.065759637,1.39476,0.0423586,1.43273,0.00254863,0.122639,0.394434,0.54542,3.2867,0.0104536,0.613993,0.386815,0.0989935
123.112199546,1.41281,0.0482107,1.57133,0,0.045511,0.698851,0.557552,3.10365,0.0131905,0.741378,0.0013968,0.0606169
123.158639456,1.49497,0.0488904,1.54122,0.23995,0.037117,0.913092,0.245423,3.1493,0.0144113,0.733194,0.000834844,0.0330286
123.205079365,1.63614,0.105677,1.58268,0.440823,0.0272452,0.753916,0.000697475,3.30042,0.0144612,0.555896,0.00069303,0.0362002
123.251519274,1.43698,0.249535,1.73621,0.49649,0.033727,0.40938,0.110721,3.64472,0.0165876,0.102419,0.136575,0.018127
123.297959184,1.04861,0.226195,1.90806,0.422331,0.0212749,0.0368045,0.241268,3.97418,0.0134769,0.00716355,0.362191,0.0100962
123.344399093,0.368362,0.133229,1.83281,0.0930756,0,0.0334343,0.0685027,4.15789,0.0157344,0.021679,0.53269,0.307573
123.390839002,0.461626,0.0409072,1.93258,0,0,0.0358098,0.054841,4.1171,0,0.0128943,0.855701,0.541321
123.437278912,0.363093,0.0401388,2.23376,0,0,0.208432,0.0489087,4.05211,0,0.0137051,1.02999,0.592026
123.483718821,0.291801,0.0358095,2.4811,0,0.022189,0.0254182,0.0341681,4.05118,0,0.0133942,1.12095,0.512654
123.530158730,0.187932,0.0953008,2.65404,0,0.0248189,0.000163746,0,4.06974,0.0297053,0.0138201,1.12836,0.249509
123.576598639,0.0231517,0.147235,2.75112,0,0.0190949,0.00430732,0,4.08666,0.0703741,0.0137619,1.12785,0.11793
123.623038549,0.000341972,0.178195,2.66251,0.0127741,0.00812919,0.00297303,0,4.17159,0.0567636,0.0133548,1.13097,0.185283
123.669478458,0,0.172376,2.47463,0.0170656,0.00515292,0.00263353,0.0102355,4.29266,0.0385232,0.0126558,1.16135,0.122812
123.715918367,0.000275323,0.0860051,2.32066,0,0.0211269,0.00213418,0.0468551,4.25654,0,0.033035,1.2451,0.0639383
123.762358277,0.000221586,0.0401944,2.27208,0,0.0118765,0.00494639,0.00998521,4.15511,0,0.0638069,1.24053,0.0925175
123.808798186,0.0942719,0.0467885,2.26895,0,0,0.0402085,0.0103821,3.89021,0.00878439,0.0927969,1.24613,0.170736
123.855238095,0.000376979,0.182291,2.13108,0,0,0.037779,0.0203901,3.8139,0.0618944,0.0190754,1.13551,0.28376
123.901678005,0.000415656,0.203565,2.14045,0,0,0.0286536,0.0230315,3.88155,0.0510465,0.0172648,0.979056,0.211019
123.948117914,0.000381964,0.0205588,2.3811,0,0,0.0279743,0.020131,4.10118,0.00119023,0.0162146,1.04625,0.247681
123.994557823,0.000300802,0.018001,2.52479,0.0036658,0,0.0323069,0.0390265,4.23505,0,0.0152902,1.04248,0.226057
124.040997732,0.0916611,0.0164506,2.77091,0.0120787,0,0.0430625,0.0511156,4.1282,0,0.0144805,1.05055,0.157049
124.087437642,0.00018831,0.0170944,2.8015,0.0119574,0,0.0420802,0.0586571,4.10886,0,0.0147245,1.04581,0.144472
124.133877551,0.000424749,0.0204082,2.67492,0.00719743,0,0.0140262,0.0408969,4.07524,0.0434104,0.014729,1.08941,0.181313
124.180317460,0.000696889,0.0279124,2.59986,0.00135554,0.0153853,0.0155962,0.00865769,3.96171,0.0465752,0.0141423,1.16487,0.159801
124.226757370,0.000574724,0.0353265,2.57818,0.00684536,0.0281451,0.0274381,0.00831094,4.06482,0,0.0232014,1.16152,0.03154
124.273197279,0.000219186,0.0309973,2.62775,0.00127942,0.0287511,0.0435291,0,4.27333,0,0.0432765,1.17457,0.0148413
124.319637188,0.0545221,0.0137796,2.68861,0.00457674,0.0234573,0.0438804,0,4.17768,0,0.0595222,1.13884,0.0377227
124.366077098,0.000163208,0.00423745,2.66413,0.00661769,0.0196854,0.0326482,0.00168654,4.17004,0.00386419,0.0786227,1.15316,0.163168
124.412517007,0.00061736,0.109745,2.53973,0,0.0165497,0.0252427,0.0124022,4.17362,0.0203371,0.0349678,1.15698,0.156547
124.458956916,0.000615255,0.435708,2.20735,0,0.00305132,0.0240025,0.0171484,4.28266,0,0.0105285,1.14736,0.155528
124.505396825,0.0456211,0.362238,2.20984,0,0.0033642,0.0184475,0.048061,4.18494,0,0.00560948,1.13259,0.173301
124.551836735,0.282194,0.338695,2.20993,0,0.01405,0.0135984,0.0422157,4.15326,0,0.00215815,1.14563,0.119605
124.598276644,0.369516,0.302069,2.27556,0,0.00255049,0.017938,0.0405672,4.19068,0,0.000825704,1.10622,0.109883
124.644716553,0.473504,0.339163,2.17861,0.0346913,0.00430704,0.0214716,0.00522397,4.05073,0.0366054,0.0037891,1.14306,0.112951
124.691156463,0.420733,0.256,2.15107,0.0161023,0.0099603,0.0172443,0.00549572,4.12579,0.0854934,0.00786882,1.16106,0.0471512
124.737596372,0.201455,0.235087,1.96577,0.0629124,0.00254902,0.0448999,0.00755796,4.15835,0.0522058,0.0808653,1.14562,0
124.784036281,0.158308,0.306226,1.81247,0.0960249,0.0034815,0.0372468,0.0196522,4.02561,0.0043648,0.112566,1.2105,0.006407
124.830476190,0.275135,0.615629,1.18648,0.22039,0.0471464,0.00161463,0,3.9686,0.00400844,0.031303,1.44693,0.244142
124.876916100,0.293888,0.816382,1.09478,0.232927,0.0413169,0.00769914,0.00629919,3.99469,0.00331035,0.00701586,1.52336,0.37074
124.923356009,0.158176,0.653352,1.5314,0.0147518,0.0252725,0.00529608,0.0178048,4.022,0.00322431,0.00964564,1.46539,0.0901635
124.969795918,0.052399,0.564351,1.71166,0.0520099,0.00337491,0,0.0213914,4.01479,0.0231905,0.00931909,1.30614,0.129615
125.016235828,0.0152742,0.563494,1.822,0.0640515,0.012282,0,0.0195843,3.85298,0.0343496,0.00163975,1.20923,0.153248
125.062675737,0.000578399,0.536661,1.69761,0.0813299,0.0205841,0,0.0153324,3.91869,0.0264174,0,1.17283,0.108065
125.109115646,0.0494479,0.516735,1.29675,0.0797477,0.0284344,0,0.0109638,4.0187,0.0171272,0,1.29236,0.108184
125.155555556,0.0849135,0.422282,1.12825,0.0229858,0.035148,0,0,4.09294,0.0138118,0,1.3762,0.154138
125.201995465,0,0.391551,1.14478,0.376727,0.013683,0.00229854,0,4.02447,0.0462351,0,2.0533,0.268726
125.248435374,0,0.383303,1.66803,0.642329,0.0195003,0.00167788,0.0618421,3.71796,0.318547,0.000118382,2.35365,0.539396
125.294875283,0,0.223784,1.27924,1.14471,0.197666,0.0140098,0.0512896,3.2813,0.225993,0.00564506,2.22935,0.457069
125.341315193,0.000413137,0.241287,0.953692,1.3211,0.142748,0.0114223,0.0668078,2.68549,0.025189,0.0110298,2.1321,0.391938
125.387755102,0.000505085,0.283068,0.714886,1.302,0.257322,0.0116204,0.0638331,2.42417,0.0021027,0.0133043,2.09346,0.204778
125.434195011,0.000277639,0.264792,0.519656,1.24033,0.861009,0.0252934,0.0548072,2.40748,0,0.0146561,2.15053,0.0964971
125.480634921,0.0854956,0.222161,0.416532,1.24872,1.42264,0.028196,0.0276095,2.2272,0.00127714,0.0109387,2.24275,0.0833496
125.527074830,0.0266466,0.166963,0.419319,0.864577,1.66283,0.157648,0,2.09018,0.207765,0.00318459,2.42821,0.0612339
125.573514739,0,0.13928,0.350911,0.223949,1.05483,0.688485,0.320164,1.96111,0.474857,0,2.34184,0.352268
125.619954649,0,0.148844,0.465489,0.144821,0.26361,1.10694,0.414308,2.10872,0.333221,0.000608204,2.06429,0.50836
125.666394558,0,0.140801,0.450503,0.316598,0.35825,1.12959,0.0959427,2.13245,0.0495,0.0319039,1.95631,0.370456
125.712834467,0.104888,0.0235607,0.552052,0.171114,0.496458,0.926155,0.0598001,2.28466,0.067029,0.0470053,1.86351,0.378617
125.759274376,0.323426,0,0.687734,0.359901,0.615501,0.400024,0.0589366,2.40319,0.00782633,0.044519,1.79409,0.433277
125.805714286,0.734418,0.0890485,0.846999,0.229346,0.592397,0.209727,0,2.25511,0.011016,5.99461e-05,2.18286,0.192573
125.852154195,0.981693,0.0591363,0.769521,0.271556,0.269016,0.900979,0.00252481,1.93703,0.0161509,0,2.33138,0.151241
125.898594104,1.11152,0.0111888,0.652888,0.23953,0.21285,1.82135,0,1.60702,0.0478406,0.000871301,2.39363,0.174537
125.945034014,1.21892,0.00814623,0.604342,0.166026,0.0885624,2.40093,0,1.50191,0.0773028,0.00600435,2.22153,0.145045
125.991473923,1.25061,0.00254244,0.656245,0.095993,0.0149079,2.61397,0,1.32448,0.0721203,0.0101762,2.23898,0.150645
126.037913832,1.25804,0.0016725,0.632186,0.0110292,0.0870471,2.21716,0,1.34036,0.0765927,0.0120129,2.34688,0.172125
126.084353741,1.29853,0.00239925,0.659748,0,0.210761,1.90327,0,1.24095,0.08285,0.0147655,2.34098,0.140032
126.130793651,1.22713,0.00292507,0.714666,0.0240325,0.227383,1.92046,0.0127942,1.15834,0.0979363,0.0353377,2.30767,0.110323
126.177233560,1.1221,0.00748889,0.828348,0.057583,0.181238,1.88457,0.0391445,1.03437,0.0922599,0.0883795,2.33996,0
126.223673469,1.09086,0.0120157,0.898212,0.0609009,0.232276,1.51101,0.0704319,1.22175,0.000508313,0.158318,2.40096,0
126.270113379,1.33074,0.237976,0.949074,0.0360197,0.296711,0.66757,0.0906621,1.49148,0.00746607,0.180527,2.55158,0
126.316553288,1.06617,0.194526,0.992778,0.0129561,0.137742,0.539669,0.063886,1.68376,0.106134,0.123933,2.41126,0
126.362993197,0.80882,0.0317369,1.11058,0.02138,0.230595,0.938325,0.0300337,1.63332,0.21649,0.476104,2.19677,0
126.409433107,0.389427,0.045233,1.1869,0.0416823,0.820561,1.09386,0.0371374,0.904378,0.558639,0.324501,1.99615,0
126.455873016,0.265138,0.0474664,1.19899,0.00647333,1.72538,0.952069,0.0235646,0.352187,0.710124,0.5319,1.39243,0
126.502312925,0.46319,0.0225432,0.968389,0,1.6263,0.575853,0.0215262,0.285962,0.436213,1.02773,1.50806,0.027445
126.548752834,0.595695,0.0034297,0.676532,0,0.709692,0.697985,0.0172681,0.341847,0.298164,1.27475,1.63721,0
126.595192744,0.831434,0.0013093,0.810744,0.0161575,0.109407,1.50263,0.0130864,0.198009,0.132669,1.11947,1.37392,0.0457141
126.641632653,0.95439,0.028788,0.857025,0.0181489,0.0211297,2.27266,0.00622535,0.172185,0.167831,0.976646,1.24257,0.0790946
126.688072562,0.734542,0.00331351,0.770591,0.00493081,0.081473,2.92867,0,0.15914,0.240388,1.02711,1.37299,0.20792
126.734512472,0.656973,0.00363807,0.812756,0,0.0298243,3.29043,0,0.0385682,0.184645,1.0595,1.25562,0.197314
126.780952381,0.883622,0.00276803,0.900761,0,0.0205013,3.40389,0.10157,0.122447,0.100251,0.770849,1.12095,0.109525
126.827392290,1.10053,0.0804489,0.725433,0.0109404,0.0121096,3.51196,0.216911,0,0.0315845,0.719669,0.86658,0
126.873832200,1.15577,0.142727,0.317841,0.0266447,0.0157642,3.51476,0.25264,0,0,0.508909,1.14784,0.0359297
126.920272109,1.05646,0.145206,0.282756,0.0449025,0.0222511,3.47115,0.211734,0,0.0237418,0.429162,1.49133,0.0386062
126.966712018,0.771623,0.129532,0.402457,0.0382987,0.0465704,2.88442,0.359949,0.237697,0.0228595,0.617152,1.96408,0
127.013151927,0.778976,0.14621,1.04667,0.0344543,0.268674,1.66419,0.487762,0.601066,0.00869085,0.590955,2.1067,0
127.059591837,0.629887,0.130838,1.72788,0.00601566,0.14251,1.2938,0.607901,0.643164,0.0155388,0.557808,2.00347,0
127.106031746,0.419676,0.0582231,2.3425,0.0182081,0.0019922,1.25462,0.640281,0.651829,0.0197247,0.521839,1.56335,0.00209355
127.152471655,0.617625,0.102325,2.56417,0.0264589,0.160896,1.26397,0.563087,0.705354,0.0233708,0.508887,0.846975,0
127.198911565,2.19783,0.246394,1.7821,0.0972256,0.458931,1.12376,0.270103,0.940441,0.0403635,0.468386,1.08492,0
127.245351474,3.3152,0.0469027,0.334024,0.0252789,0.570859,0.938782,0.139076,1.10715,0.0253536,0.500705,1.1001,0
127.291791383,3.6006,0.00566932,0.216863,0.0924599,0.488152,1.28169,0.18552,0.966431,0.00781133,0.336489,1.02991,0
127.338231293,3.64273,0,0.515223,0.0934501,0.430919,1.51235,0.152263,0.927408,0.0157684,0.319868,1.0649,0
127.384671202,3.50443,0.0367889,0.75702,0.0349046,0.268931,1.45043,0.101508,1.21521,0.000251378,0.416191,0.978081,0
127.431111111,3.36485,0.0239992,0.766881,0.0355807,0.315467,0.98297,0.0656608,1.76076,0.000260368,0.479411,1.22542,0
127.477551020,3.26109,0.0861767,0.702317,0.0193363,0.44445,0.955587,0.0507189,1.97464,0.000682126,0.408916,1.12748,0
127.523990930,3.32066,0.118184,0.465747,0.0121079,0.668045,1.49617,0.00361939,1.98296,9.05648e-06,0.405596,0.440468,0
127.570430839,3.13595,0.168955,0.102307,0.0150324,0.747906,2.05833,0,1.72486,0.00142933,0.530799,0.346618,0
127.616870748,3.29443,0.0907694,0.0392032,0.0226047,0.756417,2.2242,0,1.23102,0.0135256,0.59163,0.40152,0.0371231
127.663310658,3.48748,0.0250827,0.059706,0.0268996,0.711336,1.97261,0,1.35849,0.0170593,0.384318,0.626994,0.144636
127.709750567,3.55137,0.000211785,0.0711494,0.0275238,0.643883,1.76667,0,1.53502,0.0112146,0.385841,0.620335,0.188051
127.756190476,3.50573,0.00157003,0.123792,0.0321806,0.599736,1.7382,0,1.76518,0.059036,0.239826,0.69247,0.183633
127.802630385,3.4753,0.00223955,0.251246,0,0.636101,1.25466,0.00275691,2.11498,0.162622,0.00024466,1.10922,0.397998
127.849070295,3.64047,0.07448,0.20666,0,0.829715,0.320416,0.00619382,1.99176,0.479024,0.0172476,1.41123,0.608548
127.895510204,3.55986,0.112648,0.133707,0.00642354,0.904482,0.14226,0.00866175,1.79997,0.536499,0.0256377,1.4971,0.588519
127.941950113,3.57244,0.0998048,0.131094,0.00965276,0.905207,0.177273,0.0222672,1.71196,0.539305,0.042402,1.40656,0.499337
127.988390023,3.81651,0.116922,0.161585,0.0132943,0.777445,0.402282,0.0314115,1.8226,0.420246,0.0494951,1.22199,0.249861
128.034829932,4.06984,0.193879,0.173033,0.0101844,0.781227,0.43361,0.0256349,1.76704,0.0591175,0.0130587,1.13726,0
128.081269841,4.16673,0.0100823,0.36795,0.0684197,0.770902,0.431846,0.0193485,1.696,0.0200652,0.000642619,0.994359,0.0972611
128.127709751,4.38956,0,0.37162,0.0295459,0.750259,0.40451,0.0167276,1.5056,0.00874146,0.00128817,0.736794,0.130253
128.174149660,4.33466,4.4585e-05,0.32025,0,0.699377,0.453135,0.015135,1.536,0.0307776,0.00117899,0.528885,0.172597
128.220589569,4.33772,0,0.228574,0.00521265,0.636918,0.449086,0.0222383,1.52746,0.055903,0.000922649,0.579301,0.126695
128.267029478,4.40571,0,0.226527,0.00565053,0.656214,0.347371,0.0249818,1.55951,0.0494369,0.000797502,0.88175,0.0616731
128.313469388,4.39522,0.0758948,0.0382773,0.0526117,0.618971,0.276153,0.039037,1.56855,0.00857994,0.000482693,1.08433,0.041717
128.359909297,4.22116,0.0746473,0.000359823,0.0714793,0.663619,0.128598,0.0294066,1.73172,0.210353,0.06781,1.18815,0.0557368
128.406349206,3.93346,0.1373,0.0296213,0.0597275,0.939782,0.129468,0.0206485,1.91736,0.599187,0.0571599,1.16267,0.127765
128.452789116,4.01391,0.219356,0.216685,0.151427,1.46138,0.034853,0.00227638,1.76318,0.554346,0.0108284,1.26257,0.0800712
128.499229025,3.97151,0.209792,0.338321,0.0042316,1.73269,0.00714759,0.00178557,1.86947,0.450955,0.00170427,1.27782,0
128.545668934,4.04721,0.168472,0.268799,0,1.78681,0.00602453,0.000964847,2.03198,0.368317,0.00132517,1.21792,0
128.592108844,4.0329,0.141843,0.209148,0,1.79347,0.0200766,0.00396263,2.09543,0.226194,0.0132707,1.29596,0
128.638548753,3.93952,0.0182878,0.148057,0,1.83145,0.0410603,0.0287757,2.05774,0.138434,0,1.35729,0.0983746
128.684988662,4.02895,0.0739981,0.0660289,0,2.26457,0.0320647,0.0199448,1.79979,0.0142034,0,1.37888,0.09701
128.731428571,3.97024,0.117956,0.0405243,0.000243187,2.58617,0.0242982,0.00781072,1.37183,0.0137106,0,1.37517,0.14682
128.777868481,3.85194,0.0776825,0.0306688,0.0086253,2.62492,0.00486349,0.00434545,1.15218,0.0163232,0,1.34333,0.0994263
128.824308390,3.41729,0.0785787,0.0150468,0.0113459,2.70011,0.0500304,0.0686634,1.15749,0.00955209,0,1.21792,0.031399
128.870748299,3.6701,0.196499,0.00099867,0.00463156,2.59959,0.00746756,0.0343543,0.911302,0.00819124,0.092329,1.24078,0
128.917188209,3.95347,0.162397,0.0100561,0.00407693,2.42021,0.0284894,0.0349468,0.732019,0.00167368,0.0106173,1.33398,0
128.963628118,3.95089,0.0100736,0.0169898,0,2.43513,0.0338741,0.0294566,0.75789,0.093511,0.024662,1.29075,0
129.010068027,3.71391,0.00332912,0.0261445,0,2.54718,0,0.0148112,0.504311,0.00314463,0.0732041,1.22245,0.0976758
129.056507937,3.58649,0.00295533,0.0335725,0,2.68291,0,0.0124509,0.0634255,0.00884349,0.080143,1.3344,0.365695
129.102947846,3.63224,0.0274519,0.0351496,0,2.82741,0.0158937,0.00426759,0.00176103,0.0857064,0.000396785,1.35816,0.201096
129.149387755,3.61627,0.159675,0.0977534,0.0118439,2.76899,0.0305603,0,0,0.135249,0,1.12169,0.127304
129.195827664,3.11601,0,0.239917,0.0106005,2.66847,0.135101,0,0.368631,0.123471,0.000600036,1.11291,0.439441
129.242267574,2.94532,0,0.218302,0.00758184,2.47547,0.0958325,0,0.773619,0.084048,0.0679074,1.18569,0.641234
129.288707483,3.40062,0,0.287034,0.0106907,2.28486,0.0609532,0.00116687,0.96574,0.320544,0.101776,0.9165,0.397327
129.335147392,3.80335,0.0450116,0.342296,0.00954694,2.10109,0.0477607,0.056833,0.925595,0.815682,0.0176248,0.825445,0.0461764
129.381587302,4.053,0.0856289,0.301314,0.00882511,2.24929,0.0271468,0.0252767,0.811734,0.971083,0.00293566,0.76928,0.0673625
129.428027211,4.10234,0.00298753,0.261519,0,2.54373,0,0,0.782386,0.984923,0.00506952,0.846239,0.15461
129.474467120,3.82759,0.00315118,0.188767,0,2.8315,0,0.00841394,0.78788,0.786856,0.00504737,0.903385,0.162781
129.520907029,3.71716,0.00113274,0.150782,0.00703531,2.97435,0.106015,0.00703014,0.739729,0.275426,0.00238665,0.774542,0.139805
129.567346939,4.04983,0,0.123959,0.0128347,2.80522,0.122735,0.0232263,0.611347,0.0588036,0.00160368,0.461713,0.130214
129.613786848,4.00094,0,0.0787557,0.00197124,2.34174,0.211569,0.0288719,0.69536,0.357378,0.00381429,0.180125,0.119972
129.660226757,3.60104,0.0113633,0.0846544,0.141934,1.93553,0.309417,0.0186487,0.788963,0.757655,0.00417102,0.147081,0.131696
129.706666667,3.22546,0.067969,0.0711241,0.157751,1.78335,0.448746,0.00577195,0.862068,0.944481,0.00543313,0.137196,0.151698
129.753106576,3.00458,0.166269,0.0307676,0.055053,1.60334,0.569315,0,1.01708,0.995016,0.102597,0.121756,0.172559
129.799546485,3.07216,0.144431,0.0110093,0,1.45096,0.630202,0.00177751,0.812434,1.01119,0.231473,0.249102,0.0912921
129.845986395,3.29963,0.0560878,0.0261132,0,1.49037,1.18561,0.00114922,0.246933,1.15001,0.295046,0.224779,0.0274347
129.892426304,3.41108,0.0967628,0.0392374,0.00956672,1.59381,1.799,0.00416546,0.0805575,1.11301,0.210065,0.111284,0.00874965
129.938866213,3.10927,0.319691,0.045845,0.00948781,1.66962,2.08659,0.00467727,0.169045,0.943916,0.187589,0.117218,0.0211712
129.985306122,2.62982,0.643369,0.0700313,0.00503564,1.7464,2.13345,0.00414404,0.296395,0.729359,0.193485,0.138292,0.0185379
130.031746032,2.20467,0.812711,0.021123,0.00566759,1.56973,1.98584,0.00240295,0.351843,0.348056,0.499473,0.116266,0
130.078185941,1.90377,0.773358,0.304824,0.00850593,1.19554,1.54597,0.0100896,0.431353,0.0582792,0.788404,0.00335836,0
130.124625850,1.92652,0.930169,1.24736,0.0477588,0.537535,0.863836,0.00819386,0.562633,0.0664712,0.668143,0.0988466,0
130.171065760,2.08212,0.943482,1.67263,0.14838,0.35098,0.44016,0.033019,0.673798,0.0661875,0.64595,0.155054,0.012895
130.217505669,2.15313,1.06464,1.74593,0.0380068,0.352123,0.341386,0.0804446,0.737514,0.0548682,0.632757,0.0530082,0
130.263945578,1.72603,1.29171,1.62408,0.0998152,0.878544,0.365609,0.0933597,0.898458,0,0.545731,0.000667427,0.0443696
130.310385488,1.72902,1.48463,1.63517,0.0737277,0.955816,0.291139,0.0774683,0.753404,0,0.457322,0.0133667,0.184156
130.356825397,1.68984,1.78064,1.7809,0.0321824,0.838553,0.343714,0.0933057,0.453638,0.00129323,0.476201,0.0123254,0.197556
130.403265306,1.64674,1.80933,1.91926,0.0104647,0.733372,0.336345,0.159107,0.0248669,0.291541,0.829379,0.00962365,0.163795
130.449705215,1.46923,1.69979,1.92737,0.0789593,0.689013,0.330126,0.310477,0,0.526467,0.918279,0.0226955,0.200647
130.496145125,1.35098,1.43629,2.01461,0.108758,0.587725,0.320856,0.824446,0,0.793749,0.849053,0.0322499,0.20714
130.542585034,1.5514,1.07082,2.00177,0.160902,0.631645,0.183575,1.38086,0,0.938114,0.736201,0.0479741,0.172168
130.589024943,1.78693,0.802708,1.84017,0.150968,0.648593,0.117706,1.8264,0.0344719,0.911168,0.510539,0.0941018,0.168014
130.635464853,1.87949,0.779,1.79825,0.0678643,0.256667,0.104807,2.07489,0.156451,0.360796,0.373821,0.129738,0.160162
130.681904762,2.0587,0.707992,1.72862,0,0.155717,0.111686,2.55243,0.016651,0.171714,0.441544,0.104046,0.143292
130.728344671,2.10429,0.710652,1.53641,0,0.231887,0.0656827,2.69581,0,0.156896,0.414245,0.141959,0.0947851
130.774784580,2.00861,0.741273,1.46562,0,0.235334,0.0590769,2.65155,0,0.253822,0.24321,0.199039,0.0791695
130.821224490,1.99911,0.866234,1.50668,0,0.161332,0.0598214,2.41402,0,0.31383,0.145709,0.154218,0.0719275
130.867664399,1.89402,0.737447,1.47106,0,0.0950019,0.238573,2.23553,0.223392,0.475965,0.0606761,0.0435562,0.103255
130.914104308,1.90055,0.75892,1.36209,0,0.124369,0.420821,1.8982,0.103496,1.2546,0.184403,0.0359827,0.176567
130.960544218,1.81006,0.847602,0.728963,0,0.627068,0.167807,1.82747,0.315649,1.27915,0.413374,0.04036,0.170709
131.006984127,1.85656,0.692646,0.459277,0,1.03226,0.0472057,1.67188,0.673899,1.05567,0.55817,0.11873,0.129373
131.053424036,1.92241,0.423391,0.492786,0,1.30636,0.0367027,1.68362,0.856739,0.936026,0.373595,0.13833,0.0734867
131.099863946,2.19851,0.473724,0.630996,0.126688,1.41571,0.0879467,1.78059,0.773099,0.77731,0.254807,0.16281,0
131.146303855,2.56284,0.418858,0.935174,0.217061,1.4279,0.446971,1.79897,0.392071,0.480848,0.163371,0.134081,0
131.192743764,2.56146,0.474015,1.49811,0,1.44258,0.595962,1.58949,0.404402,0.00950516,0.077269,0.178926,0
131.239183673,2.28969,0.411836,1.81421,0.055704,1.30687,0.648536,1.4051,0.65099,0.161836,0.192518,0.162588,0
131.285623583,2.39775,0.428359,1.94804,0.1468,1.19236,0.375545,0.956674,0.736743,0.404085,0.158202,0.105023,0.0316846
131.332063492,2.41859,0.34559,1.72647,0.0163403,0.965106,0.105748,0.603546,1.01845,0.471297,0.13336,0.121959,0.0556832
131.378503401,2.02267,0.214118,1.40207,0.00924552,0.865173,0.497974,0.186495,1.47391,0.396428,0.166068,0.17041,0.0298359
131.424943311,1.80001,0.331574,1.41081,0.0236836,0.377846,0.57978,0.0899666,1.46383,0.195714,0.181569,0.308847,0
131.471383220,1.55334,0.476025,1.69772,0.229625,0.0821631,0.500709,0.100429,1.00204,0.100362,0.430256,0.205242,0.198843
131.517823129,1.62612,0.584564,1.78488,0.204162,0.356175,0.22184,0.0318835,1.18989,0.624482,0.412379,0.226837,0.340299
131.564263039,2.00106,0.660234,1.68473,0.0625974,0.994828,0.118784,0.124176,1.63096,0.884361,0.273244,0.142964,0.0619151
131.610702948,2.57106,0.774806,1.32836,0,1.31822,0.0329252,0.0983446,1.8649,0.932897,0.0606231,0.100135,0.123975
131.657142857,2.82685,0.829483,0.811362,0,1.4431,0.0083001,0.0983772,2.16649,0.999466,0.0558645,0.00455932,0.163346
131.703582766,3.01074,0.824393,0.499161,0.0717296,1.52208,0.0680994,0.471924,1.9644,0.922226,0.0348958,0.000856881,0.217383
131.750022676,3.16604,0.527163,0.352136,0.436465,1.46824,0.0810995,0.642267,1.28641,0.566068,0.0991634,0,0.108975
131.796462585,2.65548,0.0664446,0.203977,0.706166,1.52431,0.137637,0.106595,1.07105,0.815318,0.107741,0.256057,0.118895
131.842902494,2.02128,0.0614533,0.483554,0.876451,1.23682,0.214775,0.0398774,1.21906,1.35822,0.0806912,0.461892,0.0243612
131.889342404,2.21691,0.0300667,0.828666,0.593213,0.878134,0.180673,0.0103388,1.02931,2.11875,0.169677,0.241327,0.124383
131.935782313,2.53598,0.0444128,0.805191,0.174153,1.0262,0.132878,0.0085377,0.840207,2.56024,0.202248,0.0365739,0.115801
131.982222222,2.80486,0.0556531,0.697225,0.00988505,1.10549,0.160341,0.00808409,0.720925,2.58328,0.182411,0.029757,0.0643093
132.028662132,2.74196,0.0913985,0.496301,0.0380385,1.37652,0.458067,0.00149017,0.401538,2.80362,0.143349,0.000656502,0.0395934
132.075102041,2.40198,0.074964,0.596575,0.00257427,1.53863,0.640671,0,0.0435203,2.12681,0.653518,0.0801776,0.0448803
132.121541950,2.34513,0.363653,0.616951,0.0113815,1.46586,0.732302,0.0022883,0.203333,1.26801,1.6005,0.0485751,0
132.167981859,2.06158,0.455226,0.587309,0.014048,0.992064,1.40995,0.0189259,0.553583,0.482705,2.34397,0.110004,0
132.214421769,1.86908,0.163725,0.471642,0.0204286,0.274121,2.53132,0.0136056,0.509314,0.0250851,2.3567,0.194408,0.185302
132.260861678,2.07013,0.07683,0.308371,0.0144834,0.138181,2.52195,0.434581,0.480983,0.053583,2.01676,0.42405,0.125739
132.307301587,2.02934,0.123986,0.204717,0.0106283,0.107468,1.82502,0.685906,0.671267,0.110403,1.07181,0.682971,0.184998
132.353741497,1.79324,0.179718,0.864163,0.00750769,0.0786502,1.19375,0.827853,0.600032,0.153725,0.715198,0.41367,0.925614
132.400181406,0.880845,0.196579,0.98833,0,0.0770104,1.11706,0.606576,1.21307,0.363159,0.117711,0.202916,1.14903
132.446621315,1.02682,0.125731,0.821185,0,0.0644928,1.19359,0.413989,1.38694,0.625428,0.0785505,0.0695936,0.821061
132.493061224,1.16596,0.641265,0.82024,0.038069,0.00108071,1.13401,0.0309581,1.49492,1.22475,0.133925,0.051865,0
132.539501134,1.04127,1.03553,1.00993,0.644817,0.0302504,1.0103,0.00311926,1.4294,1.04255,0.452909,0,0
132.585941043,0.745432,0.338618,1.6991,0.38354,0.0674301,0.636279,0,1.68342,0.612828,0.449364,0.167875,0.650034
132.632380952,2.10409,0.00797702,2.01379,0.12714,0.414847,0.066937,0.00541147,1.61946,0.24017,0.217364,0.0843422,0.547133
132.678820862,2.69536,0.00535187,1.55982,0.0587199,0.408157,0.0521911,0.0180464,2.08287,0.0775632,0.133251,0.0222826,0.681654
132.725260771,2.95583,0.00010997,1.2086,0.0277535,0.375229,0,0.0894295,2.33084,0.047396,0.0806077,0.0322686,0.693753
132.771700680,3.14147,0.00152287,0.914907,0.0206897,0.344321,0.0507244,0.0872103,2.40105,0.0329131,0.0276857,0.0892453,0.590688
132.818140590,3.71201,0.00148353,1.06288,0.0117226,0.241387,0.307644,0.181761,2.01598,0.0678174,0.257298,0.0437728,0.204744
132.864580499,2.75809,0.00225819,1.50957,0,0,1.17854,0.0226937,1.21751,0.0944743,1.62394,0.226086,0.0453665
132.911020408,0.704544,0.192912,1.67244,0,0.076842,0.762278,0.0277633,1.33144,0.0315978,2.27189,1.15028,0.0381897
132.957460317,0.604787,0.25903,1.24783,0,0.286728,0.615283,0.0196499,1.24474,0.0703553,2.32571,1.37545,0.0415057
133.003900227,0.628099,0.29302,1.09934,0,0.451849,0.478508,0.0373226,0.985422,0.0451398,2.41892,1.4053,0.0144515
133.050340136,0.696948,0.314772,1.31528,0.017823,0.711666,0.346718,0.06521,0.972014,0.049804,2.63591,0.906208,0
133.096780045,0.634285,0.315079,1.52853,0,0.801266,0.179081,0.0891105,1.00643,0.103403,2.83642,0.38594,0
133.143219955,1.21039,0.225487,1.69634,0.0092277,0.514929,0.0360704,0.0696557,0.965857,0.215714,3.03003,0.054343,0
133.189659864,2.2227,0.0934959,0.706041,0.104579,1.07072,0.0319447,0.0269159,0.876141,0.272287,2.6542,0.13174,0
133.236099773,2.76014,0.00022189,0.437748,0.0257254,1.59849,0.0849477,0.0674059,0.52592,0.59461,2.47676,0,0
133.282539683,3.1168,0,0.00288588,0.0257384,1.60264,0.0731256,0,0.477932,0.403642,2.9687,0,0
133.328979592,3.38984,0.00206673,0.00313271,0.0204925,1.64826,0.0036633,0,0.399184,0.114108,3.11779,4.79196e-05,0
133.375419501,3.23306,0.0807563,0.00634985,0.00298003,1.65278,0,0,0.367106,0,3.3221,0.0542511,0.0325882
133.421859410,2.48303,0.535415,0.100063,0,1.46772,0.0429179,0.0174577,0.446983,0,3.51447,0.015681,0.0385108
133.468299320,1.27392,0.591436,0.120986,0,1.41165,0.0458075,0.0182684,0.376449,0,3.69343,0.0324251,0
133.514739229,0.0289088,0.524583,0.21266,0,1.40995,0.0839718,0.0226203,0.259396,0,3.84513,0.0682874,0
133.561179138,0.0842507,0.444062,0.0890753,0,1.55752,0.089439,0.0174017,0.128855,0,4.24557,0.089114,0
133.607619048,0.165163,0.388951,0.0817619,0,1.74679,0.0804012,0.00406374,0.0438346,0,4.28014,0.0461357,0.122393
133.654058957,0.195816,0.36381,0.00173039,0,1.89463,0.0507538,0.01749,0.03901,0,4.06851,0.0654865,0.0629105
133.700498866,0.269819,0.299316,0.00464271,0.000287652,2.098,0.413502,0.00943634,0.00896429,0,3.71312,0,0.0323347
133.746938776,0.195376,0.401975,0.098055,0.231162,1.8536,1.10717,0.00979452,0.00472307,0.0958601,2.86545,0.311921,0.0355431
133.793378685,0.170215,0.426379,0.725599,0.62144,1.3939,0.551318,0.00640506,0.0500627,0.761514,1.6999,1.57992,0.07594
133.839818594,0.0244437,0.30936,1.39333,0.325781,0.588564,0.581279,0.00620769,1.1732,1.46673,1.04478,1.80542,0.0934154
133.886258503,7.77514e-05,0.106712,1.5331,0.0610437,0.102421,0.645504,0.0149864,2.15635,1.25972,0.326277,1.9091,0.0542599
133.932698413,5.88084e-05,0.126958,1.6047,0.0170147,0.0323599,0.452378,0,2.89285,0.57116,0.115581,1.95436,0
133.979138322,0.0134888,0.223467,1.41136,0.00596522,0.0257166,0.357537,0,3.04064,0.0359061,0.361725,2.15599,0.102833
134.025578231,0.00976841,0.00910511,1.20744,0,0.0261242,0.479676,0.0721836,3.33069,0.0618227,0.291866,2.21466,0.181468
134.072018141,0.039626,0,1.46604,0.000278281,0.0245608,0.324962,0.36881,3.46889,0.0899307,0.111307,2.2982,0.142275
134.118458050,0.153886,0.00695656,1.72149,0.0109374,0.00826392,0.358225,0.4253,3.39009,0.0636385,0.13121,2.28857,0.102778
134.164897959,0.162717,0.243321,1.88505,0.0161407,0.0135588,0.369409,0.288396,3.04875,0.0208849,0.142054,2.46155,0.142741
134.211337868,0.147114,0.194812,2.09111,0.0182104,0.0101294,0.458561,0.122339,2.86267,0,0.141696,2.59357,0.230126
134.257777778,0.148327,0.039595,2.10479,0.0132654,0.00177997,0.49702,0.0217177,3.16042,0,0.0708063,2.61519,0.245695
134.304217687,0.616539,0,2.50933,0.0334324,0,0.0827824,0.149879,2.64417,0,0.0494962,2.66524,0.299976
134.350657596,1.11044,0.0451405,2.50998,0.238831,0.186955,0.527715,0.113756,1.62889,0,0.0307958,2.62787,0.373066
134.397097506,0.623217,0.00323612,2.64763,0.346666,0.271227,1.11018,0.00691447,1.38523,0,0.0127396,2.4641,0.645459
134.443537415,0.237953,0.00217629,2.62653,0.288621,0.136297,1.24408,0.289132,1.04549,0,0.0916393,2.49814,0.794378
134.489977324,0.226191,0.0513271,2.42161,0.233794,0.0436149,1.5589,0.423925,0.962175,0,0.0315074,2.47229,0.660502
134.536417234,0.224555,0.336096,2.36767,0.114402,0.108071,1.72177,0.414979,0.734171,0,0.000224446,2.72884,0.582322
134.582857143,0.673259,0.344515,2.2227,0.0529732,0.130625,2.26797,0.29981,0.393095,0.00623774,0.181035,2.43932,0.309694
134.629297052,1.51668,0.287547,1.69747,0.0601785,0.193235,2.81628,0,0.30122,0.147355,0.288728,1.72362,0.0490836
134.675736961,1.85091,0.0416362,1.17377,0.0477447,0.00284727,3.29526,0,0.120092,0.690473,0.361801,0.764717,0.092404
134.722176871,1.87126,0,0.84451,0.0366231,0,3.53442,0,0.0877968,0.836285,0.333851,0.389455,0.163945
134.768616780,1.88996,0.0221938,0.977859,0.0294107,9.80478e-05,3.47468,0,0.0339858,1.00669,0.354193,0.306325,0.22026
134.815056689,1.62325,0.0364039,1.31703,0.0262731,0.00353885,3.34719,0,0.0494425,1.19366,0.508972,0.303836,0.218137
134.861496599,1.19389,0,1.68746,0.0365021,0,3.25747,0.00792836,0.0544246,1.38997,0.251503,0.310349,0.230879
134.907936508,0.30113,0.000611899,1.62815,0.0176623,0.0419151,2.34089,0.144162,1.62291,1.10501,0.147985,0.876366,0.243631
134.954376417,0.369147,0.000452729,1.85545,0.0106217,0.0613656,0.252389,0.00123658,3.20496,0.631888,0.204879,1.47231,0.285919
135.000816327,0.51302,0,2.00433,0.0116254,0.0126175,0.208316,0,3.68682,0.10451,0.235596,1.52708,0.26097
135.047256236,0.603224,0.000412749,1.85699,0.06859,0.0217952,0.215161,0,3.94674,0.00565381,0.379318,1.47658,0.29391
135.093696145,0.72589,0.00121337,1.59922,0.102018,0.00981684,0.124214,0,4.03877,0.0160654,0.47584,1.28242,0.364272
135.140136054,0.833686,0.0022422,1.21184,0,0.00435594,0.0724967,0,3.76057,0.256489,0.368546,1.49622,0.393881
135.186575964,0.156042,0.00434004,1.94324,0,0.00779045,1.79306,0,1.92811,0.0762557,1.74303,1.1597,0.362441
135.233015873,0.269555,0.137742,1.20811,0,0.0030297,1.93779,0,0.121505,0,2.97809,1.02649,0.275005
135.279455782,0.37294,0.183625,1.09357,0,0.0908384,1.40971,0.0115419,0.0640035,0.0182648,3.2204,0.872428,0.308147
135.325895692,0.69022,0.21521,1.09628,0.00385724,0.208946,0.936942,0.0238995,0.059016,0.0292773,3.16312,0.621242,0.276607
135.372335601,1.11398,0.13848,1.12678,0.00437987,0.489828,0.637596,0.0597363,0.0405753,0.021514,2.97131,0.446681,0.201081
135.418775510,1.08245,0.169698,1.31211,0,0.628096,1.3944,0,0.0214362,0,3.30234,0.428323,0.114088
135.465215420,0.981088,0.0086226,1.209,0,0.853464,1.5988,0.0092241,0.0118136,0,3.35577,0.457698,0.0594403
135.511655329,0.793931,0.0150789,1.05692,0,0.635498,0.898037,0.0422439,0.00275096,0.263526,3.24975,0.398716,0.062424
135.558095238,0.166076,0.0833802,0.996846,0.0143696,0.593057,0.812572,0.0458341,0.00177494,0.919273,2.68319,0.571638,0.077181
135.604535147,0.171213,0.322661,0.632653,0.101674,0.472816,1.16638,0.07012,0.024206,0.840659,1.81116,0.852976,0.0675437
135.650975057,0.739674,0.224411,0.29063,0.136284,0.310037,2.14155,0.164166,0.0274063,1.16157,0.984387,1.03162,0.0491681
135.697414966,1.24306,0.0105149,0.145892,0.164363,0.0691706,2.78383,0.17214,0.0131317,1.0767,0.73209,1.35873,0.018512
135.743854875,1.1857,0.00787061,0.408576,0.06579,0.0254317,2.91934,0.106247,0,0.523889,0.676728,1.93732,0.0671714
135.790294785,0.904356,0,0.654174,0.0175898,0.0103919,3.09406,0.0285135,0,0.0539185,1.03937,2.13295,0.124567
135.836734694,1.07491,0,0.528331,0.015561,0,3.21444,0.0185393,0,0,1.06495,2.0713,0.129542
135.883174603,1.484,0.000943365,0.205714,0.00707701,0,3.13047,0.0299641,0.0127341,0,1.13625,1.69647,0.105514
135.929614512,1.62759,0,0.00415521,0.0114169,0.0345755,3.17962,0.0278901,0.0281796,0,1.0419,1.49072,0.0927875
135.976054422,1.5632,0,0.000147245,0.0181162,0.018308,3.25431,0.0275474,0.167546,0,0.922379,1.82759,0.074004
136.022494331,1.58023,0.000258185,0,0.0441217,0.034074,3.27912,0.0417669,0.248393,0,1.0661,2.17004,0.0418726
136.068934240,1.58708,0,0.201381,0.0544873,0.0305586,3.22831,0.0475495,0.66756,0,1.04364,2.14623,0
136.115374150,1.16013,0.0701772,1.18478,0.0117882,0.020946,2.842,0,2.0947,0,0.778394,1.82,0.199362
136.161814059,0.649187,0.0489762,1.61641,0.00315979,0.0194256,2.20605,0,3.09051,0,0.124586,1.65488,0.265422
136.208253968,0.689261,0,1.72965,0.00344388,0.0189351,1.5543,0,3.35728,0,0.0922319,1.39803,0.281318
136.254693878,0.739476,0,1.67653,0.0102186,0.0223853,1.52471,0,3.41918,0,0.0319183,1.32422,0.324716
136.301133787,0.823598,0,1.67748,0.00170473,0.0195531,1.69574,0,3.23768,0,0.0103555,1.32236,0.339931
136.347573696,0.961449,0,1.55242,0.0203362,0.0474629,2.15524,0.00135995,2.45436,0,0.00468873,1.27634,0.402453
136.394013605,0.881749,0.00209835,1.15247,0.0670595,0,2.36299,0.0117857,0.371408,0,1.68644,1.32821,0.425402
136.440453515,0.921336,0.0026174,0.928878,0.0309382,0.113236,2.38204,0.0418448,0.0574386,0,2.39014,1.31269,0.157198
136.486893424,1.013,0.00209644,0.772089,0.00367545,0.052509,2.66365,0.0191084,0.0448494,0.305884,2.59393,1.1686,0.0959995
136.533333333,1.07169,0.0170025,0.855063,0.0257515,0.15106,2.98701,0.0048738,0.0259722,0.433763,2.4727,1.16981,0.0685813
136.579773243,1.1631,0.0150635,0.83867,0.024004,0.229148,2.94191,0.0214544,0.00635706,0.318799,2.26482,1.12994,0.0793928
136.626213152,1.05039,0.000637229,0.928761,0.0325371,0.192095,2.78917,0.0332041,0.00656511,0,2.2852,1.06713,0.112755
136.672653061,0.934786,0.000398351,1.20665,0.0596952,0.124464,2.43457,0.0483075,0.00730059,0.145398,2.17659,1.16265,0.11967
136.719092971,0.851356,0.0289358,1.62249,0.0529709,0.233931,1.67237,0.0524065,0.389365,0.566784,1.09316,1.52082,0.0743116
136.765532880,0.761479,0.034008,1.78117,0.082144,0.132426,1.46301,0.0516419,1.00993,0.665681,0.154142,1.55785,0.06699
136.811972789,0.848764,0.0261727,1.57462,0.0076646,0.0259398,1.31276,0,2.26498,0.378463,0.0319023,1.59026,0.0959531
136.858412698,1.35436,0.0238647,1.33563,0.0260616,0.0340411,1.19358,0,2.80574,0.00287709,0.543732,1.04955,0.142328
136.904852608,1.57059,0.0211034,1.08729,0,0.0473854,1.26355,0,2.87227,0.00223698,0.773202,0.453691,0.126398
136.951292517,1.24376,0.0195343,1.11692,0,0.148728,1.39538,0,2.62032,0.000678203,0.598616,0.470444,0.11623
136.997732426,1.05387,0.104381,1.17333,0,0.2503,1.50675,0,1.84412,0,0.559372,0.592743,0.225515
137.044172336,1.07822,0.0482682,1.38809,0,0.211551,1.70543,0,1.64875,0.000709452,0.8206,0.46077,0.175055
137.090612245,1.01369,0.025002,1.62491,0,0.172315,1.51828,0.00625332,2.0742,0.0267616,0.870548,0.58274,0.0617082
137.137052154,1.01848,0.00872069,1.74371,0,0.100853,1.3153,0.0354198,2.4198,0,0.670271,0.71644,0.0135137
137.183492063,1.10179,0.00227969,1.85681,0,0.00409186,1.11168,0.0260316,2.60124,0,0.47562,0.847342,0.103631
137.229931973,1.053,0.00299826,1.94408,0,0.00361793,1.2333,0.0217687,2.6302,0,0.47179,1.03419,0.134756
137.276371882,1.04503,0.0190352,1.87436,0.00661342,0.00715487,1.31974,0.0250973,2.56127,0,0.445207,1.15631,0.109826
137.322811791,1.17083,0.0351717,1.77186,0.0087992,0.0177402,1.44357,0.0112531,2.17535,0,0.299047,1.00261,0.0957126
137.369251701,1.55855,0.0228655,1.48078,0,0,1.88897,0.225786,1.59308,0,0.494443,0.828981,0.000596378
137.415691610,2.29687,0.00436478,0.716948,0.0174946,0.00898151,3.12634,0.522398,1.14066,0,1.04858,0.407772,0.0246991
137.462131519,2.40666,0.000330534,0.199007,0.0285597,0,3.70678,0.101128,0.830164,0.0375606,1.51399,0.110734,0.0303483
137.508571429,2.51655,0,0.00928825,0.0411398,0.00160558,3.55456,0.0121014,0.717793,0.061919,1.77536,0,0
137.555011338,2.44801,0.00515421,0.000449993,0.0337681,0.0141467,3.16245,0.0053199,0.471478,0.052746,2.01068,0.166259,0
137.601451247,2.14529,0.0186163,0.0755447,0.0516458,0.0166055,3.16553,0.0055443,0.202014,0.0467614,2.0691,0.293481,0
137.647891156,2.20592,0,0,0.119493,0,3.17581,0.0302378,0.133009,0.000256338,1.77583,0.272535,0.0295541
137.694331066,2.4324,0.0102436,0.129941,0.155548,0,3.1913,0.0470421,0.219067,0.00155149,1.55637,0.177087,0.0364288
137.740770975,2.60622,0.0201683,0.247775,0.14003,0,2.86098,0.0482659,0.694987,0.00765246,1.46265,0.175965,0.0215042
137.787210884,2.84415,0.0389367,0.38219,0.0820252,0.0995909,1.9907,0.323581,1.44475,0.0338677,1.08218,0.11966,0.00895413
137.833650794,2.83478,0.0375529,0.890474,0.0239018,0.107396,1.89403,0.899944,1.43523,0.0814587,0.73148,0.0974236,0
137.880090703,2.43326,0.064836,1.17353,0.00650315,0.273563,1.85863,0.890273,1.59722,0.105327,0.543409,0.416609,0
137.926530612,2.2509,0.0796092,1.73783,0.00458055,0.404168,1.11014,0.403828,1.97715,0.0992788,0.387886,0.346775,0
137.972970522,1.58052,0.0845938,1.94573,0.00445933,0.0772384,0.757333,0.223504,2.50108,0.0548611,0.378258,0.0882513,0
138.019410431,1.00484,0.21618,1.86706,0.00561338,0.0520133,0.481893,0.0180098,2.85121,0.0200392,0.395888,0.101107,0.0935802
138.065850340,0.50195,0.145463,1.3807,0,0.0818949,0.565505,0.0145351,2.98559,0.128749,0.330959,0.106103,0.165612
138.112290249,0.868983,0.0942321,1.13515,0,0.0377332,0.585009,0.0428235,2.85707,0.0884661,0.106455,0.0072155,0.29125
138.158730159,1.13876,0.094567,1.1968,0,0.0160906,0.443193,0.0721263,3.02338,0.0548444,0.0436577,0.0224977,0.349875
138.205170068,1.40274,0.095451,1.54345,0.0121989,0.000329469,0.372747,0.0850528,3.04301,0.0715785,0.0574381,0.0186863,0.233065
138.251609977,1.60685,0.0946402,1.65804,0.00892906,0,0.495178,0.0829123,3.06263,0.0639909,0.189541,0.0669518,0.353993
138.298049887,1.72006,0.134046,1.45605,0,0,0.708048,0.0602479,2.72113,0.0307559,0.260308,0.0986914,0.550058
138.344489796,1.51281,0.170293,1.26056,0.0114755,0,0.873313,0.0422694,2.47679,0.0710555,0.0976996,0.0177945,0.536616
138.390929705,1.30022,0.07169,1.20343,0.068999,0.0601396,1.13903,0.0294717,2.40991,0.0562991,0.879602,0.040829,0.270895
138.437369615,0.85819,0.24815,0.926888,0.0900418,0.77881,0.918617,0.0107022,1.42471,0.566023,2.50405,0.067174,0.295921
138.483809524,0.213318,0.85833,0.286313,0.0926993,1.13938,0.616083,0.047164,1.20275,0.575084,3.22533,0.0541926,0.345775
138.530249433,0.00423562,1.09995,0.00370864,0.0881571,1.15308,0.679035,0.117709,0.954816,0.362768,3.62462,0.00442796,0.364873
138.576689342,0.000407641,1.20184,0.000974138,0.0733854,1.53977,0.669722,0.0563672,0.629724,0.188714,3.67917,0,0.323866
138.623129252,0.000606123,1.29409,0,0.071552,1.99749,0.793381,0.00662477,0.445191,0.0787414,3.53173,0,0.25923
138.669569161,0.139679,1.39321,0.0650153,0.063954,2.18794,0.83382,0.00608516,0.368531,0.0850687,3.40296,0,0.299871
138.716009070,0.534577,1.25366,0.00221487,0.0491802,2.03572,0.945947,0.00130699,0.329179,0.0866278,3.63573,0.0530104,0.332735
138.762448980,0.61103,1.13499,0.00261638,0.044963,1.73285,1.46268,0,0.291519,0.102899,3.78348,0.10925,0.311809
138.808888889,0.719593,1.15008,0.00418185,0.0487033,1.57929,1.98833,0.0073831,0.156217,0.0941145,3.73991,0.153954,0.222423
138.855328798,0.854708,1.1267,0.0123735,0.15047,1.3883,2.19616,0.014672,0.0820162,0.0713058,3.64138,0.0970871,0.246384
138.901768707,0.925454,1.13496,0.0225781,0.116869,1.33834,2.17801,0.0094097,0.0280929,0.0656765,3.54804,0.114243,0.341625
138.948208617,1.23701,0.969147,0.0020321,0.0649297,1.21125,1.8578,0.0115545,0.0081936,0.00837056,3.74052,0.134166,0.208528
138.994648526,1.88849,0.466527,0.0059816,0.196009,1.42792,1.46503,0.0661238,0,0,3.07463,0.182872,0.0533079
139.041088435,2.06196,0.253395,0.0957401,0.237522,1.6501,1.02978,0.089347,0.427508,0,1.78153,0.223612,0.0668553
139.087528345,2.05501,0.0759082,0.153202,0.229824,1.47511,1.05162,0.0976166,0.431667,0.155045,1.25003,0.206001,0.0771041
139.133968254,2.10472,0.0713345,0.0318663,0.178857,1.40293,1.07009,0.0829568,0.456422,0.0758137,1.2262,0.167023,0.079731
139.180408163,2.47639,0.149831,0.0242263,0.130142,1.49391,1.00586,0.0605764,0.688594,0,1.32852,0.13687,0.0819037
139.226848073,3.13403,0.00207001,0.00229836,0.079503,1.36977,0.881777,0.0323445,1.37012,0.000276138,1.09407,0.0719316,0.0905674
139.273287982,3.08783,0.0382114,0,0.0713914,1.0711,0.467306,0.0257432,1.57509,0.0745042,0.463325,0.124966,0
139.319727891,3.20694,0.0462501,0.134859,0.255196,0.869153,0.280582,0.0904933,1.74323,0.11285,0.440514,0.0766412,0
139.366167800,2.85964,0.0327428,0.286922,0.0580023,0.649691,0.429727,0.167171,2.16972,0.147784,0.385759,0.0186923,0
139.412607710,2.37435,0.000914462,0.432162,0.096674,0.541415,0.631869,0.105022,2.239,0.254043,0.185433,0,0.0126146
139.459047619,1.55611,0.000947284,0.715344,0.181991,0.677214,0.613483,0,2.10122,0.466009,0.105254,0,0
139.505487528,1.33734,0.0888497,0.558524,0.342071,0.75606,0.63063,0.0200559,1.5746,0.706552,0.269029,0,0.00305963
139.551927438,1.60686,0.0779688,0.0801653,0.473848,0.836751,0.790134,0.19058,0.496562,0.760167,0.973988,0,0
139.598367347,1.32203,0.0345537,0.00289398,0.272482,1.50831,0.723382,0.00483669,0.0616025,0.321301,2.04418,0,0.0625428
139.644807256,1.00992,0.156129,0.00260231,0.126388,1.70146,0.692035,0.0100336,0.242118,0.1723,2.89361,0,0.141555
139.691247166,0.812755,0.098281,0.00361947,0.101034,1.91262,0.557222,0.0105193,0.767063,0.0639133,3.31228,0.000205108,0.213482
139.737687075,0.733849,0.0698439,0.13027,0.0321013,1.87342,0.428456,0.00761216,1.5838,0.367356,2.79578,0.00577552,0.178255
139.784126984,0.726179,0.0615184,0.897791,0.0136671,1.51834,0.196314,0,1.98905,0.128553,2.46174,0.00483313,0.18722
139.830566893,0.851649,0.0553507,1.33151,0.00824683,0.884529,0.127679,0,2.40623,0.0192907,2.07641,0.0167445,0.316711
139.877006803,1.12657,0.00397218,1.36511,0.00477556,0.95627,0.201658,0,2.64759,0.0064556,1.8011,0.0774888,0.320397
139.923446712,1.06469,0,1.42296,0.0119761,1.01079,0.461149,0,2.51125,0.000744706,1.65526,0.139357,0.224878
139.969886621,0.927755,0.00872181,1.28484,0.0343645,1.02275,0.711037,0,2.42318,0.0213283,1.57589,0.120542,0.166092
140.016326531,1.03501,0.0981466,0.971756,0.00825339,0.961407,0.823928,0,2.54648,0.0673707,1.57151,0.0485017,0.190123
140.062766440,1.3007,0.251122,0.844303,0.00149449,1.03022,0.725668,0,2.98533,0.0329374,1.39764,0,0.118066
140.109206349,1.48809,0.377929,0.730738,0.023194,1.01233,0.47909,8.99842e-05,2.88079,0,2.33563,0.108306,0.0265548
140.155646259,1.13258,0.323345,1.26593,0.377135,0.542385,0.0506165,0.0358885,1.98479,0.0140016,2.98317,0.140996,0
140.202086168,0.627473,0.0479572,0.823037,0.466497,0.546549,0.172197,0.0824931,1.70489,0.0406725,2.91884,0.110568,0
140.248526077,0.241698,0,0.746053,0.369831,0.908778,0.0862313,0.0697774,1.82511,0.00514919,2.9361,0.0971385,0.049051
140.294965986,0.0492202,0,0.806601,0.204662,1.11788,0.0142759,0.0467009,2.03804,0.00235844,2.87618,0.11347,0.0910617
140.341405896,0.569282,0.00106961,1.04725,0.0645568,1.06076,0,0.0522821,1.72493,0,2.64054,0.139818,0
140.387845805,1.16872,0.00767496,1.28897,0.0345782,0.785515,0.0151877,0.0372504,1.72796,0,2.03192,0.151215,0
140.434285714,1.42119,0.125965,1.70893,0.0152166,0.328952,0.13013,0.262414,2.23826,0.0266628,0.975741,0.107594,0
140.480725624,1.32841,0.163673,1.92623,0.013107,0.698789,0.0902963,0.567637,2.94306,0.0387776,0,0.0471369,0.224339
140.527165533,1.25989,0.137701,1.83561,0.00826474,0.554908,0.0237165,0.532876,3.21642,0.0629511,0.00242676,0.01516,0.264145
140.573605442,1.13543,0.108919,1.77753,0,0.339204,0.102504,0.354543,3.56522,0.0788991,0.00766816,0,0.415104
140.620045351,1.01008,0.042915,2.16328,0,0.144451,0.124084,0.0457873,3.65924,0.0648907,0.00828491,0,0.601601
140.666485261,0.870021,0.0234379,2.4097,0,0.0025158,0.101684,0,3.53141,0.0510501,0.00622421,0.00314256,0.538805
140.712925170,1.31319,0.208315,1.94454,0.00129242,0.0148421,0.0858669,0.00274307,3.39705,0.137975,0.00180216,0.0444468,0.397784
140.759365079,1.29151,0.212349,1.21247,0,0.0166947,1.14754,0.00544493,3.17825,0.153757,0,0.0946233,0.195419
140.805804989,1.04523,0.106746,0.793168,0.000230676,0.0242969,1.71603,0,2.64379,0.045074,0.250261,0.420502,0.0923792
140.852244898,1.06009,0.0259317,0.699189,0.004493,0.024963,1.72913,0.0603716,2.31314,0,0.758743,0.730513,0.051621
140.898684807,1.13322,0.0123761,0.738643,0.00242478,0.0317361,1.85376,0.400438,2.12112,0.033527,0.836419,0.48033,0.0321189
140.945124717,1.55414,0.00170711,0.853815,0.0311507,0.0525682,1.74187,1.1494,1.38534,0.0740298,0.606109,0.171708,0.0365583
140.991564626,1.96935,0.00260033,0.636054,0.0345924,0.11215,1.65851,1.03606,0.731326,0.0596276,0.416911,0.212154,0.0922447
141.038004535,2.36692,0.00780177,0.4264,0.0324478,0.00728671,2.3281,0.692069,0.164232,0.0476648,0.665029,0.316547,0.218703
141.084444444,2.00499,0.00224126,0.0575369,0.0457794,0.0448467,3.17646,0.262517,0.0397158,0.0118216,0.88018,0.412719,0.158784
141.130884354,1.78436,0.000805936,0.041211,0.0351037,0.18522,3.60098,0.0801949,0.0333818,0.0056077,0.594759,0.361703,0.0740571
141.177324263,1.81982,0.0378922,0.0340577,0.00720382,0.203382,3.72484,0.0057552,0.292639,0.0372918,0.3747,0.165302,0.024758
141.223764172,1.74449,0.141345,0.0608419,0.187635,0.0195951,3.1654,0.0759169,0.44272,0.232731,0.344666,0,0
141.270204082,1.67441,0.193269,0.169161,0.354755,0.510597,1.957,0.00559266,0.438238,0.320805,0.340146,0,0
141.316643991,1.37691,0.0173317,0.377501,0.335868,1.07628,1.86284,0.0569536,0.0538891,0.739655,0.637523,0.000828125,0.0238296
141.363083900,0.772182,0.0219095,0.842348,0.291471,0.747486,2.05569,0.0633331,0.0481273,0.919643,1.20226,0.489832,0.0173
141.409523810,0.744225,0.0327124,1.60729,0.247867,0.0732864,2.46588,0.489358,0.0504097,0.697921,1.42175,0.491134,0.0447188
141.455963719,0.927194,0.0379529,2.40262,0,0.0819186,2.67098,0.730349,0.00450159,0.281193,1.69803,0.439174,0.0451636
141.502403628,1.0376,0.0265143,2.90997,0,0.0586356,2.65397,0.758206,0.00589352,0.145889,2.07099,0.236581,0.0246434
141.548843537,1.07237,0.0170173,3.21793,0,0.0330187,2.66248,0.61158,0.013391,0.176708,2.08117,0.136611,0.00828175
141.595283447,1.01086,0.00262745,3.34386,0,0.00844802,2.7717,0.387633,0.0287239,0.440124,1.64657,0.0467917,0
141.641723356,0.802859,0.010305,3.02533,0.000650317,0.00376462,2.57438,0.239738,0.466724,0.214793,1.26931,0.00143667,0
141.688163265,0.849147,0.0327329,2.59487,0.00851139,0,2.27086,0.318368,1.1797,0.11769,1.06737,0.00150176,0
141.734603175,1.12484,0.0251024,2.76382,0.00870925,0,1.73035,0.281612,1.56207,0.0998213,1.04418,0.000935506,0.0942645
141.781043084,1.41294,0.0084615,2.58052,0,0,1.18789,0.20326,1.77263,0.0863145,1.18381,0.000647197,0.103881
141.827482993,1.44728,0.0724661,2.23834,0.0306641,0.00427086,0.964527,0.320483,1.74061,0.0872528,1.21869,0.000567159,0.0217007
141.873922902,0.848643,0.0878763,2.31085,0.0999855,0.00453768,1.02765,0.424692,1.67097,0.03515,1.26871,0,0.385269
141.920362812,1.00841,0.080798,2.16342,0.116735,0,0.527088,0.349291,1.70516,0.183586,0.967703,0.0853645,0.508979
141.966802721,1.29449,0.0521899,1.75254,0.121015,0,0.188276,0.207285,2.25279,0.205241,0.341798,0.118577,0.419358
142.013242630,1.55687,0.0204878,1.31163,0.112336,0,0.0262126,0.183292,2.47325,0.006024,0.143272,0.133217,0.336152
142.059682540,1.68905,5.69467e-05,1.64193,0.0828127,0.00142643,0.0146701,0.108515,2.31801,0.138259,0.196164,0.141687,0.287961
142.106122449,1.58468,0.000993786,2.21162,0.0609316,0.014032,0,0.222432,2.20296,0.0849323,0.557824,0.193704,0.146768
142.152562358,0.944437,0.12766,2.36481,0.0987749,0.508209,0,0.236143,1.97777,0.0475289,0.60047,0.534797,0.0359221
142.199002268,0.921541,0.294296,2.05842,0,0.917153,0.0236167,0.024264,1.71976,0.0907557,0.811069,0.642509,0.111889
142.245442177,0.915278,0.311997,1.96332,0,0.864218,0.0140808,0.048634,1.35973,0.0728516,1.17386,0.502281,0.0849561
142.291882086,0.942583,0.334534,1.78394,0,0.692296,0.0353083,0.045836,1.32206,0.0616762,1.55282,0.240891,0.0827933
142.338321995,0.883831,0.352591,1.7548,0,0.681837,0.039463,0.0411696,1.24122,0.0747559,1.86056,0.0678247,0.0358212
142.384761905,0.989653,0.446228,1.81355,0.0112151,0.537319,0.0248726,0.0285923,1.14105,0.375113,2.25927,0,0.00976652
142.431201814,2.18015,0.371457,1.4822,0.0125653,1.17152,0.00286736,0.0840704,0.937639,0.639464,2.24001,0,0.0211271
142.477641723,2.8372,0.0784107,0.301144,0.0262024,1.37632,0.0407951,0.243581,0.58578,0.779198,2.38717,0,0
142.524081633,3.23214,0.0557287,0.00137494,0.138456,1.1692,0.0497301,0.150474,0.762981,0,2.92345,0,0
142.570521542,3.33159,0,0.00175485,0.00201367,1.23061,0.0379294,0.0172176,0.775569,0.0202512,3.0594,0.0103929,0.0747978
142.616961451,3.2007,0.042584,0.00450446,0.000900935,1.34336,0.0250648,0.0189506,0.783237,0.0976478,3.01898,0.0113836,0.126832
142.663401361,2.82413,0.269408,0.0368321,0.00728776,1.47075,0.0350545,0.00896832,0.795486,0.0358636,3.15296,0.104176,0.119067
142.709841270,1.86269,0.770357,0.106723,0.00963518,1.99284,0.0388181,0.0115567,0.27628,0.00168138,3.34031,0.411654,0.0502341
142.756281179,0.500849,0.758099,0.217959,0.0324886,1.8728,0.0360034,0.0114481,0.234182,0.000332356,4.06355,0.292488,0.0995306
142.802721088,0.31533,0.525656,0.255312,0.0950689,1.68236,0.0334386,0.000440931,0.191658,0.000718918,4.3525,0,0.0886657
142.849160998,0.484104,0.415544,0.27033,0.0683683,1.77441,0.0292614,0,0.110037,0.00916868,4.35457,0,0.0558112
142.895600907,0.529662,0.421203,0.248297,0.0327672,1.99284,0.0309101,0.00239715,0.0790828,0,4.3157,0,0.0783549
142.942040816,0.495067,0.391506,0.156093,0.00951821,1.97561,0.0267864,0.0398496,0.0619572,0.0370042,4.45245,0,0
142.988480726,0.371656,0.341212,0.202782,0.0183016,1.8321,0.41573,0.0453451,0.0203361,0.00989402,4.22514,0.0079852,0
143.034920635,0.349306,0.118548,0.248413,0.327873,1.23191,0.884983,0.0151207,0.0123511,0.0633911,3.33483,0.968301,0
143.081360544,0.26309,0,0.601455,0.583957,0.858118,0.768022,0.00981033,0.00931555,0.609152,2.26603,1.54315,0
143.127800454,0.208219,0,1.22365,0.526594,0.244617,0.42108,0.000671676,0.850519,0.794035,1.09002,2.01117,0
143.174240363,0.200657,0.000766105,1.26822,0.338853,0,0.209869,0,2.34119,0.3536,0.751132,2.12781,0
143.220680272,0.230328,0.053187,1.3125,0.148971,0.0042301,0.00053218,0.0271295,2.77084,0.0735653,0.574835,2.16783,0.00654666
143.267120181,0.173643,0.0276434,1.45749,0,0.0147662,0.000769933,0.0273549,2.93408,0.105083,0.150698,2.1969,0.230917
143.313560091,0.0485564,0,1.62838,0.00702832,0.00935244,0.0211873,0.00208752,3.30611,0.107079,0.012819,1.98792,0.348246
143.360000000,0.011152,0.0376444,1.80588,0.0142955,0.00259987,0.0776379,0.00505199,3.63113,0.0846908,0.0594733,1.80149,0.339955
143.406439909,0.0132139,0.0233289,2.07733,0.0177891,0.00235462,0.295265,0,3.51494,0.0416748,0.0658997,2.04644,0.515874
143.452879819,0,0,2.23251,0.0227276,0,0.168379,0,3.66977,0.0106041,0.0281089,2.06027,0.606243
143.499319728,0.000972279,0,2.38729,0.0289524,0.00121953,0.01974,0.00325546,3.804,0,0.00263643,2.15773,0.629802
143.545759637,0.0831239,0,2.53413,0.148778,0.0124045,0.0234732,0.0234447,3.46573,0,0.0843839,1.96158,0.387509
143.592199546,0.230902,3.55653e-05,2.68713,0.167982,0.021063,0.143165,0.0317586,2.57173,0.00786156,0.607802,1.394,0.15301
143.638639456,0.242376,0.000950209,2.69693,0.339677,0.314378,0.449468,0.112532,2.09752,0.00442636,0.946128,1.08062,0
143.685079365,0.227351,0.00259218,2.76053,0.29677,0.24048,1.27492,0.284197,1.3652,0.174985,0.624057,1.62027,0
143.731519274,0.497201,0.32572,2.74947,0.212789,0.0173213,2.16273,0.326335,1.04923,0,0.417245,2.0059,0.023955
143.777959184,1.13057,0.569891,2.33705,0.0982815,0,2.51009,0.351673,0.760862,0,0.274128,2.16252,0
143.824399093,1.1877,0.423209,1.78619,0.0387897,0.0875485,3.06883,0.315812,0.372695,0,0.402572,2.01923,0.366994
143.870839002,1.49988,0.00173994,1.20159,0.0431319,0.252072,3.5455,0,0.0350183,0.0774304,0.750762,1.32179,0.575031
143.917278912,1.81841,0.00133732,0.840282,0.0433338,0.155601,3.85754,0,0.0655562,0.478654,0.898249,0.257336,0.255812
143.963718821,1.54555,0.000478831,0.802067,0.038371,0.135289,3.76272,0,0.0400222,0.822774,0.934322,0.314351,0.20528
144.010158730,1.13617,0.111107,0.886579,0.0292973,0.0666904,3.8103,0,0.038574,0.97457,1.21342,0.324696,0.174716
144.056598639,1.11291,0.0338973,0.914315,0.0221376,0.00422411,3.85424,0,0.0313152,0.920268,1.32408,0.39206,0.12029
144.103038549,0.897003,0.0133502,1.24271,0.00925815,0.00679277,3.76831,0,0.0213466,0.750039,1.1733,0.532682,0.357446
144.149478458,0.728528,0.0112128,1.32846,0,0,2.8671,0,1.51136,0,0.227846,0.867163,0.490796
144.195918367,0.852458,0.00676047,1.37328,0.00936314,0,1.54025,0,3.02302,0,0.00900857,1.09797,0.47339
144.242358277,0.666816,0.00414234,1.47879,0.0282542,0,0.790431,0,3.73844,0.250617,0.00522901,0.97211,0.531852
144.288798186,0.834842,0.00354068,1.5173,0.0431151,0.00208181,0.88548,0,3.70785,0.614511,0.010172,0.886175,0.517849
144.335238095,0.915456,0.00802971,1.46348,2.79236e-06,0.00636667,1.60893,0,3.07224,0.826342,0.0131726,0.99929,0.441919
144.381678005,0.185457,0.285854,0.967281,0.00699031,0.0192193,2.54892,0,1.79026,0.265932,0.315992,2.26935,0.110539
144.428117914,0,0.329105,0.724265,0.0121994,0.0120236,2.4438,0.00910075,0.14196,0.323699,0.28796,2.68728,0.167234
144.474557823,0.00249023,0.295754,0.914933,0.0108854,0.0133828,2.10914,0.0352457,0.0271885,0.340074,0.388827,2.77496,0.252909
144.520997732,0.00644289,0.280525,1.01554,0.00279697,0.137722,1.77441,0.0373719,0.0301133,0.20096,1.01878,2.73908,0.269472
144.567437642,0.141399,0.278185,1.00901,0.0470578,0.458476,1.66981,0.0430371,0.0268149,0,1.93542,2.18324,0.180765
144.613877551,0.521914,0.113577,0.889904,0.107165,1.03298,1.85096,0,0.0169221,0,2.73063,1.32996,0.0685364
144.660317460,1.08924,0.024016,0.805388,0.171296,1.52554,1.68828,0.306348,0.00442541,0.0161329,2.91389,1.06864,0.0779315
144.706757370,1.44287,0,0.617648,0.166612,1.38702,1.34474,0.433815,0,0.358894,2.49076,0.888245,0.151643
144.753197279,1.67318,0,0.616531,0.250301,0.822769,0.994991,0.257089,0.0864192,0.873949,1.71772,0.832027,0.223805
144.799637188,1.42386,0,0.834856,0.276281,0.334972,0.875984,0.392854,0.306188,1.04684,0.665524,0.942074,0.236276
144.846077098,0.890213,0.0629782,1.11322,0.124922,0.00122535,1.75036,0.58421,0.439799,0.705497,0.00553253,1.20209,0.199521
144.892517007,1.20467,0.0488425,1.02116,0.073215,0.00240101,2.78037,0.394743,0.283878,0.245135,0.552383,1.28487,0.142923
144.938956916,1.1569,0.00248123,1.15566,0.0213274,0.0110668,3.54726,0.0666457,0,0.00807242,1.53932,1.24788,0.118422
144.985396825,0.735875,0.00164569,1.12438,0.0324328,0.0444827,3.73951,0.00211029,0,0.0105512,1.69168,1.29042,0.106796
145.031836735,0.732941,0.00133727,1.03412,0.0510916,0.0280559,3.62078,0.000457496,0.0863137,0.00525571,1.7153,1.27352,0.0804938
145.078276644,1.18085,0.00126265,0.950966,0.0488273,0.00435934,3.63183,0,0.0220169,0.000437112,1.64615,1.19513,0.0833312
145.124716553,1.42659,0.00100739,0.966003,0.0488081,0,3.64673,0,0.0211975,0.00135139,1.61264,1.28291,0.1045
145.171156463,1.43301,0.00215022,0.927617,0.173083,0,3.65166,0,0.0136609,0.00217906,1.5505,1.38317,0.145735
145.217596372,1.12284,0.00184742,0.844281,0.0972908,0,3.39917,0,0.0693854,0.00189395,1.08791,1.52536,0.474802
145.264036281,1.06425,0,0.960284,0.00117785,0.111612,2.70669,0,1.06778,0,0.156293,1.56119,0.528447
145.310476190,0.0853191,0,1.21386,0.000186851,0.225009,2.09606,0,1.97697,0.00144203,0.00727531,1.4502,0.532461
145.356916100,0,0,1.35961,0,0.128637,1.80894,0,2.22603,0,0.00251344,1.393,0.517852
145.403356009,0,0.00186928,1.72518,0,0.0958718,1.92148,0,2.24279,0,0.00535764,1.38068,0.426638
145.449795918,3.10586e-05,0.00263755,1.9499,0,0,2.21575,0,1.88737,0,0.00701402,1.76581,0.380919
145.496235828,2.2088e-05,0.0354988,2.05793,0.0727034,0.146835,2.38496,0.00259358,0.659022,0.00282247,0.839428,1.80337,0.25357
145.542675737,0,0.184952,1.4803,0.0179741,0.838023,1.91666,0.0239595,0,0.355392,1.7246,1.5158,0.0754646
145.589115646,0,0.365334,1.24739,0.00366543,1.05602,1.4931,0.00401671,0.00893218,0.731052,2.25537,1.47409,0.111482
145.635555556,0,0.2934,1.28491,0.0111644,1.19735,1.40668,0,0.0127208,0.803837,2.40377,1.49415,0.108834
145.681995465,0.542218,0.107384,1.32641,0.0115732,1.13353,1.32395,0,0.0144806,0.679698,2.98129,1.18255,0.0997589
145.728435374,0.92928,0.097759,1.39593,0.0219107,1.19409,1.34315,0,0.0179848,0.174917,3.10399,0.950634,0.0843321
145.774875283,0.709141,0.0361968,1.37373,0,1.21784,1.57899,7.94183e-05,0.0203193,0,2.69552,0.838444,0.0864866
145.821315193,0.687061,0.000213992,1.1429,0.0123158,0.929124,1.76345,0.000298951,0.285291,0.175091,1.93536,0.54253,0.0730152
145.867755102,0.651209,0.0359395,0.873788,0.0155098,0.466835,1.50366,0.000449888,1.02325,0.19569,1.03938,0.598045,0.0310612
145.914195011,0.652523,0.0478143,1.17024,0.0234944,0.066401,1.0157,0,1.72835,0.0151173,0.525072,1.41379,0.0430375
145.960634921,0.84671,0.0664758,1.35248,0.157452,0.0563189,0.837172,0,1.99827,0.15511,0.426206,1.84291,0.0822512
146.007074830,1.29729,0.0365766,1.41436,0.26833,0.0558166,0.841999,0,1.7789,0.535082,0.547858,1.76612,0.109024
146.053514739,1.53623,0.0248127,1.71145,0,0.0539013,1.05308,0,1.66683,0.580265,0.818943,1.57418,0.081645
146.099954649,1.12583,0.0428513,1.85676,0.000427946,0.0293304,1.29444,0.0445308,1.87682,0.219998,1.27682,1.22627,0.015395
146.146394558,0.942678,0.0214065,1.88082,0.000769745,0.0093391,1.29427,0.573444,1.76135,0.0303117,1.4381,0.644271,0.0119029
146.192834467,0.642253,0.0446512,1.91206,0,0.0436443,1.46132,0.14274,1.97063,0,1.57331,0.430005,0.017241
146.239274376,0.600003,0.0210978,1.93808,0,0.0170876,1.45409,0.0357591,2.27831,0,1.5364,0.402552,0.00708208
146.285714286,0.920513,0.00298674,2.02726,0,0,1.48404,0.0164883,2.4398,0,1.40357,0.456809,0.00309095
146.332154195,0.990822,0.00176175,2.05737,0,0.0111389,1.51053,0.0014067,2.52603,0,1.25917,0.583241,0.000974922
146.378594104,0.987537,0.00147894,1.95974,0,0.0113145,1.82241,0.0829995,2.23899,0.00411789,1.35935,0.696107,0
146.425034014,1.56254,0.00197608,1.46004,0,0,2.24566,0.219655,1.6065,0.0187486,1.40751,0.621451,0.000808518
146.471473923,1.88468,0.0575021,0.820153,0,0,2.99293,0.0989258,0.77798,0.0397555,1.62762,0.252917,0.0392252
146.517913832,2.0899,0.0129267,0.658656,0,0.0155869,3.62245,0.00676184,0.528557,0.0405514,1.88236,0.0770713,0.0277973
146.564353741,2.37649,0.00107258,0.725036,0,0.0127589,3.76236,0.0168601,0.36314,0.0780609,2.00929,0.109118,0.00432159
146.610793651,2.44798,0.00226499,0.643972,0,0,3.85336,0.0373497,0.122044,0.155655,2.10206,0.130724,0.0218951
146.657233560,2.19137,0.00114919,0.55078,0.22175,0.0134294,3.96303,0.0346286,0.0577446,0.114356,2.02198,0.0197295,0.128489
146.703673469,1.90222,0.019614,0.535374,0.416107,0.00848219,3.52674,0.0481569,0.0936752,0.30884,1.83199,2.46767e-05,0.192492
146.750113379,1.74697,0.0310114,0.562356,0.562282,0.0084674,2.93418,0.137403,0.411084,0.421485,1.55125,0.000213016,0.254576
146.796553288,1.71197,0.0322992,0.357421,0.353788,0.0248433,2.88095,0.356488,0.662915,0.267841,1.55321,0.212324,0.194878
146.842993197,1.90307,0.0711921,0.23057,0.162462,0.0168087,3.13358,0.145491,0.828156,0.143574,1.61903,0.401683,0.127486
146.889433107,1.90806,0.145318,0.242351,0.0869581,0.0160353,3.09919,0.142652,0.892951,0.140327,1.75115,0.153561,0.122427
146.935873016,1.71671,0.120379,0.469063,0.00701066,0.123428,3.06778,0.106322,1.00343,0.130678,1.94103,0.00015592,0.0661146
146.982312925,1.76952,0.119019,1.05702,0.00425271,0.328575,1.91617,0.133365,1.7866,0.277108,1.48719,0,0.132656
147.028752834,1.30993,0.120109,0.986981,0.106302,0.255976,1.09508,0.199965,2.368,0.103878,0.647396,1.49039e-05,0.647403
147.075192744,0.788217,0.173357,1.06539,0.189384,0.0574491,0.913252,0.0369641,2.44452,0.0332183,0.373465,0.000149653,0.938826
147.121632653,0.789357,0.184722,1.13678,0,0.0389241,0.877474,0.015535,2.23627,0.0706188,0.250794,0.00753887,1.1081
147.168072562,1.15275,0.183692,1.03388,0,0.0392587,0.801749,0.00968325,2.27058,0.111284,0.0456549,0.0178807,1.12245
147.214512472,1.48149,0.135644,1.18479,0,0.0299123,0.579182,0.0297664,2.64693,0.0727127,0.00464266,0.0107584,0.751907
147.260952381,1.2682,0.109643,1.52178,0,0,0.560913,0.0515497,2.85397,0.114091,0.00389618,0,1.01193
147.307392290,0.776126,0.0906374,1.73054,0,0,0.735664,0.0805053,2.90657,0.129916,0.00181335,7.20342e-05,1.41056
147.353832200,0.737632,0.0988084,1.56321,0,0,0.717016,0.0748613,2.76296,0.0743509,0,0.0362069,1.55462
147.400272109,0.990166,0.129023,1.1469,0,0,0.577366,0.0553513,2.81583,0.00579506,0,0.0708688,1.25953
147.446712018,1.00322,0.120107,1.38594,0.0250852,0,0.391439,0.0402615,2.68256,0.00413252,6.0202e-07,0.00167044,0.903587
147.493151927,0.498138,0.0230132,1.91935,0.112368,1.23873,0.157716,0.0258342,2.16951,0.011369,0.67411,0.00037586,0.325357
147.539591837,0.208246,0.00412389,0.992789,0.122957,2.12181,0.310914,0.0183489,0.855079,0.0200858,2.97201,0.000723357,0.189919
147.586031746,0.0974758,0.385482,0.045516,0.149659,2.09826,0.637499,0.0148148,0.442757,0.0250536,3.77611,0.00053308,0.146996
147.632471655,0.135201,0.488773,0.0359185,0.136242,2.01382,0.950312,0.0155665,0.210077,0.0316523,3.98925,0.0211667,0.127599
147.678911565,0.345145,0.592611,0.00764155,0.074918,1.89492,1.23435,0.0131471,0.175083,0.0331783,4.02841,0.122374,0.143696
147.725351474,0.583013,0.552499,0.0218297,0.031844,1.60141,1.56484,0.00694555,0.159388,0.0394535,3.93558,0.157483,0.188266
147.771791383,0.627927,0.571721,0.189916,0.0166642,1.34922,1.98124,0.00286419,0.137689,0.103195,3.95517,0.133291,0.222771
147.818231293,0.715438,0.600591,0.0959631,0.0125476,1.28994,2.10094,0.0013943,0.0970688,0.0995512,4.05019,0.068453,0.15235
147.864671202,0.843119,0.62316,0,0.0285034,1.10727,2.13173,0.000901618,0.0613725,0.0992022,4.10033,0.127862,0.11997
147.911111111,1.02348,0.656754,0.000356432,0.0762336,0.885514,2.18469,3.43821e-05,0.0612834,0.0572117,3.92244,0.197097,0.134808
147.957551020,1.18314,0.678013,0.00141334,0.105234,0.862017,2.24763,0.0156238,0.0678939,0.0175602,3.84721,0.219351,0.165113
148.003990930,1.37267,0.78337,0.00230383,0.0736157,0.965488,2.20651,0.0129082,0.0600421,0.0107691,3.8675,0.214966,0.21266
148.050430839,1.24836,0.731343,0.0019452,0.0703345,0.962398,2.2486,0.0233789,0.0961364,0.00430799,3.78434,0.0765392,0.178616
148.096870748,0.951143,0.403882,0.00393298,0.115214,1.24786,2.10421,0.0329921,0.16905,0.000703168,3.71017,0.00029474,0.0678935
148.143310658,0.609222,0.306504,0,0.152948,1.5721,1.35394,0.0321002,0.51163,0.00220488,3.64141,0.175437,0
148.189750567,0.654456,0.279708,0,0.0560789,1.60133,1.07937,0.0178646,0.534046,0.00631935,3.57681,0.24964,0
148.236190476,0.751498,0.24781,0.000558182,0.0486132,1.69937,0.934462,0.0199972,0.559583,0.00954549,3.47917,0.26873,9.53252e-07
148.282630385,1.10235,0.316658,0.0164206,0.0409325,1.80835,0.889342,0.01794,0.535312,0.0111903,3.493,0.263264,1.4822e-05
148.329070295,1.60602,0.386339,0.085228,0.0368305,1.90122,0.791019,0.015327,0.413525,0.0186584,3.42626,0.25734,0.0530573
148.375510204,1.9236,0.289198,0.24169,0.030502,1.648,0.576566,0.0998846,0.825521,0.0447543,2.63745,0.130527,0.239634
148.421950113,2.0411,0.207131,0.479493,0.00876833,1.29222,0.246424,0.0430467,1.21367,0.273123,2.09451,0.0707259,0.282545
148.468390023,1.73494,0.0145432,0.898647,0.158204,1.11356,0.261073,0.0649515,1.45256,0.815648,1.26363,0,0.214664
148.514829932,1.31327,0.00277653,0.816752,0.172669,0.76503,0.474164,0.0124886,1.5001,1.02037,1.21254,0.05436,0.217622
148.561269841,1.21132,0,0.88769,0.171682,0.688632,0.648748,0.0620733,1.22041,0.911628,1.16953,0.165939,0.208264
148.607709751,1.50434,0.000488999,0.715093,0.28626,1.01782,0.68971,0.0789008,0.778121,0.751794,1.00298,0.183237,0.162237
148.654149660,1.82256,0.000858083,0.0904275,0.183797,1.31465,0.752905,0.0967016,0.24488,0.406503,1.58306,0.162134,0
148.700589569,1.89644,0.0427914,0.00182614,0.0639699,1.58934,1.04228,0.0699007,0.0144817,0.194004,2.39029,0.0518818,0
148.747029478,1.91498,0.225964,0.000218242,0.00664891,1.80618,1.08802,0.0236204,0.279391,0.166115,2.88801,0,0.011009
148.793469388,2.09734,0.371141,0.00196324,0.00232197,2.02909,0.911073,0.00930822,1.11173,0.225689,2.51371,0,0.123577
148.839909297,2.166,0.407135,0.231143,0.000667164,1.73015,0.553389,0.235114,2.69437,0.0915118,1.59734,0.0192867,0.265874
148.886349206,2.30218,0.313709,0.626204,0,1.14187,0.0673321,0.00296072,3.18514,0.0528289,1.62389,0.0847796,0.29084
148.932789116,2.18112,0.164406,0.811072,0,1.06373,0.0711285,0.00167333,3.33275,0.0238807,1.75078,0.0884091,0.240482
148.979229025,1.9825,0.0466541,0.824495,0,1.08694,0.310868,0,3.48959,0.0216108,1.66398,0.0969003,0.242591
149.025668934,1.72594,0.000595302,0.672745,0,1.17471,0.791246,0.0149961,3.54733,0,1.48164,0.0669264,0.293306
149.072108844,1.66618,0.000274858,0.471955,0.0575057,1.11468,1.04281,0.0421853,3.47227,0.007907,1.43788,0.0193213,0.27953
149.118548753,2.00863,0,0.62436,0.0513203,1.01213,0.920005,0.046137,3.1305,0,1.59512,0.0169993,0.255111
149.164988662,2.03969,0,0.929848,0.00226709,1.07453,0.819087,0.0408916,2.75266,0,1.75742,0,0.165269
149.211428571,2.06254,0.136695,1.05892,0.0122308,1.59078,0.531441,0.0164719,2.44726,0,1.67695,0.0982087,0.103773
149.257868481,1.68494,0.324795,1.14525,0.0162259,1.24986,0.0676698,0.108845,1.27362,0.089533,2.16885,0.294088,0
149.304308390,0.830779,0.315714,0.77587,0.0181798,1.33491,0.0129665,0.149056,1.00544,0,2.63105,0.110034,0.0371451
149.350748299,0.404867,0.211991,0.641455,0.0122323,1.45652,0.00390961,0.0100901,1.17538,0.00332343,2.96869,0.0293385,0.0470547
149.397188209,0.695707,0.209653,0.567683,0.119549,1.48498,0.00134864,0.00306995,1.18694,0,2.86776,0.0111464,0.123896
149.443628118,0.809528,0.214053,0.605015,0.123167,1.58721,0.0026922,0.00331796,1.19208,0,2.3948,0.042561,0.112079
149.490068027,0.835591,0.211109,0.998987,0.135217,1.69298,0.00930865,0.00969639,1.45533,0,1.88268,0.0149316,0.112655
149.536507937,0.487602,0.210013,1.63683,0.154198,1.08407,0.0421642,0.0366772,2.98406,0.0229601,1.23194,0.0734713,0.0846731
149.582947846,0.376962,0.189678,1.60676,0.24512,0.279236,0.0398709,0.0497461,3.6069,0.0385495,0.141957,0.122643,0.0483214
149.629387755,0.578958,0.118311,1.64643,0.264683,0.0632467,0.028634,0.0290121,3.54174,0.0207438,0.0546656,0.13551,0.0970889
149.675827664,0.502539,0.0576866,1.95769,0.18294,0.0372616,0.020405,0,3.6139,0.00933809,0.00789617,0.104097,0.0875015
149.722267574,0.451865,0.0169017,2.25634,0.0418996,0.0317425,0.0236947,0.0124092,4.0867,0,0.00958703,0.098431,0.107189
149.768707483,0.106854,0.000704788,2.27027,0.340603,0.0288977,0.0225759,0.0348807,4.57929,0.00265587,0.00777211,0.0147738,0.200111
149.815147392,0.625337,0.0100844,2.1447,0.199783,0.0220775,0.0298213,0.00134565,4.39365,0.00603502,0.00310858,0.00832768,0.263281
149.861587302,0.802719,0.166016,1.45028,0,0.0125661,0.705616,0,4.1565,0,0.0412203,0.126381,0.295589
149.908027211,1.07592,0.10755,1.16483,0.0102883,0.0883274,0.820732,0.00202393,3.86527,0,0.0230132,0.346023,0.275242
149.954467120,1.1732,0.00217141,1.14926,0.0768347,0.0694808,1.18263,0.0643749,3.40562,0,0.0506118,0.457746,0.276886
150.000907029,1.40109,0.00221153,1.50719,0.0696418,0.104707,1.72956,0.136442,2.39651,0,0.10566,0.304666,0.304671
150.047346939,1.45193,0.00241779,1.23121,0.0997228,0.108007,2.20569,0.132328,1.96474,0,0.5277,0.118992,0.51795
150.093786848,1.70404,0,0.730662,0.192257,0,2.75729,0.0383008,1.07702,0.0202064,1.04051,0.0906808,0.767651
150.140226757,1.79414,0.0282606,1.10863,0.19398,0.0072073,2.36716,0.446542,0.970723,0.070719,0.848431,0.10502,0.698044
150.186666667,1.83498,0.000532042,1.31969,0.131963,0.0553864,2.26159,0.70475,0.79496,0.103279,0.466599,0.17032,0.384965
150.233106576,1.96359,0.000477342,1.09422,0.149148,0.118689,2.59681,0.5896,0.462604,0.114572,0.354514,0.268565,0.215486
150.279546485,2.16424,4.5082e-05,0.784445,0.125572,0.0458504,2.71585,0.00998461,0.114535,0.133987,0.746822,0.387247,0.106569
150.325986395,2.45155,0,0.76795,0.0675612,9.65361e-05,2.63878,0.0220111,0.0390986,0.119463,1.18891,0.177714,0.125861
150.372426304,2.68056,0.0198659,0.932864,0.149076,0.0213866,2.24075,0.0821616,0.0326522,0.110588,1.72775,0,0.227716
150.418866213,2.47714,0,1.05428,0.387704,0.172442,2.41311,0.23045,0.167469,0.104911,2.16205,0,0.285102
150.465306122,1.83613,0.0232372,0.926663,0.381505,0.519847,2.93969,0.115842,0.274779,0.144997,2.4721,0.0525301,0.287195
150.511746032,2.00701,0.0333466,1.38156,0.176696,0.679943,2.64816,0.00322657,0.302708,0.130456,2.35825,0.0749398,0.240525
150.558185941,1.95923,0.0173999,1.65323,0,0.611756,2.45621,0,0.409128,0.104605,2.36079,0.14572,0.169279
150.604625850,1.59271,0.0986337,1.56932,0,0.591843,2.55522,0.129648,0.424311,0.185278,2.49065,0.152304,0.0645109
150.651065760,0.979089,0.107783,1.3024,0,0.147115,2.82215,0.636438,0.0613114,0.209171,2.53374,0.101324,0.0730049
150.697505669,0.693481,0.0625056,1.8527,0,0.0726285,1.75761,1.05122,0.0205452,0.358362,2.01439,0.0661414,0.0579194
150.743945578,0.355569,0,3.03657,0,0.0326373,0.570858,1.44115,0.0691845,0.253886,1.67629,0.0863987,0.053265
150.790385488,0.371674,0,3.34589,0,0.0185776,0.277677,1.50617,0.658918,0.0627103,1.45204,0.111052,0
150.836825397,0.367136,0,3.33147,0,0.00508614,0.284088,1.0754,1.55493,0.0656758,1.55935,0.112027,0.0281635
150.883265306,0.468961,0.042505,3.29976,0,0,0.340539,1.04939,1.88454,0.054666,1.60119,0.0964689,0.391996
150.929705215,0.438827,0,3.31556,0.00243946,0,0.210759,1.04916,1.75738,0.155834,1.63816,0.0390359,0.575346
150.976145125,0.29236,0,3.53935,0.00183438,0.00386341,0.186141,1.00946,1.53399,0.177857,1.66919,0.0499279,0.459439
151.022585034,0.079776,0.0235202,3.4899,0.0332454,0.0223979,0.154324,0.897837,1.68778,0.114641,1.62433,0.18437,0.217553
151.069024943,0.081157,0.0804969,3.17965,0.305069,0.0169508,0,0.7394,2.18916,0.116881,1.2683,0.321962,0.112909
151.115464853,0.266165,0.0845088,2.78143,0.858402,0.00496305,0,0.600937,2.41399,0.0784127,0.731117,0.601604,0.108826
151.161904762,0.480495,0.0834167,2.3849,0.839268,0,0.000217417,0.567858,2.25554,0.0513626,0.694454,0.699725,0.0426678
151.208344671,0.344875,0.0837422,2.18252,0.812916,0,0.00371204,0.635069,1.85258,0.0386082,0.80926,0.416238,0
151.254784580,0.475908,0.0821959,1.95691,0.861877,0,0.0153147,0.547244,1.86688,0.0404352,0.940506,0.0577644,0.0152719
151.301224490,0.625051,0.0769596,1.70199,0.770318,0,0.0243156,0.41801,1.92515,0.0689962,1.04208,0.121043,0.0664153
151.347664399,1.01062,0.0765381,1.65734,0.502756,0.00758604,0.1566,0.360721,1.9846,0.134836,1.01901,0.07131,0.120579
151.394104308,1.418,0.0731995,2.12315,0.480661,0.0164606,0.269849,0.26492,1.9662,0.134446,0.903425,0.090693,0.144838
151.440544218,1.73273,0.0560279,2.34575,0.956391,0.0164972,0.228041,0.157784,1.86157,0.11649,0.920759,0.0892669,0.0924477
151.486984127,1.67889,0.0252604,1.92581,0.964988,1.13798,0.035635,0.101498,1.66332,0.025992,2.06927,0.158298,0.0883302
151.533424036,1.11214,0.0873756,1.30514,0.128149,1.75554,0.0424515,0.139903,0.759777,0.564559,3.02056,0.0317268,0.140129
151.579863946,0.535916,0.187852,0.507127,0.107161,1.77018,0.247095,0.0833992,0.517124,0.484997,3.34768,0.000206587,0.145758
151.626303855,0.374966,0.352777,0.263194,0.119094,1.77896,0.0317053,0.0138036,0.485721,0.208237,3.42353,0.0566563,0.158794
151.672743764,0.35159,0.646148,0.401604,0.172937,1.77061,0.0232895,0.00791037,0.445456,0.0280309,3.59117,0.143306,0.168842
151.719183673,0.617336,0.793031,0.549559,0.195772,1.92369,0.0174452,0.0478509,0.34331,0.00868775,3.83024,0.141996,0.125045
151.765623583,1.18273,0.236631,0.548156,0.146168,1.74747,0.401342,0.0394683,0.265455,0.00433928,3.74673,0.118387,0.0677905
151.812063492,1.49316,0.00291752,0.168582,0.473685,1.21685,0.659441,0.0422698,0.0342294,0.0544173,3.69633,0.182146,0.077672
151.858503401,1.52555,0.0852249,0.0873647,0.78148,1.07386,0.630569,0.0388707,0,0.075706,3.63074,0.0767192,0.0289589
151.904943311,1.57168,0.0217922,0.0255323,0.886699,0.961155,0.261233,0.0329712,0.632246,0.25849,3.64232,0.117091,0.0370093
151.951383220,1.35941,0.000269044,0.083987,0.802618,0.8754,0.0281114,0.0153404,1.51777,0.336431,3.30935,0.138935,0.0800634
151.997823129,1.32623,0.0179029,0.0180455,0.690968,0.835702,0.0184984,0.0123121,2.19031,0.216421,2.85964,0.138128,0.12025
152.044263039,1.20104,0.0400968,0,0.362448,0.926113,0.499241,0.0204387,2.49253,0.05738,2.31291,0.525295,0.241532
152.090702948,0.78185,0.0817456,0.489938,0.312968,0.499914,1.00433,0.000478012,1.99485,0.012177,1.52376,1.29254,0.332184
152.137142857,0.549337,0.169288,0.915984,0.163019,0.416607,1.60723,0.211783,0.743688,0.0376911,1.50458,1.93984,0.143313
152.183582766,0.663109,0.306518,0.851155,0.0180651,0.529022,1.80148,0.0192165,0.439752,0,1.59041,2.12704,0.126653
152.230022676,0.80368,0.385255,0.521907,0.0173118,0.551285,1.7492,0,0.595777,0.0115018,1.68767,2.33153,0.111464
152.276462585,0.849568,0.403392,0.701431,0.0228795,0.541612,1.71455,0.00857564,0.759617,0.0195223,1.68186,2.26236,0.111304
152.322902494,0.695039,0.352084,1.37562,0.0884408,0.438057,1.47562,0.0857265,0.337631,0.0333667,1.73317,1.59418,0
152.369342404,0.21158,0.20322,1.09828,0.0911654,0.240396,1.32929,0.192089,0.568732,0.218335,1.73985,1.66889,0.0885797
152.415782313,0.132128,0.152918,0.753434,0.0269052,0.209487,1.66077,0.145867,0.751941,0.19404,1.66841,1.76871,0.119794
152.462222222,0.462598,0.147257,0.7831,0.00226252,0.17634,1.8771,0.0773341,0.680246,0.154405,1.55926,1.82792,0.114743
152.508662132,0.98101,0.125804,1.04349,0.00325032,0.202768,2.0207,0.0361815,0.149131,0.0860605,1.99044,1.64434,0.0677225
152.555102041,1.20117,0.193975,1.03078,0.00358975,0.320319,1.97424,0.00944179,0.271602,0.0791316,2.45068,1.4713,0
152.601541950,1.29789,0.373508,1.35989,0.0141494,0.34375,1.82344,0.0121069,0.209192,0.0587002,2.3878,1.23977,0.0037998
152.647981859,1.19997,0.294197,1.75701,0.00447411,0.35051,1.49372,0.0446081,0.81631,0.748398,1.81376,0.874191,0.0223014
152.694421769,1.02352,0.182638,2.15477,0,0.159271,0.841784,0.0435532,2.12103,0.789485,0.825774,0.811333,0.0188798
152.740861678,0.896865,0.0457815,2.5557,0,0.0433312,0.315071,0.0825507,2.81219,0.491929,0.135708,1.46524,0.0398198
152.787301587,0.743634,0.0573896,2.89848,0,0.017806,0.213442,0.0941965,2.90393,0.404774,0.120118,1.93597,0.167332
152.833741497,0.89813,0.0890407,2.90662,0.0121685,0.11734,0.260332,0.0282529,2.75275,0.162928,0.146341,1.9882,0.256774
152.880181406,0.978462,0.179446,2.50123,0.177114,0.170863,0.344346,0,2.69902,0.0438941,0.181015,1.9085,0.294389
152.926621315,0.735132,0.249089,1.53774,0.110059,0.201032,0.68665,0.19971,3.01206,0.232938,0.108683,1.68479,0.284856
152.973061224,0.239235,0.00190404,1.85538,0,0.405136,0.291549,0.679404,2.91879,0.649863,0.0489498,1.34356,0.399617
153.019501134,0.00364958,0.00229717,1.5015,0.00559885,0.55055,0.209318,0.618996,2.81583,0.501598,0.583452,0.939437,0.458789
153.065941043,0.0554799,0.0414828,1.39792,0.00887375,0.796642,0.794653,0.435732,2.36863,0.27789,0.722158,0.557832,0.463252
153.112380952,0.418213,0.212697,1.77042,0.0125353,0.850513,1.50752,0.0788146,1.22132,0.0693032,0.527064,1.0797,0.478977
153.158820862,0.828111,0.302214,1.8053,0.015799,0.368547,1.83891,0.0628433,0.621245,0.105266,1.16361,1.50866,0.434276
153.205260771,1.78196,0.151888,1.62699,0.0200585,0.311678,1.46668,0.192776,0.476314,0.193995,1.06486,1.41746,0.454458
153.251700680,2.21703,0,1.25143,0.00396734,0.211402,1.65662,0.0871024,0.372604,0.376453,0.86782,1.32006,0.52013
153.298140590,2.36521,0.000321635,0.967634,0.0255855,0.0933708,2.09098,0.0193325,0.47942,0.670243,0.59708,1.05672,0.453178
153.344580499,2.31961,0.000502964,0.927837,0.0311327,0.104824,2.33898,0.039051,1.22035,0.658475,0.44935,0.61934,0.404683
153.391020408,2.02754,0,1.30468,0.0375977,0.225977,2.1834,0.000269663,1.94317,0.450845,0.268947,0.633241,0.40113
153.437460317,1.89677,0.00563404,1.29335,0.055926,0.415416,1.74047,0,2.0615,0.131034,0.242571,1.53142,0.441659
153.483900227,1.70226,0.0566537,0.598905,0.0380456,0.861833,1.50729,0.00368852,2.11059,0.0262733,0.380634,1.93098,0.307278
153.530340136,0.915629,0.163539,0.25836,0.0928056,0.897047,1.581,0.00606903,1.97554,0.010038,0.547134,2.20599,0.141374
153.576780045,0.369651,0.164471,0.363802,0.209294,0.721685,1.92966,0.0250889,1.62636,0.0107522,0.859921,2.23496,0.11663
153.623219955,0,0.180244,1.19,0.258486,0.670323,2.24789,0.00094758,1.63351,0.00325617,0.712529,2.11381,0.121925
153.669659864,0,0.0143094,1.54717,0.167441,0.369819,2.54136,0.01971,1.2166,0.0568855,0.677521,1.98903,0.128914
153.716099773,0.572521,0.0499211,1.52876,0.0641485,0.403943,2.58327,0.0698292,0.565585,0.125908,1.13814,1.18348,0.136965
153.762539683,1.11535,0.0395417,1.2875,0.0664087,0.172264,2.44605,0.192451,0.358686,0.632778,1.39087,1.04222,0.112657
153.808979592,1.04892,0.00191011,1.12025,0.00793977,0.0987824,3.03982,0.191685,0.317477,0.811779,1.3786,0.931583,0.0643072
153.855419501,1.05793,0,1.26274,0.0116113,0.0397168,3.50938,0.0528882,0.230544,0.636643,1.34539,0.621303,0.072885
153.901859410,1.32116,0.000909628,1.58606,0.0170519,0.0197062,3.70376,0.0441584,0.100019,0.455515,1.13872,0.530809,0.140237
153.948299320,1.48888,0.0266175,1.46598,0.000774643,0.179598,3.42666,0.0329961,0.184918,0.143596,1.2066,1.07942,0.177438
153.994739229,1.02662,0.119367,0.941733,0,0.323948,2.44557,0.0125908,0.232024,0,0.829651,2.17744,0.12702
154.041179138,1.04857,0.179386,0.396101,0.106848,0.521517,1.63259,0.262114,0.0524289,0.00986293,0.62149,2.01561,0
154.087619048,0.965176,0.0802229,0.232685,0.538719,0.357848,1.80792,0.296708,0.0543381,0.104583,0.640883,1.59558,0.0288274
154.134058957,0.91632,0.0202437,0.141738,0.757125,0.203695,1.78175,0.233401,0.0582109,0.333854,0.307234,1.31603,0.0907304
154.180498866,0.937849,0,0.140694,0.719586,0.111675,1.39871,0.0135661,0.598629,0.468383,0.107213,1.00764,0.347012
154.226938776,1.0399,0.047524,0.147473,0.741791,0.248633,0.895279,0.00099186,1.10445,0.256468,0.0791248,0.395577,0.608463
154.273378685,1.21445,0.113133,0.283076,0.523168,0.642096,0.673532,0.109081,1.25399,0.334113,0.00816176,0.375917,0.636176
154.319818594,1.06385,0.487232,0.147329,0.576228,0.439395,0.514738,0.35626,1.17608,0.317755,0.317437,0.518425,0.677325
154.366258503,0.880038,0.667907,0.152617,0.347548,0.622949,0.844574,0.493361,0.972333,0.049552,2.1124,0.416128,0.304627
154.412698413,1.08783,0.569651,0.141614,0.358022,0.726069,0.900836,0.300854,1.20948,0.0313751,2.86438,0.382622,0
154.459138322,1.38316,0.307477,0.15851,0.216029,0.880409,0.884463,0.0409372,1.57695,0.0169962,2.91258,0.403706,0
154.505578231,1.51709,0.197944,0.112495,0.365965,1.05251,0.789462,0.0101501,1.82031,0,2.66941,0.352717,0
154.552018141,1.4965,0.34774,0.199945,0.644132,0.950417,0.620467,0.00848123,1.96888,0.000810715,2.10965,0.0509836,0
154.598458050,1.19696,0.39296,0.00244024,0.676441,0.673516,0.70506,0.212042,1.73884,0.159826,1.54445,0.0409505,0
154.644897959,1.00253,0.510523,0.00191649,0.719081,0.641204,0.768821,0.20285,1.51454,0.0824524,1.30166,0.61183,0
154.691337868,1.0342,0.544023,0.00102121,0.637982,0.582814,1.15468,0.130403,1.50654,0.0728116,1.39743,1.0368,0
154.737777778,1.22863,0.520645,0.001425,0.0532889,0.389038,1.55037,0.107211,1.41635,0.0410293,1.73504,1.2861,0.0640926
154.784217687,0.797566,0.326984,0.0151317,0.00393546,0.294077,1.67473,0.0463927,1.44286,0,2.54872,1.17074,0.35686
154.830657596,0.697799,0.311805,0.273841,0,0.303535,1.39377,0.294939,0.738678,0.00155267,3.30735,0.640321,0.37332
154.877097506,0.743808,0.291421,0.314527,0.174501,0.274519,0.787353,0.547882,0.294456,0.0156609,3.35123,0.501612,0.0994948
154.923537415,0.706147,0.233543,0.399197,0.284262,0.346264,0.503669,0.284253,1.36304,0.0249179,2.65201,0.470672,0.0532713
154.969977324,0.746508,0.143278,1.02815,0.214841,0.29606,0.667005,0,2.34303,0.0231757,1.78507,0.364461,0.144045
155.016417234,0.41492,0.0675994,1.71717,0.0352995,0.0447236,0.695327,0,2.9461,0.0211231,1.3873,0.204344,0.243932
155.062857143,0.255707,0,2.02242,0.0133999,0.0850836,0.601041,0.0111926,3.32925,0.0305896,1.16425,0.226473,0.244557
155.109297052,0.0511977,0.00208265,1.9266,0,0.236797,0.780469,0.158904,3.44702,0.0108656,1.33458,0.559407,0.251552
155.155736961,0.108448,0.00205265,1.33533,0,0.260266,1.32021,0.321646,2.57927,0.0140156,1.43921,0.490459,0.352031
155.202176871,0.462748,0.0799674,0.965401,0.00789408,0.237317,2.08894,0.912548,1.0514,0.0299776,1.39002,0.429959,0.326751
155.248616780,0.920236,0.000167723,0.829003,0.0104514,0.354897,2.55952,0.620579,0.589461,0.0182582,1.62536,0.404369,0.225401
155.295056689,1.69746,0,0.202646,0.0103552,0.417645,3.01259,0.18373,0.199088,0.00338255,1.8004,0.372719,0.0289458
155.341496599,2.27232,0,0.00172136,0.0032948,0.361262,3.46557,0.0356474,0.111216,0.00109746,1.50798,0.348308,0.0108012
155.387936508,2.5328,0,0,0.018453,0.222705,3.64285,0.0492286,0.0895806,1.92519e-05,1.13649,0.227528,0
155.434376417,2.55642,0,0.00841485,0.0578657,0.0652792,3.68226,0.0409846,0.0640781,0.0129156,1.0605,0.168478,0.0263072
155.480816327,2.42448,0.0992024,0.0184027,0.0993271,0.0698717,3.28778,0.00578425,0.222554,0.0227905,1.16438,0.147319,0.0508867
155.527256236,2.28292,0.295194,0.0239585,0.109462,0.190861,2.73981,0.00874577,0.51007,0.0277906,1.27986,0.0205348,0.0799809
155.573696145,2.3399,0.335185,0.0601785,0.0577142,0.432822,2.626,0.0251231,0.684619,0.0810677,1.39685,0,0.0911433
155.620136054,2.42694,0.0938344,0.0179006,0.00934783,0.555053,2.69933,0.0228053,1.29285,0.135312,1.65795,0,0.049374
155.666575964,2.4349,0.00334884,0.221873,0.00948612,0.566577,2.68244,0.00576678,1.14113,0.115517,2.08904,0.105217,0.0532048
155.713015873,2.03426,0,0.42043,0.020452,0.493065,2.64366,0.0523972,1.09362,0.127685,2.21136,0.165521,0.0714536
155.759455782,1.64531,0,0.371561,0.082476,0.453552,2.64873,0.101593,0.785299,0.178929,1.82451,0.177772,0.348145
155.805895692,1.83996,0,0.34806,0.156925,0.375874,2.45018,0.148573,0.395541,0.189722,1.64374,0.253397,0.38038
155.852335601,2.15297,0,0.235539,0.281669,0.256434,2.47448,0.151843,0.42575,0.190021,1.70525,0.279022,0.0870281
155.898775510,2.29676,0,0.117589,0.297705,0.366709,2.24022,0.112791,0.828537,0.197474,1.81823,0.25879,0.045165
155.945215420,1.86701,0.0585604,0.165378,0.0511601,0.497892,2.3978,0.0842756,1.08609,0.327055,1.88429,0.0956941,0
155.991655329,1.55264,0.106918,0.848649,0,0.314348,2.43355,0.0352243,1.49147,0.323668,1.74651,0.0216376,0.189903
156.038095238,1.23923,0.0893873,1.90441,0.00164228,0.166487,2.14946,0.422209,1.44906,0.211837,1.41804,0.00169634,0.345047
156.084535147,0.878162,0.0912939,2.44727,0.0366992,0.205268,1.46261,0.633046,2.00021,0.127402,1.3364,0.000877706,0
156.130975057,0.681114,0.0950938,2.26975,0.0696251,0.0203549,0.885779,0.356185,2.31492,0.0525282,1.26358,0.0264297,0
156.177414966,0.582028,0.159728,1.75547,0,0.0114483,0.94464,0.0969744,2.85635,0.0172624,0.623727,0.208245,0.0985391
156.223854875,0.651232,0.18242,1.39328,0,0.310205,0.968066,0.0337984,2.35872,0.0186772,0.605061,0.122118,0.405045
156.270294785,1.06114,0.122461,1.23202,0.114373,0.930843,0.535444,0.0343602,1.64994,0,1.42908,0.0303069,0.134708
156.316734694,1.60362,0.116964,1.21942,0.469622,1.07335,0.379799,0.055825,1.28356,0.179551,1.70868,0.00481437,0.173971
156.363174603,1.83932,0.0973299,0.948492,0.812662,0.84697,0.223854,0.0472922,1.02815,0.263358,2.32488,0.0259542,0.157695
156.409614512,1.96882,0.0600074,0.669093,0.920524,0.47065,0.0111997,0.0262093,1.55527,0.252544,2.68924,0.0504402,0.142409
156.456054422,1.75791,0.063206,0.52428,0.83123,0.320949,0.00232567,0.0149516,2.00367,0.365952,2.24302,0.00331744,0.214357
156.502494331,1.60428,0.0543258,0.420576,0.707135,0.45427,0.0205473,0.00826347,2.22619,0.386164,1.51451,0,0.446468
156.548934240,1.71061,0.040374,0.308767,0.497819,1.08335,0.0253306,0.114897,2.3299,0.195558,1.16533,0,0.375428
156.595374150,0.811337,0.112577,0.11695,0.625697,1.58379,0.199623,0.363506,2.07315,0.0392582,1.71554,0.130271,0.356602
156.641814059,0.140216,0.25924,0.0439647,0.389809,1.55323,0.834594,0.901419,1.02474,0.049179,2.41057,0.346305,0.319388
156.688253968,0.000698948,0.361244,0.0987047,0.308834,1.54924,1.3806,0.197731,0.295251,0.0416677,2.90864,0.462664,0.196721
156.734693878,0.437832,0.332272,0.0832189,0.0912366,1.39545,1.64256,0,0.144942,0.0353117,3.13451,0.452123,0
156.781133787,1.13359,0.378729,0.106557,0.0755214,1.21579,1.65402,0,0.0426396,0.0744533,3.31657,0.204921,0
156.827573696,1.04008,0.310364,0.0925463,0.0708112,0.991055,1.6452,0,0.0445615,0.0627438,3.57239,0.18244,0
156.874013605,0.6372,0.174252,0.360569,0.0502214,0.684394,1.61721,0.0396095,0.015153,0.0849551,3.08903,0.190589,0.00759802
156.920453515,0.442856,0.14253,0.326822,0.0277479,0.672825,1.66364,0.0504926,0.00774022,0.0947859,2.82186,0.563739,0.0675979
156.966893424,0.395249,0.148802,0.11741,0.00251775,0.796965,1.81937,0.0406717,0.00875294,0.0662678,2.84635,0.717641,0.0500532
157.013333333,0.639334,0.13851,0,0,1.04147,2.34071,0.0140972,0.00756947,0,3.22197,0.502145,0
157.059773243,1.03218,0.179233,0,0,1.21711,2.5835,0.00424091,0.00481372,0,3.61098,0.100349,0
157.106213152,1.87983,0.172066,0.00604562,0.00534488,1.36343,2.41031,0.011563,0.00338496,0.0273941,3.34878,0,0
157.152653061,2.57786,0.134536,0.00357234,0.00930897,1.3588,1.8734,0.035977,0.985129,0.0512008,2.36891,0,0.0426754
157.199092971,2.76283,0.0626921,0,0.0808053,0.754815,1.03733,0.054007,2.2313,0.000296913,1.63749,0.0598971,0
157.245532880,2.20452,0.0820255,0.368882,0.0457656,0.585652,0.401334,0.0473948,2.98113,0.00302982,1.11308,0.128457,0.000385274
157.291972789,2.11301,0.159841,1.22806,0.00783105,0.384493,0.491389,0.0159515,3.09782,0.00202022,0.816592,0.121214,0.16117
157.338412698,2.27947,0.134344,1.44753,0.0134714,0.169002,0.523502,0,3.04785,0,0.801862,0.11477,0.278689
157.384852608,2.1947,0.0715805,1.39085,0.0203305,0.143942,0.591298,0,3.13382,0,0.537485,0.233066,0.336455
157.431292517,2.26137,0.00479356,1.0734,0.016767,0.123834,0.431631,0.107205,3.09992,0,0.444373,0.26016,0.366261
157.477732426,2.24653,0.00120893,0.35964,0.0124558,0.195045,0.540625,0.0162896,2.89527,0,0.509275,0.103209,0.395632
157.524172336,2.47761,0.0140822,0.0367964,0.0105482,0.432926,0.742205,0.00212719,2.49498,0.011682,0.556692,0.0850886,0.40653
157.570612245,2.61341,0.00127914,0.148131,0.00581391,0.85823,0.806858,0.0207411,2.28555,0,0.465818,0.119357,0.414082
157.617052154,2.76618,0.00302179,0.0400438,0.00813771,1.10343,0.828565,0.0627975,2.15564,0.00930073,0.877769,0.157284,0.302858
157.663492063,2.48851,0.00290603,0.00276077,0.0122365,1.00404,1.296,0.0418375,1.87547,0.0326432,2.10232,0.00109933,0.35329
157.709931973,2.05487,0.00275804,0.0694295,0.080401,0.805259,1.14489,0.0372124,1.55568,0.0476072,3.09016,0,0.328821
157.756371882,1.64562,0.0909449,0.185416,0.114178,0.702601,0.916961,0.0271056,1.01643,0.0258062,3.66559,0,0.29406
157.802811791,1.36985,0.191814,0.239909,0.086139,0.682923,0.849999,0.0246858,0.717676,0.0288649,3.98508,0.000190771,0.291261
157.849251701,1.02729,0.168074,0.157104,0.0400349,0.982095,1.25069,0.0266937,0.714622,0.0320682,4.15184,0.00060604,0.255762
157.895691610,0.714634,0.295301,0.0082453,0.0340862,1.27863,1.39603,0.0239977,0.853175,0.0320636,4.12306,0.00264121,0.217657
157.942131519,0.915944,0.25674,0,0.0340436,1.43695,1.48048,0,0.882124,0.0250899,3.94246,0.0355419,0.308168
157.988571429,1.64917,0.330949,0,0.0232055,1.52763,1.37129,0,0.682126,0.0203425,3.79939,0.159983,0.266869
158.035011338,2.12113,0.35278,0,0.0822065,1.44996,1.27694,0,0.493065,0.0162314,3.81093,0.183152,0.286991
158.081451247,2.19442,0.430379,0.00025741,0.142834,1.51824,1.33817,0.000851026,0.334359,0.0345039,3.39653,0.172704,0.279006
158.127891156,2.13635,0.514779,0.000571543,0.131502,1.44474,1.73067,0.0355508,0.417752,0.306082,2.75453,0.171022,0.235731
158.174331066,2.06304,0.654133,0.00200565,0.0712312,1.20623,1.92471,0.0534821,0.582451,0.411481,2.5024,0.165432,0.202233
158.220770975,1.64443,0.685497,1.04209,0.0252307,0.539516,1.77143,0.0930403,1.4433,0.372947,2.50982,0.29472,0.0139698
158.267210884,0.798675,0.53731,1.66624,0.0196577,0.441387,1.04647,0.181118,2.88744,0.100575,1.97064,0.406561,0
158.313650794,0.27361,0.207301,2.0449,0.0169963,0.241774,1.08405,0.0746099,3.21739,0.0256986,1.25498,0.205515,0.244498
158.360090703,0.115556,0.110922,2.06197,0,0.145083,1.68276,0.0673934,2.90879,0.00770253,0.46914,0,0.52648
158.406530612,0.042148,0.170451,1.71565,0,0.283727,1.92571,0.0727245,2.53917,0.00906606,0.23606,0.00530296,0.738999
158.452970522,0.000585614,0.294142,1.04263,0,0.391807,1.59842,0.102331,2.36977,0,0.212911,1.54309,0.117132
158.499410431,0.0505592,0.168551,0.744097,0.0567529,0.274728,0.824426,0.502212,2.23051,0,0.813623,2.45273,0.109573
158.545850340,0.312765,0.000627069,1.03641,0.223005,0.515585,0.0797646,0.542314,1.90348,0,0.959448,2.10699,0
158.592290249,0.409601,0.0265654,1.11905,0.417041,0.422688,0.0739227,0.274072,1.67679,0.104521,0.839388,1.59578,0.0204608
158.638730159,0.667613,0.0422375,0.796257,0.71226,0.186487,0.064577,0.178475,1.79963,0.332649,0.672369,1.38003,0.0741509
158.685170068,0.861189,0.0454888,0.620124,0.647459,0.12939,0.0342791,0.0305564,2.10858,0.530602,0.000498717,0.758148,0.252088
158.731609977,0.768053,0.0848682,0.670943,0.658388,0.0264148,0.00112261,0.0109556,2.48031,0.573707,0.000374891,0.0414954,0.72437
158.778049887,0.53085,0,0.405498,0.459343,0.0399427,0.495991,0.0457267,2.76663,0.52812,0.322255,0.176324,0.577319
158.824489796,0.523692,0.373169,0.0465951,0.327136,0.311482,1.0314,0.0815862,1.85285,0.0954956,1.21325,0.219352,0.542098
158.870929705,0.738264,0.623408,0.0102147,0.0173071,0.425129,2.0964,0.279646,0.438002,0,2.12857,0.207506,0.366299
158.917369615,0.86956,0.493627,0.0224476,0,0.871303,2.79524,0.293156,0.107686,0,2.466,0.262972,0.100259
158.963809524,1.11018,0.19515,0.00225236,0,1.05681,2.97814,0.30003,0.130779,0.0363991,2.76567,0.424713,0
159.010249433,1.61455,0.0880766,0.00155254,0.0149191,0.855343,3.16458,0.103024,0.10771,0.0604135,2.76119,0.278643,0.0144856
159.056689342,1.43052,0.247957,0.0711519,0.0167773,0.438745,3.22133,0.0882172,0.157674,0,2.44804,0.374899,0.0604768
159.103129252,0.76245,0.660452,0.00111171,0.0145235,0.0770977,3.23394,0.126656,0.05203,0,2.14699,0.961204,0.0766395
159.149569161,0.141895,0.738428,0.211765,0.268431,0.0811762,2.94865,0.135011,0.0433267,0,1.88759,1.0592,0.013652
159.196009070,0.543163,0.390529,0.353397,0.447497,0.0655207,2.22762,0.23355,0.0398421,0,1.88595,1.2676,3.02406e-05
159.242448980,1.37255,0.300364,0.395462,0.323855,0.0396046,1.75069,0.146763,0.0307876,0,2.0604,1.74477,3.07565e-05
159.288888889,1.47708,0.322806,0.443512,0.215111,0.106125,2.41927,0.0338655,0.0199789,0,2.3326,1.51076,0
159.335328798,1.60061,0.317059,0.522513,0.090392,0.0835054,2.84776,0.0296262,0.0213,0.0135488,2.76012,0.798926,0
159.381768707,1.54923,0.276842,0.456311,0,0.075627,3.14076,0.0537501,0.0451045,0.360588,2.82237,0.153699,0
159.428208617,1.66249,0.18468,0.435488,0.0919065,0.0195117,2.80771,0.0722207,0.34872,0.534673,2.38454,0,0.00721346
159.474648526,1.63994,0.173379,1.35579,0.0681275,0.0745142,2.40651,0.0115322,1.3182,0.202202,1.29224,0.144887,0.101518
159.521088435,1.43045,0.0418904,1.71738,0.0201343,0.0439226,2.1596,0.00239981,2.15282,0.0103097,0.925819,0.437897,0.255641
159.567528345,1.03117,0.00701694,1.76251,0.0189732,0.00250502,1.86863,0.0184583,2.61991,0.0287142,0.801554,0.690578,0.288672
159.613968254,0.977992,0,1.64077,0.0151066,0.0101527,1.55109,0.0814985,2.73097,0.0437716,0.667934,0.866931,0.293623
159.660408163,1.00939,0,1.48971,0.0121234,0.0143727,1.07223,0.225199,2.7225,0.0437148,0.477796,0.7598,0.291056
159.706848073,0.68693,0.00092159,1.73594,0,0.0129894,0.579938,0.622123,2.68972,0.0318765,0.339467,0.760847,0.283599
159.753287982,1.46665,0.00203157,1.33999,0,0.0239531,1.19141,0.811273,2.28924,0.00504734,0.917138,0.307903,0.226782
159.799727891,1.97104,0.00221377,0.734997,0.00802545,0.0602027,2.23244,0.18084,1.698,0.00357617,1.22527,0,0.0365328
159.846167800,2.07152,0.00208981,0.725557,0.0184485,0.0197219,2.79871,0.0504305,1.19531,0.0336487,1.1887,0,0
159.892607710,1.90128,0.00174593,0.625572,0.0176097,0.0152865,2.96281,0.00564941,1.16337,0.0639778,1.16606,0.0657423,0
159.939047619,1.39576,0.265566,0.335837,0.0151028,0,2.70633,0.0254565,1.59136,0.187668,1.18353,0.0724603,0.0015047
159.985487528,0.835927,0.261803,0.588062,0.0421267,0,1.95182,0.262265,1.92082,0.280881,0.650949,0.0671726,0
160.031927438,0.689269,0.433437,0.753691,0.015968,0.025042,1.54165,0.22596,2.13459,0.0724411,0.269369,0.0884169,0
160.078367347,0.778836,0.449306,0.798751,0.000683291,0.202461,0.948766,0.0237663,2.57116,0.0641104,0.360374,0.123565,0.0946088
160.124807256,1.02882,0.291483,1.29353,0,0.264233,0.911902,0.0305615,2.96731,0.0486877,0.591821,0.127788,0.142082
160.171247166,1.08192,0.0803034,1.82902,0.000881521,0.184121,0.963835,0.0676474,2.76093,0.0486477,0.693508,0.0831622,0.101327
160.217687075,1.1056,0.155992,2.0403,0.0194298,0.146592,0.98414,0.0850793,2.504,0.0385621,0.735314,0.00907137,0.156889
160.264126984,1.02861,0.14983,1.94779,0.0148497,0.221349,1.03205,0.123538,2.55758,0.0717431,0.769159,0,0.466962
160.310566893,1.16071,0.118158,1.62694,0.00885757,0.292836,1.058,0.163047,2.45618,0.146229,0.696294,0,0.683052
160.357006803,1.24587,0.0840883,1.31266,0,0.299732,1.10519,0.168226,2.51698,0.281114,0.616086,0.0235222,0.749557
160.403446712,1.23407,0.0491788,1.14294,0,0.22137,1.06732,0.231311,2.62138,0.256071,0.706453,0.0840044,0.6875
160.449886621,0.705773,0.0481436,1.20002,0.0193852,0.125631,0.656611,0.0487602,3.06201,0.174738,0.973879,0.0266644,0.496953
160.496326531,0.474067,0.0838843,1.27656,0.156967,0.572184,0.792909,0.0335606,2.57206,0.283557,1.66891,0.0434489,0.067912
160.542766440,0.430336,0.36388,1.79612,0.12327,0.823369,1.05152,0.0120777,1.23563,0.549961,2.26874,0.00223905,0.0491113
160.589206349,0.350456,0.448844,1.91566,0.161957,0.989482,1.09837,0.00254331,0.777742,0.456684,2.78697,0.0071172,0.0842754
160.635646259,0.50416,0.464161,1.69628,0.144461,1.14728,0.794007,0,0.987262,0.279357,3.27101,0.0931655,0.132539
160.682086168,0.624509,0.479917,1.30554,0.060185,1.45219,0.376664,0.0101299,1.53791,0.085887,3.50759,0.100377,0.161567
160.728526077,0.650387,0.638758,0.926399,0.041558,1.76888,0.149969,0.0177903,1.74443,0.0218963,3.26608,0.174155,0.173331
160.774965986,0.330461,0.660597,1.00412,0.0108291,1.73241,0.011162,0.022298,1.4163,0.102461,3.29555,0.524642,0.0657239
160.821405896,0.418927,0.463965,0.91456,0.446441,1.19893,0.0177586,0.0281425,0.690613,0.0731292,3.39618,0.635216,0
160.867845805,0.463694,0.426379,0.843823,0.625608,0.976027,0.0183662,0.021495,0.269539,0.203986,3.42303,0.565692,1.80004e-05
160.914285714,0.491046,0.371915,0.805174,0.589883,0.838123,0.0256229,0.0105138,0.585963,0.413746,3.36428,0.422228,2.56429e-05
160.960725624,0.777017,0.290693,0.795954,0.377962,0.741354,0.0295927,0.00301056,1.65352,0.327724,2.28499,0.317848,0
161.007165533,1.03153,0.0534944,0.721888,0.304865,0.423032,0.0103254,0.00845057,2.07286,0.372849,1.35448,0.0753488,0.1365
161.053605442,0.832208,0.248319,0.440755,0.377787,0.246162,0.321523,0.0252151,2.34188,0.317372,1.06339,0.104872,0.199218
161.100045351,0.602033,0.476839,0.267865,0.282241,0.53215,1.27091,0.0169831,2.08746,0.221652,0.923888,0.977274,0.203769
161.146485261,0.454021,0.709176,0.224352,0.0952737,0.628786,1.78632,0.00923095,0.991039,0.130764,1.72303,1.83942,0.095135
161.192925170,0.528163,0.604547,0.299141,0.0085917,0.744902,1.77087,0.0340557,0.460654,0.0149894,2.39216,1.8514,0.035464
161.239365079,0.741145,0.513672,0.404396,0.0122341,0.722478,1.56884,0.0607435,0.199588,0,2.51397,1.84949,0
161.285804989,0.889188,0.53308,0.539053,0.0156338,0.468472,1.44621,0.0144331,0.175378,0,2.51098,1.8168,0
161.332244898,0.702596,0.53892,0.628319,0.014407,0.288816,1.47397,0.0269279,0.110009,0,2.38826,2.2582,0
161.378684807,0.106837,0.575208,0.407252,0.12555,0.69078,1.43811,0.0387213,0.296943,0,2.30068,2.29643,0
161.425124717,0.0317999,0.40781,0.382144,0.0635843,0.907515,1.42768,0.0439481,0.616892,0,2.7942,2.0494,0
161.471564626,0.365698,0.318268,0.658437,0.0110825,0.842416,1.5521,0.028235,0.65802,0.00278464,2.96949,1.66474,0
161.518004535,0.602659,0.305706,0.756514,0,0.626682,1.88934,0.00760788,0.691327,0,2.9643,1.25431,0
161.564444444,0.732538,0.345886,0.821911,0.00543817,0.338913,2.13181,0.00426855,0.622045,0,2.90277,0.984198,0
161.610884354,0.891899,0.395722,0.79455,0.110962,0.105437,1.70217,0.00241438,0.635697,0.0892855,2.80991,0.901336,0
161.657324263,0.828843,0.225818,1.72642,0.0145793,0.0859507,1.12075,0.00372894,0.639795,0.507474,2.098,1.01357,0
161.703764172,0.533287,0.204516,2.48658,0,0.0332246,0.82274,0.00215846,1.64948,1.15866,1.39773,0.968208,0.0404218
161.750204082,0.405776,0.127502,2.71757,0,0,0.147208,0.0270753,3.2621,1.06605,0.47559,1.50447,0.0858934
161.796643991,0.287551,0.0176399,2.76553,0.00357299,0,0.0096212,0.0873481,3.78665,0.453178,0.0757603,1.94082,0.128672
161.843083900,0.261463,0.22778,2.65286,0,0,0.0128631,0.268756,3.68904,0.0351894,0.00306101,1.97406,0.284249
161.889523810,0.249962,0.200569,2.35228,0.011743,0,0.00621776,0.292257,3.72993,0.0885509,0.00441615,1.94142,0.549459
161.935963719,0.230355,0,2.24027,0.00933215,0,0.413272,0.229581,3.40067,0.323108,0.0173659,1.89012,0.622943
161.982403628,0.00153387,0,2.03986,0.0020444,0.0429717,0.332235,0.122475,3.05944,0.727833,0.101929,1.71806,0.344418
162.028843537,0.000226463,0.0346542,2.12024,0,0.123164,0.326681,0.0106388,2.58634,1.25649,0.0667933,1.17553,0.315536
162.075283447,0.508733,0.0258389,2.28649,0,0.131372,0.636165,0.00198808,1.55349,1.57748,0.0340384,0.677894,0.361177
162.121723356,0.925436,0.0501456,2.41835,0,0.00514748,1.61914,0,1.66204,1.58887,0.103711,0.471759,0.324177
162.168163265,0.967974,0.0394085,2.34458,0,0,1.63231,0,1.66804,1.41639,0.0802887,0.639173,0.297109
162.214603175,0.921267,0.0423589,2.52179,0,0.00871859,1.26768,0.039739,1.2045,1.11973,0.00311918,0.971262,0.37414
162.261043084,0.901139,0.037192,2.61592,0,0.0632476,1.03265,0.200845,1.16449,0.922136,0.103293,1.34218,0.394006
162.307482993,0.82895,0.028265,2.51951,0.0107641,0.0914218,1.33215,0.0401775,1.15314,0.832134,0.615527,1.37714,0.372141
162.353922902,0.888074,0.0300598,2.3431,0.0136795,0.0830587,1.53626,0,1.13334,0.809795,0.828486,1.53885,0.353864
162.400362812,1.02575,0.031681,1.9639,0.0101922,0.0805085,1.84712,0,1.52592,0.644603,0.675611,1.79322,0.334918
162.446802721,1.42267,0.026551,1.61836,0.00843967,0.0914012,2.21758,0,1.51085,0.400901,0.484367,1.70449,0.313202
162.493242630,1.39674,0.0205855,1.44254,0.0192112,0.0642585,2.18558,0,1.12955,0.421799,0.433602,1.50361,0.228134
162.539682540,0.924407,0.153774,1.45607,0.0433156,0.015494,1.95026,0,1.32085,0.257464,0.371357,1.426,0.157362
162.586122449,0.318997,0.200839,1.64413,0.23223,0.056352,2.0481,0.23617,1.36696,0.279956,0.415216,1.51688,0.0534378
162.632562358,0.376884,0.143037,1.61282,0.322449,0.0915543,1.84488,0.351889,1.12711,0.241416,0.651792,1.79953,0.115765
162.679002268,0.73328,0.0570113,1.48475,0.212681,0.03461,1.5229,0.177903,0.826627,0.407297,1.04587,2.08612,0.26756
162.725442177,0.791764,0.0501778,1.32847,0.0889621,0.128131,1.42886,0.0560045,0.748167,0.489525,1.36524,2.28849,0.274138
162.771882086,0.388715,0.0567665,1.33144,0.0760551,0.133557,1.56452,0.064723,0.665956,0.308478,1.33549,2.44825,0.191994
162.818321995,0.234091,0.070856,1.8541,0.0844039,0.0948981,2.28991,0.108697,0.286101,0.716673,1.32106,1.74838,0.172915
162.864761905,0.142962,0.0678703,2.19373,0.169835,0.063507,2.24177,0.133303,0.11448,0.913955,1.407,1.17994,0.151418
162.911201814,0.558587,0.0663547,1.98839,0.228918,0.233822,2.15054,0.0720783,0.135421,0.588373,1.33421,1.54905,0.150416
162.957641723,0.821897,0.0548833,1.8351,0.118811,0.267916,2.3408,0.0601749,0.150851,0.174618,1.3473,1.91735,0.13814
163.004081633,0.885605,0.0616479,1.58321,0.0841407,0.480329,2.42965,0.0457904,0.294275,0,1.40943,2.29035,0.0894146
163.050521542,0.445639,0.0852776,1.19144,0.139631,0.73598,2.19828,0.0117683,0.206567,0,1.43466,2.92047,0.104291
163.096961451,0.0640923,0.088224,0.950315,0.0269652,0.672646,1.90156,0.00837544,0.0733612,0,0.964758,3.11094,0.117156
163.143401361,0.0384922,0.0466356,1.05753,0.104552,0.529175,1.78775,0.0134134,0.0385322,0.03535,0.647311,2.93794,0.132608
163.189841270,0.283436,0.0183711,1.44243,0.145258,0.38956,1.62279,0.0212366,0.559959,0.111803,0.337489,2.43696,0.16855
163.236281179,0.519137,0.00301139,1.44133,0.0963032,0.197947,1.25096,0.0311157,1.38331,0.269586,0.0245894,1.36532,0.135232
163.282721088,0.645616,0,1.43109,0.202161,0.0507073,1.26609,0.00356918,1.95608,0.308046,0.00033766,1.20907,0.213873
163.329160998,0.689715,0,1.33288,0.230687,0.0158309,1.1883,0.0398848,2.17768,0.230579,0.0101123,1.3398,0.348505
163.375600907,1.11955,6.06142e-05,1.24575,0.0657393,0.367873,1.22899,0.115368,1.97363,0.052977,0.515419,1.05823,0.416879
163.422040816,1.2249,0.183786,0.604186,0,1.02469,1.49075,0.140149,1.3072,0,1.83703,1.08078,0.0506716
163.468480726,1.02441,0.292454,0.747695,0,1.30038,1.76306,0.0625333,0.138832,0,2.45328,1.18437,0.0752264
163.514920635,1.05408,0.223231,0.910175,0,1.52314,1.41929,0.0349621,0.0044651,0,2.59913,1.18256,0.116961
163.561360544,1.33322,0.242478,0.822735,0,1.62822,1.19907,0.0141521,0.0389856,0,2.56566,1.09561,0.112915
163.607800454,1.24411,0.298622,0.582258,0.000122545,1.75196,1.36707,0.00686046,0.0943683,0,1.98479,1.63981,0.0976495
163.654240363,0.437857,0.303009,0.432368,0.00357395,1.37008,2.14471,0.000963418,0.039205,0,1.41298,1.7627,0.0496213
163.700680272,0.180849,0.253055,0.741046,0.00495797,1.08346,2.17051,0,0.0343139,0,1.63378,1.61477,0
163.747120181,0.314551,0.198881,1.03113,0.00325049,1.00575,2.22228,0,0.0271566,0.00142853,2.24325,1.20772,0.164328
163.793560091,0.539186,0.227253,1.20481,0.00706662,0.779754,2.18575,0.00326983,0.0173633,0.00361087,3.30458,0.838684,0.169195
163.840000000,0.577704,0.28423,1.23223,0.0131347,0.841814,2.08384,0.00280752,0.0107536,0,3.5385,0.608164,0.0939815
163.886439909,0.626795,0.299011,1.18939,0.00760261,0.88487,1.92946,0,0.0116348,0,3.4457,0.610951,0.118865
163.932879819,0.991522,0.251282,1.23053,0,0.828897,1.37914,0,0.00934455,0.0208738,3.12605,0.842466,0.143186
163.979319728,1.37115,0.163644,1.46092,0.0112763,0.381103,0.99213,0,0.964941,0.267155,2.56104,0.964073,0.11894
164.025759637,1.47014,0.0759146,1.6103,0,0.0627887,1.05937,0,2.58507,0.304641,1.49193,0.732579,0.219071
164.072199546,1.20149,0.0110347,1.65586,0,0,1.11095,0,3.33159,0.131324,1.26414,0.760923,0.331386
164.118639456,1.05689,0.000112832,1.62686,0.00773175,0,1.15386,0,3.46499,0.131557,1.30032,0.58546,0.416307
164.165079365,1.22636,0.00159041,1.39281,0,0.0112861,0.834743,0,3.42037,0.057091,1.21314,0.890003,0.433303
164.211519274,1.67269,0.00231238,1.45963,0,0.0382135,0.614687,0.0199367,3.08784,0,1.18361,0.970936,0.379995
164.257959184,1.365,0.00158519,1.58472,0.000396881,0.0279338,1.05662,0.0935088,2.38029,0.00239873,1.2319,0.655529,0.402983
164.304399093,1.62797,0.0635666,1.38538,0.00889095,0.0163268,1.68754,0.0233334,1.14552,0.0483856,1.39275,0.26456,0.362896
164.350839002,1.95648,0,0.71007,0.0132089,0.0171986,2.50255,0.0412789,0.309073,0.0725705,1.54401,0.195635,0.166861
164.397278912,1.99811,0,0.111979,0.0208608,0.0201945,3.19067,0.0106598,0.0630357,0.107259,1.64192,0.262525,0
164.443718821,2.14369,0,0.127889,0.0577063,0.0161734,3.63164,0,0.065677,0.0898373,1.60809,0.166586,0.0384266
164.490158730,2.26196,0,0.0434828,0.065393,0,3.82882,0.0251815,0.0626751,0.0475223,1.76769,0.131552,0.0614663
164.536598639,1.9001,0,0.00424606,0.0572947,0,3.96873,0.0323667,0.0625286,0.0260497,1.89609,0.131742,0.0627665
164.583038549,1.91762,0.310881,0.00196581,0.0689705,0,4.07742,0.0407539,0.103349,0.0134193,1.70443,0.0396537,0.00119264
164.629478458,2.13292,0.514855,0.00112897,0.0641016,0.0147627,4.07442,0.0299007,0.127631,0.0149679,1.52559,0,0
164.675918367,2.40844,0.502814,0.00137306,0.0393668,0.0453841,3.80101,0.0260185,0.172349,0.0424757,1.53942,0.00352937,0
164.722358277,2.64884,0.428535,0.00143051,0.0138966,0.158243,3.63583,0.0366262,0.524802,0.108413,1.51014,0.00295957,0.116663
164.768798186,2.64969,0.242177,0.0776079,0.0572093,0.185251,3.48889,0.165369,0.72822,0.222294,1.25293,0.000214105,0.0929821
164.815238095,2.40737,0.313326,0.283609,0.0402927,0.384955,3.17398,0.104703,0.975984,0.168304,1.12392,0.0378782,0
164.861678005,2.52006,0.143192,0.307585,0.0106967,0.424822,2.6005,0.0822421,1.20779,0.181336,0.913737,0.134813,0
164.908117914,2.653,0.0809605,0.294023,0,0.449386,2.63905,0.149228,1.24392,0.151747,0.779233,0.169226,0.0340031
164.954557823,2.71925,0.0619273,0.282115,0,0.223844,2.88441,0.117556,1.07001,0.137011,1.043,0.17318,0.108055
165.000997732,2.81965,0.0302882,0.405682,0.0147369,0.137037,3.02491,0.0753602,0.964544,0.165786,1.09132,0.144805,0.13884
165.047437642,2.77581,0.0245376,0.499411,0,0.228179,2.96402,0.0821623,1.08771,0.163144,0.955539,0.155364,0.0467633
165.093877551,2.66609,0.122286,1.24596,0.0907308,0.21016,1.85621,0.229919,1.53156,0.029716,0.618599,0.0883845,0.0449561
165.140317460,1.00684,0.213634,1.67259,0.149497,0.0766502,1.38987,0.203343,2.33576,0.0125462,0.510208,0.037707,0.641843
165.186757370,0.0728368,0.0845886,1.63076,0.177366,0.0228319,1.40684,0.0796698,2.71521,0.00973445,0.281691,0.0616529,0.918792
165.233197279,0.255913,0.0950479,1.37468,0.147409,0.0166128,1.40381,0.065656,2.96713,0.00714266,0.289591,0.0966447,1.08314
165.279637188,0.526256,0.106671,1.01767,0,0.0195428,1.42019,0.0464058,2.97906,0.00681179,0.264679,0.141595,1.2539
165.326077098,0.731177,0.0974996,0.884907,0.000644534,0.0258216,1.32048,0.036291,3.00284,0.00723674,0.123767,0.146259,1.17447
165.372517007,0.718094,0.0940682,1.22883,0.0044804,0.0241421,1.2763,0.0235577,3.17074,0.0176771,0.204434,0.148804,0.762083
165.418956916,0.818974,0.0938546,1.48387,0.0517165,0.0166852,1.26658,0.0322257,3.17301,0.045698,0.207816,0.160839,1.11643
165.465396825,1.01719,0.0968507,1.83492,0,0.00675461,1.26359,0.0399748,3.13431,0.0312305,0.12051,0.140318,1.35108
165.511836735,1.05856,0.0958424,1.8464,0,0,1.25222,0.0427386,3.20126,0.0308391,0.0688491,0.130378,1.27946
165.558276644,1.03983,0.0929747,1.79603,0,0,1.24759,0.0313954,3.00049,0.0267454,0,0.104938,1.12961
165.604716553,1.15482,0.0897985,1.93659,0.0435809,0.00512862,1.09755,0.0167531,2.45156,0.0235408,0,0.0634847,1.0563
165.651156463,0.893641,0.495525,1.74074,0.169964,1.20841,0.909555,0.0120706,1.92035,0.149032,1.45035,0.0716621,0.123434
165.697596372,0.813659,0.883868,0.652161,0.0765652,2.20315,0.748105,0.00708043,1.32038,0.279066,2.10126,0.0110226,0.206941
165.744036281,0.908956,0.952532,0,0.142695,2.29467,0.642329,0.0127146,1.01115,0.0698478,2.38962,0.000239615,0.175288
165.790476190,0.891505,0.986793,0,0.117842,2.24635,0.598883,0.0100629,0.642218,0.0247383,2.84161,0.000292829,0.186659
165.836916100,0.914592,0.967133,0,0.0601244,2.2286,0.598948,0.00559695,0.289074,0.0256038,3.2867,0.000372083,0.152259
165.883356009,1.14913,0.806721,0,0.0574151,2.07746,0.638361,0.00149956,0.1935,0.026274,3.70238,0.00107241,0.0811745
165.929795918,1.30709,0.599235,0.00200025,0.0582403,2.04119,0.64131,0.00051096,0.16207,0.0258378,3.87997,0.00226655,0.0441841
165.976235828,1.18908,0.435909,0.0070152,0.053146,1.99269,0.979986,0,0.150314,0.0254923,3.86277,0.00274141,0.0946905
166.022675737,1.17806,0.404889,0.00874406,0.0482554,1.78329,1.52286,0,0.127974,0.0258742,3.83769,0.0019019,0.134673
166.069115646,1.16583,0.539161,0.00664761,0.0373358,1.48774,1.98757,0,0.120162,0.0202806,3.8621,0.000792265,0.140595
166.115555556,1.24819,0.602953,0.00437684,0.0305219,1.3027,2.28367,0,0.107955,0.0164622,3.88594,0.00117065,0.120169
166.161995465,1.48856,0.710636,0.0403224,0.0230341,1.28626,2.32074,0,0.095003,0.0133726,3.86888,0.00272184,0.0840157
166.208435374,1.81799,0.618308,0.220055,0.0208477,1.40404,1.4489,0.0476901,0.541314,0.0120589,2.75302,0.288721,0.0187478
166.254875283,2.46464,0.297654,0.24713,0.00154835,1.91798,0.836801,0.12927,1.09755,0.0265391,1.7072,0.311123,0
166.301315193,3.06956,0.00228562,0.170561,0.00759838,1.95719,0.412714,0.0611034,1.73402,0.0155722,0.97989,0.356739,0.0141931
166.347755102,3.19897,0.00143696,0.0958447,0.00502952,2.04587,0.213457,0.00255598,1.86835,0.00403086,0.490619,0.406025,0.0252293
166.394195011,3.0942,0.023188,0.0102794,0,1.97456,0.343977,0.00441166,1.73616,0.0250068,1.11273,0.360294,0.020458
166.440634921,2.87824,0.0821664,0,0.00604336,1.75856,0.464111,0.00882781,1.18266,0.0632635,1.80501,0.313838,0.45859
166.487074830,2.50113,0.104353,0,0.0375364,1.58432,0.362011,0.00317585,1.12714,0.050513,1.4584,0.201957,0.916002
166.533514739,1.7917,0.0720814,0,0.0797668,1.46307,0.622414,0.0115348,1.25434,0.377957,0.991465,0.0985472,1.25392
166.579954649,1.58258,0.161711,0.221859,0.0627408,1.32175,0.808899,0.177488,1.20428,0.554553,0.799914,0.0691495,1.36374
166.626394558,1.71471,0.0889795,0.411861,0.0977974,0.947475,1.0661,0.381146,1.17684,0.606023,1.18489,0.0579035,0.86909
166.672834467,2.26646,0.0693793,0.489927,0.939391,0.626705,1.62155,0.343714,0.734982,0.252593,2.04263,0.000220027,0.00126715
166.719274376,2.64465,0.086337,0.0719985,1.14766,0.504895,1.90424,0.00235146,0.602785,0.00274685,2.73797,0.00126389,0.00336242
166.765714286,2.68766,0.00784918,0.0861582,0.791727,0.747954,1.90796,0,0.56976,0.00119375,2.57087,0.00153817,0.0709783
166.812154195,2.42725,0.0989904,0.0598976,0.30413,0.821206,1.96113,0.00166092,0.358867,0.179888,2.70925,0.0018542,0.205925
166.858594104,1.99488,0.134413,0.016248,0.0084305,0.948063,2.05669,0.0265201,0.298098,0.296568,3.18291,0.00235251,0.270951
166.905034014,1.80439,0.113744,0.00095666,0.0544166,1.26941,1.48637,0.0126574,0.224151,0.338139,3.22036,0.00194011,0.422835
166.951473923,1.60829,0.0926138,0.00172561,0.322428,1.27348,1.10163,0.010186,0.177827,0.803202,2.42047,0.269158,0.362935
166.997913832,1.34174,0.00208885,0.00371117,0.313165,1.31394,1.11252,0.00640464,0.202788,0.798117,1.72543,0.746257,0.270099
167.044353741,1.06102,0.0023909,0.0180358,0.106992,1.42396,1.13193,0.00927975,0.320059,0.675678,1.29487,0.67628,0.0344689
167.090793651,0.985651,0.00328892,0.00224596,0.0362372,1.41712,1.2452,0.0372298,0.398808,0.555421,1.42803,0.397222,0.00339856
167.137233560,1.32286,0.0802152,0.000600527,0.00744346,1.0604,1.28563,0.0509569,0.0751151,0.398912,2.14761,0.455539,0.00607404
167.183673469,1.50783,0.0796163,0,0.0140794,0.687781,1.9125,0.0705452,0.00298518,0.207705,2.59498,0.518501,0.0108187
167.230113379,1.53182,0.0739665,0.000346002,0.0394665,0.629787,2.48845,0.0547195,0,0.22055,2.62762,0.394013,0
167.276553288,1.46255,0.183857,0.000798065,0.0463865,0.474821,2.83058,0.0547679,0.00143772,0.202186,2.58665,0.237567,0
167.322993197,1.69145,0.257017,0.00151009,0.0317114,0.405842,2.6158,0.0767031,0.0737524,0.0851238,2.84886,0.237732,0
167.369433107,2.59834,0.188996,0.000403142,0.0257127,0.959656,1.69784,0.0608424,0.683073,0.0117352,1.63889,0.118382,0
167.415873016,2.7731,0.140322,0.000917538,0.0216181,1.3763,0.877603,0.0633782,1.12121,0.0438033,0.307953,0,0.0823321
167.462312925,3.05846,0.0852019,0.00156241,0.0349604,1.46513,0.302654,0.0685401,1.43192,0.0566598,3.84924e-06,0,0.0445863
167.508752834,3.37842,0.0567072,0.00286968,0.00275921,1.44644,0.0924333,0.0699186,1.87046,0,0.000106385,9.73746e-05,0.0569066
167.555192744,3.61222,0.0320393,0.00385497,0,1.17068,0.0928954,0.0881342,1.95468,0,0.000214786,0.00037274,0.0141627
167.601632653,3.71711,0.00497819,0.00425118,0,0.800017,0.314182,0.0896223,1.55446,0,0.000290181,0.000518365,0
167.648072562,3.47736,0.00846095,0.0031058,0,0.583307,0.302817,0.133319,1.41183,0.0340856,0.606497,0.000476393,0
167.694512472,2.93849,0.0718722,0.000346003,0.0110182,0.449954,0.219444,0.170171,1.14982,0.159052,1.69855,0,0
167.740952381,2.03621,0.155552,0.000321604,0.0486357,0.467016,0.193504,0.113752,0.75903,0.253472,2.057,0.0445852,0
167.787392290,1.69683,0.173971,0.000643,0.082698,0.728416,0.267392,0.0342931,0.501765,0.17602,2.4262,0.0146235,0
167.833832200,1.84692,0.179914,0.000993456,0.0870134,0.82264,0.254664,0.016852,0.107681,0.146242,3.10191,0,0
167.880272109,2.15424,0.196473,0.0378764,0.0388762,0.975927,0.492791,0.0204016,0.0313,0.0735176,3.74074,0,0
167.926712018,2.27055,0.204981,0.000251629,0.00294105,0.997651,1.63347,0.143523,0.0319313,0.000479097,3.56077,0,0.000892324
167.973151927,2.19296,0.25074,0.000883225,0.000837435,0.720062,2.18196,0.219877,0.0138547,0.0163305,3.69465,0.074129,0.000402894
168.019591837,2.04672,0.294797,0.00128725,0.00569874,0.553327,2.37331,0.199793,0.0222443,0.0195218,4.04072,0.0234198,0
168.066031746,1.76914,0.252164,0.00645557,0.00746914,0.523439,2.38751,0.0589209,0.0298249,0.0200397,4.06716,0.000414888,0
168.112471655,1.63482,0.146564,0.00919314,0.0102095,0.512334,2.71449,0.00781581,0.201314,0.17412,3.65861,0.000874569,0
168.158911565,1.86934,0.151602,0.0054971,0.0152025,0.447149,2.8987,0.0107486,0.459229,0.455805,3.05141,0.00236505,0.00637041
168.205351474,1.78217,0.106524,0.0616687,0.0219371,0.366473,2.87664,0.0128423,0.643641,0.446969,2.28705,0.00484652,0.232077
168.251791383,1.66363,0.19976,0.00122669,0.0513185,0.835314,2.20608,0.00912221,1.73067,0.0417893,1.16036,0.125965,0.306075
168.298231293,2.23794,0.273919,0.029022,0.033761,1.0206,1.24512,0.000319811,1.73094,0,1.24719,0.00198428,0.0455032
168.344671202,2.44351,0.173546,0.074088,0.11854,0.949746,0.976473,0,1.94948,0,1.32131,0,0.0339552
168.391111111,2.52059,0.147848,0.491669,0.19555,0.815587,0.887026,0,2.25439,0.0248401,1.2208,0.0360619,0.0421108
168.437551020,2.17102,0.142096,0.738596,0.230275,0.471198,0.899077,0.0168301,2.47688,0.10082,1.06396,0.538039,0.0141649
168.483990930,2.17894,0.0920307,0.729257,0.190448,0.147892,0.919743,0.0611883,2.59128,0,1.15251,0.856396,0.0487063
168.530430839,2.53053,0.00277213,0.571504,0.108715,0,1.04838,0.38915,2.26018,0,1.49968,0.550004,0.0974722
168.576870748,2.40561,0.00273821,0.358634,0.00713262,0,2.36899,0.36392,1.33438,0.000849995,2.0095,0.125653,0.19531
168.623310658,2.35298,0.11584,0.182299,0.0116514,0.0394974,3.45575,0,0.185476,0.00185048,2.40824,0.0414757,0.246008
168.669750567,2.755,0,0.0834538,0.106053,0.17939,3.6058,0,0.119049,0.000737772,2.55379,0.104139,0.053125
168.716190476,2.6259,0,0.156217,0.0516912,0.151886,3.63666,0.124718,0.132956,0.103027,2.61696,0.0214837,0
168.762630385,2.68208,0.15128,0.231989,0.0359033,0.513556,2.65056,0.20446,0.0552919,0.105395,2.51416,0.10637,0
168.809070295,2.57599,0.214865,0.300593,0.10526,0.584877,2.94893,0.223443,0.374795,0.30991,1.4304,0.1504,0.306812
168.855510204,2.14592,0.409197,0.279774,0.594988,0.660945,3.09388,0.0405867,0.394218,0.47518,0.441119,0.0903051,0.348247
168.901950113,1.13854,0.683886,0.254088,0.90201,0.173846,3.2311,0.0278256,0.317997,0.670909,0.328571,0.310235,0.399891
168.948390023,0.954424,0.644353,0.215905,0.952065,0.120927,3.18565,0.0275027,0.15276,0.824858,0.519852,0.593026,0.315391
168.994829932,0.924454,0.185619,0.0370413,0.74967,0.229349,3.261,0.0287393,0.117066,0.818051,0.809184,0.656442,0.104887
169.041269841,1.1106,0.00228866,0.00136194,0.412139,0.403618,3.28482,0.0286271,0.0640074,0.425977,0.930327,0.816174,0.067446
169.087709751,1.31408,0.00259466,0.00150075,0.382028,0.475467,3.13464,0.0294815,0.082238,0.147578,0.884967,0.942383,0.160286
169.134149660,1.13884,0.00272044,0.00487713,0.658891,0.50594,2.74427,0,0.102233,0.226699,1.10207,1.21895,0.402341
169.180589569,0.755672,0.0018967,0.00558909,1.37783,0.0924618,2.6121,0,0.0629578,0.208371,1.21817,0.956413,0.630408
169.227029478,0.447893,0.00671787,0.00427488,1.61523,0.12028,2.4761,0.00203056,0.102356,0.0537342,1.13969,0.883422,0.44246
169.273469388,0.763067,0.0235294,0.436948,1.74486,0.0258201,2.10716,0,0.124913,0.00286218,1.15011,0.558613,0.132167
169.319909297,1.00572,0.0364322,1.09327,1.4769,0.0336369,1.73645,0.278769,0.0268118,0.00691888,0.990238,0.0667832,0.045777
169.366349206,1.04457,0.0478296,1.33463,1.14696,0.035891,1.01142,0.64473,0,0.0193905,0.43409,0.200224,0.125961
169.412789116,0.954722,0.0672894,1.13353,0.996088,0.034334,0.480628,1.24665,0,0.140396,0.0879914,0.151818,0.0762325
169.459229025,0.684747,0.351187,0.758492,0.990348,0.0328603,0.217302,2.29629,0.208133,0.206572,0,0.122014,0.348331
169.505668934,0.517356,0.550947,0.878486,0.94436,0.0296126,0.277285,3.2264,0.545919,0.0891049,0,0.145903,0.613215
169.552108844,0.535162,0.521529,1.01267,0.916781,0.0291582,0.272762,3.48716,0.741878,0.0295097,0,0.269968,0.686121
169.598548753,0.507527,0.310645,1.03037,0.773951,0.0346785,0.19639,2.91831,0.855797,0.102862,0,0.326677,0.667568
169.644988662,0.431653,0.132467,0.857191,0.769166,0.0511699,0.106019,1.87635,0.845302,0.162642,8.62485e-06,0.317528,0.781435
169.691428571,0.449332,0.0630208,0.521095,0.749557,0.0501092,0.205137,0.980154,0.750279,0.623859,0.00132069,0.287686,0.851356
169.737868481,0.768961,0.150822,0.61389,0.759971,0.0137929,0.331678,0.493926,0.728011,0.951655,0.0206179,0.162492,0.864227
169.784308390,1.37313,0.0599523,0.434669,0.990574,0.0243774,0.314997,0.296772,0.922355,0.923371,0.0961333,0.50034,0.712088
169.830748299,1.63148,0.112973,0.151318,1.68409,0,0.247183,0.16774,1.08714,0.62851,0.111242,0.781078,0.192186
169.877188209,1.44948,0.152239,0.116194,2.16189,0.00738697,0.134159,0.0864137,1.6839,0.166625,0.0691266,0.950022,0.0754055
169.923628118,1.02822,0.0803183,0.126868,2.21989,0.0382612,0.13723,0.0299646,2.40673,0.00167201,0.0812782,1.59339,0.0276886
169.970068027,0.411173,0.245233,0.174822,1.99064,0.0507843,0.297174,0.0605856,2.55247,0.000959364,0.111783,1.71509,0.00298161
170.016507937,0.332976,0.630738,0.138367,1.55874,0.0232233,0.329174,0.126054,2.30873,0.000329387,0.0907023,1.81458,0.0126404
170.062947846,1.2964,0.59877,0.220581,0.996015,0.13819,0.471169,0.052748,2.04738,0.03186,0.129743,1.59672,0.0609439
170.109387755,1.95473,0.368189,0.242942,0.556109,0.0653239,0.694729,0.0327797,2.10496,0.0606847,0.0540135,1.16955,0.141287
170.155827664,1.88486,0.252853,0.699295,0.704274,0.0196508,0.670661,0.0028108,2.31193,0.0121438,0.113434,1.40826,0.161054
170.202267574,1.65466,0.145681,0.989341,0.813145,0.0250068,0.76605,0.138356,2.60604,0.0118341,0.122149,1.33973,0.0951871
170.248707483,1.54692,0.297664,1.04437,0.73501,0.0336021,0.695548,0.188874,2.59248,0.01378,0.0984451,1.16387,0.0756049
170.295147392,1.6378,0.507853,0.999712,0.170422,0.208658,0.329661,0.181769,2.61294,0.022325,0.0595124,1.10624,0.195289
170.341587302,2.17001,0.449824,1.24996,0.000995693,0.566118,0.13635,0.090577,2.46252,0.357735,0.209458,0.858618,0.337925
170.388027211,2.25518,0.0772419,1.64891,0,0.695874,0.441316,0.0905634,2.19917,0.703606,0.494609,0.0522127,0.235217
170.434467120,2.07403,0.19365,1.72028,0,0.763386,0.446728,0.0965502,2.14728,0.439589,0.594009,0.0390921,0.232714
170.480907029,2.14533,0.251724,1.93997,0.0153382,0.95789,0.289916,0.107381,1.97086,0.0519472,0.549867,0.000145541,0.188924
170.527346939,2.10998,0.168973,1.85295,0.015478,0.844076,0.0610102,0.0821662,1.99488,0.0705903,0.43523,0,0.262406
170.573786848,2.23765,0.119123,1.71375,0.0138959,0.518772,0.0512414,0.0520926,1.875,0.288501,0.365551,0,0.269282
170.620226757,2.41409,0.209648,1.27133,0.0169529,0.393937,0,0.0717313,1.91147,0.32098,0.170757,0,0.269769
170.666666667,2.30835,0.0808664,1.18744,0.0343046,0.645657,0.282242,0.0594351,1.94405,0.536839,0.101385,0.0409397,0.241223
170.713106576,2.3283,0.16632,0.884167,0.0409581,0.480823,0.556754,0.0305095,2.01469,0.775614,0.128704,0.0820473,0.345086
170.759546485,2.31037,0.335352,0.420522,0.0452227,0.365092,0.645866,0.202976,2.03569,0.842471,0.229603,0.199285,0.423449
170.805986395,2.52352,0.102681,0.353114,0.25188,0.53557,0.414178,0.415071,1.69087,0.803312,0.244605,0.132243,0.502863
170.852426304,2.59974,0.24032,0.319448,0.00210532,1.13652,0.0784265,0.378778,1.9696,0.111168,0.237868,0.344945,0.415695
170.898866213,2.49309,0.198087,0.264019,0.0348287,1.40023,0,0.313315,2.1668,0.373946,0.12609,0.428864,0.355091
170.945306122,2.40265,0.102049,0.359184,0.057902,1.6054,0.00448017,0.144839,2.59486,0.505575,0.0581225,0.539653,0.400844
170.991746032,2.16287,0.0160192,0.542229,0.038682,1.80861,0,0.0455378,2.87363,0.294738,0.00713584,0.590796,0.548622
171.038185941,2.38131,0.00350391,0.496877,0,1.6866,0,0.0573234,2.87995,0.0407899,0,0.581829,0.635296
171.084625850,2.63428,0.0206799,0.548948,0.00801295,1.52636,0,0.0894422,2.82199,0,0.0274138,0.599543,0.408223
171.131065760,2.53715,0.170968,0.494617,0.0160257,1.47332,0,0.124385,2.79001,0.0120222,0.0045748,0.436018,0.329988
171.177505669,2.47129,0.550693,0.418412,0.0120002,1.72397,0.109675,0.367871,2.36149,0.195009,0.00842365,0.252112,0.105631
171.223945578,3.31642,0.425697,0.314823,0.00895332,1.85254,0.0346022,0.0187488,2.15436,0.250266,0.121945,0.308691,0.0201771
171.270385488,3.94427,0.253886,0.192299,0.0099483,1.79904,0.101864,0.0189966,2.33637,0.137531,0.182672,0.351411,0.0109929
171.316825397,4.05876,0.28051,0.175328,0.0102616,1.57194,0.451982,0.0175127,2.36628,0,0.591582,0.408769,0.00373535
171.363265306,3.87962,0.249061,0.156136,0,1.39897,0.744605,0.0200268,2.46941,0,0.624606,0.361031,0.143094
171.409705215,3.89629,0.129384,0.142367,0,1.38661,0.716607,0.0727337,2.31401,4.8012e-05,0.607199,0.279866,0.264501
171.456145125,3.94535,0.048341,0.210255,0,1.24945,0.520187,0.129917,2.31869,0.0538914,0.519702,0.238342,0.185596
171.502585034,4.02546,0.00726453,0.247588,0.00148845,1.15792,0.457224,0.16014,2.3074,0.249479,0.414943,0.221377,0.0019074
171.549024943,4.10913,0.00359683,0.245243,0.00293426,1.15936,0.598969,0.107402,2.13089,0.42036,0.268158,0.115101,0.00108466
171.595464853,4.18568,0.00568479,0.232583,0.00639462,1.10824,0.721127,0.0434846,2.06096,0.283752,0.406598,0.037348,0
171.641904762,4.27037,0.0854058,0.225489,0.013639,0.972406,0.736004,0.0159696,2.10936,0.000945668,0.79662,0.0417057,0
171.688344671,4.19754,0.0808466,0.328676,0.0161452,0.885102,0.556358,0.0218727,2.19594,0.00124529,1.04065,0.0915752,0.0032347
171.734784580,3.85774,0.0561994,0.478486,0.015211,0.817168,0.321203,0.135112,2.16859,0.00202836,1.1644,0.294034,0.0036431
171.781224490,3.50617,0.063971,0.555655,0.0073199,1.03792,0.102138,0.170965,2.14414,0.0012059,1.18466,0.463704,0
171.827664399,3.47659,0.0960227,0.622858,0,1.26483,0.0275315,0.170945,2.03631,0,0.895534,0.593084,0
171.874104308,3.56346,0.213651,0.647284,0.000238003,1.49415,0.0198065,0.202852,2.20972,0,0.0948766,0.589169,0
171.920544218,3.68373,0.190199,0.562592,0.00270686,1.40121,0.00559965,0.625013,2.3366,0,0.0362316,0.444507,0.00784621
171.966984127,3.53367,0.10836,0.461753,0,1.13516,0.0202245,0.8479,2.1289,0.452149,0.0564821,0.433858,0.0407212
172.013424036,3.25434,0.104539,0.502808,0,0.946132,0.026803,0.753916,1.58041,0.770689,0.00993534,0.581194,0
172.059863946,2.96711,0.203381,0.602055,0,0.941265,0.0392738,0.354301,1.14372,0.750633,0.0130254,0.810276,0
172.106303855,2.98211,0.23768,0.590869,0,1.32686,0.0449325,0.31205,0.89054,0.648185,0.0124757,0.874053,0
172.152743764,3.29039,0.177402,0.446524,0.00128292,1.50763,0.140696,0.265398,0.987032,0.656492,0.0114057,0.879943,0
172.199183673,3.70602,0.169914,0.231464,0.0107709,1.57145,0.107826,0.231338,1.14988,0.681377,0.00760835,0.86168,0
172.245623583,3.9572,0.20644,0.224551,0.0132111,1.49049,0.00976017,0.164776,1.75808,0.443566,0.000775525,0.809594,0
172.292063492,3.96433,0.188855,0.237603,0.0128592,1.48352,0.0244823,0.0156275,2.2379,0.0230981,0,0.753923,0
172.338503401,3.93782,0.112038,0.35933,0.000481343,1.45326,0.0303006,0.192461,2.28096,0,0,0.666542,0
172.384943311,3.79427,0.0794275,0.432421,0,1.3173,0.0376913,0.0615445,2.2977,0,0,0.658019,0
172.431383220,3.6147,0.132381,0.463004,0.00294949,1.07235,0.0215079,0.0444408,2.29149,0,0.149925,0.664441,0.0270709
172.477823129,3.62037,0.150168,0.236186,0.00301047,1.11034,0.339666,0.0938703,2.32489,0,0.384278,0.606774,0.0367055
172.524263039,3.66403,0.125934,0.25485,0.00746912,1.23702,0.741417,0.26879,2.14265,0,0.310838,0.50653,0.0221244
172.570702948,3.59199,0.115766,0.251376,0.11486,1.54145,0.862293,0.660244,1.8786,0,0.0117814,0.451365,0.00594646
172.617142857,3.40665,0.287285,0.335277,0.0339206,1.71965,0.429597,0.281559,2.04337,0,0.0950219,0.584883,0.112975
172.663582766,3.40438,0.26666,0.251404,0,1.70194,0.0197239,0.0570252,2.21594,0.0934282,0.0925501,0.756238,0.0994778
172.710022676,3.37669,0.174497,0.236819,0,1.7892,0.0168018,0.074488,2.29979,0.146159,0.0546247,0.823417,0.0366053
172.756462585,3.5973,0.0863246,0.216036,0,1.79778,0.353708,0.077777,2.21348,0.086347,0.0538129,0.777999,0.00163816
172.802902494,3.66312,0.0671977,0.239209,0.00648218,1.87734,0.474452,0.107813,2.15419,0.0326112,0.0516238,0.768245,0.0120345
172.849342404,3.61828,0.160492,0.256933,0.011034,1.69079,0.138554,0.0948203,2.07322,0,0.0864378,0.656655,0.00739786
172.895782313,3.4791,0.341,0.250015,0.00519444,1.3959,0.0296447,0.114741,1.93569,0.0697609,0.16397,0.52139,0.000304234
172.942222222,3.39443,0.415835,0.227321,0.000598176,1.6285,0.0307847,0.13898,1.80892,0.410455,0.169007,0.618028,0.000254087
172.988662132,3.49347,0.215137,0.232354,0,1.77851,0.0355781,0.147308,1.71236,0.636373,0.194004,0.622517,0.000201867
173.035102041,3.73765,0.119116,0.236027,0,1.77329,0.038936,0.129936,1.65036,0.836745,0.131447,0.483839,6.434e-05
173.081541950,3.96844,0.0992322,0.186011,0,1.75106,0.129519,0.0540639,1.66452,0.873688,0,0.186378,0
173.127981859,3.87134,0.0174915,0.0602177,0,1.34396,0.244947,0.155754,1.80658,0.64011,0.390217,0.0114855,0
173.174421769,3.72234,0.00123775,0.172419,0.241928,0.66967,0.443974,0.215948,1.66036,0.136238,0.567143,0.00253416,0.0146424
173.220861678,3.44439,0.00101755,0.33875,0.397928,0.182526,0.597613,0.196993,1.60097,0.0277095,0.406164,0.00176396,0
173.267301587,3.41073,0.0136094,0.43191,0.421593,0.0751452,0.569351,0.0769947,1.46429,0.0268065,0.269213,0.00177032,0
173.313741497,3.51047,0.0395991,0.560026,0.355062,0.0888659,0.411448,0.092875,1.12226,0.0186155,0.0950574,0.00179259,0
173.360181406,3.38841,0.0611399,0.919071,0.240411,0.148792,0.147906,0.0690318,1.28672,0.0227651,0.0709754,0.0447836,0
173.406621315,3.28792,0.0576199,0.782843,0.250895,0.752179,0.162957,0.128804,1.03475,0,0.289924,0.0021734,0
173.453061224,3.0766,0.0665255,0.637064,0.505597,1.16038,0.313125,0,0.723204,0.632768,0.0537271,0.00197317,0.342384
173.499501134,2.92935,0.026208,0.466453,0.581653,1.33796,0.377298,0,0.672832,0.905581,0.0421739,0.0013471,0.223039
173.545941043,2.98987,0.00313108,0.124922,0.872,1.2594,0.249234,0,0.802905,0.821954,0.528174,0.000623534,0.166185
173.592380952,2.96162,0.00776127,0.00317416,1.25471,0.823957,0.0839904,0,1.22162,0.397958,1.42857,0.00795955,0
173.638820862,2.62922,0.0221249,0.0026277,1.51985,0.436919,0,0,1.54471,0.098823,1.70783,0.100458,0
173.685260771,2.08937,0.0440473,0.000648883,1.71955,0.403646,0,0,1.57807,0.120243,1.90461,0.0892682,0
173.731700680,1.75926,0.191247,0,1.95988,0.394952,0,0,1.3242,0.0554996,2.04926,0.21435,0
173.778140590,1.76272,0.275706,0,2.03087,0.382997,0.0293666,0.0182987,1.04167,0.0124724,1.97283,0.261624,0
173.824580499,2.01607,0.412098,0,1.98915,0.434947,0.0280804,0.0255777,1.0631,0.0230187,1.89679,0.242055,0
173.871020408,2.22391,0.749125,0.0451242,1.89975,0.468446,0.00451502,0.0325136,1.04819,0.031989,1.84377,0.234561,0
173.917460317,2.22614,1.36478,0.029743,1.66559,0.51441,7.94753e-05,0.0262157,1.25198,0.0643721,1.63706,0.19937,0
173.963900227,1.95825,2.03164,0.000705301,1.39561,0.52538,0.0573852,0,1.46927,0.246075,1.34424,0.209141,0
174.010340136,1.67046,2.36262,0,1.56525,0.522856,0.0699275,0,1.41178,0.492987,1.13158,0.214732,0
174.056780045,0.985635,2.42415,0.0550201,1.39939,0.307405,0.0800041,0.0213765,1.42252,0.819701,0.852601,0.417867,0
174.103219955,0.461901,2.48221,0.340954,1.14437,0.112623,0.18444,0.0113812,1.76294,1.05975,0.438315,0.625641,0
174.149659864,0.242394,2.58765,0.49012,1.0466,0.0389919,0.225958,0.0134863,2.09112,1.22666,0.358378,0.732398,0.00646439
174.196099773,0.339225,2.65102,0.454844,1.09653,0.0323217,0.101502,0.0532878,2.51977,0.782565,0.496287,0.694845,0.0200761
174.242539683,0.523908,2.52317,0.516092,1.13239,0.0973845,0,0.156641,2.72598,0.260973,0.532504,0.692682,0
174.288979592,0.630494,2.28244,0.448329,0.98474,0.271,0,0.116164,3.00857,0.159023,0.44467,0.783022,0
174.335419501,0.733322,1.60161,0.443915,0.922566,0.3508,0.0534892,0.0538021,2.97668,0.329649,0.0160918,0.659453,0
174.381859410,0.968827,1.07422,0.390133,0.865868,0.254043,0.19688,0.00966764,2.6209,0.627561,0.0390484,0.653625,0
174.428299320,1.13932,0.748954,0.00240475,1.3167,0.24808,0.66151,0.00373122,2.14468,0.589218,0.0780125,1.01467,0
174.474739229,0.961978,0.426234,0,2.09477,0.230488,0.806989,0.00909188,1.6006,0.119603,0.298495,1.3869,0
174.521179138,1.00691,0.32917,0,2.25113,0.337702,0.571145,0.0950017,1.26976,0.0353128,0.455344,1.6707,0
174.567619048,1.23044,0.334761,0.069211,2.15644,0.388035,0.257146,0.151178,1.15988,0.0557138,0.398259,1.77033,0
174.614058957,1.43098,0.377871,0.160577,2.06479,0.450341,0.287162,0.0515129,1.53468,0.0673245,0.0163157,1.67308,0.0317917
174.660498866,1.79003,0.332253,0.388962,2.01019,0.416531,0.244916,0,1.97787,0.0175229,0.0493431,1.12428,0
174.706938776,1.84009,0.197529,0.565185,2.01053,0.505171,0.10339,0.0227373,2.03457,0.0023739,0.307951,0.795547,0
174.753378685,1.63059,0.177834,0.678745,2.02189,0.417547,0.186492,0.0262638,1.64602,0.171734,0.649706,0.914315,0
174.799818594,0.78929,0.595993,1.47946,1.90538,0.370485,0.661212,0.0224088,1.36545,0.586361,0.689196,1.09648,0.153477
174.846258503,0.127592,0.90884,2.03556,1.18032,0.321823,0.362303,0.0227602,1.02314,0.599516,0.675937,1.74573,0.205148
174.892698413,0.517315,0.207414,2.82789,0.0749115,0.138703,0.352616,0.02744,0.698774,0.942128,0.444776,1.62361,0.0621874
174.939138322,0.634778,0.247835,2.99187,0.187092,0.0583808,0.273745,0.0384177,0.684958,0.627499,0.575629,1.14505,0
174.985578231,0.766905,0.31649,3.20504,0.088587,0.0267291,0.0320597,0.0439183,0.718297,0.58254,0.945167,0.482992,0
175.032018141,0.899055,0.098665,3.38925,0,0.00849983,0.0442913,0.0577353,1.03497,0.852506,0.973501,0.0437474,0
175.078458050,1.30345,0.0736655,3.49603,0,0.211492,0.0363739,0.0567221,1.24103,0.76756,0.942594,0.0156342,0
175.124897959,1.52488,0.0628934,3.35965,0.00834621,0.158649,0.0298444,0.0517559,1.3213,0.323081,1.10665,0.0255375,0
175.171337868,1.56397,0.179307,2.94394,0.00430831,0.218994,0.0373898,0.0446114,1.23617,0,1.14283,0.0447,0
175.217777778,1.36384,0.748799,2.06672,0,0.234452,0.0450337,0.0810983,1.2182,0.00461757,1.10634,0.0588335,0
175.264217687,1.28816,1.2886,1.56744,0.00650471,0.00713207,0.0579197,0.138425,1.48648,0.107379,1.01266,0.0458659,0.023138
175.310657596,1.37078,2.00927,1.56219,0.0434455,0,0.0700607,0.157337,1.64866,0.239721,0.56182,0.00844052,0.12539
175.357097506,1.24309,2.4559,1.15229,0.0398192,0,0.0590787,0.183021,1.72783,0.348433,0.457182,0.0856306,0.00798933
175.403537415,1.12674,2.12878,0.433968,0.0323328,0.056764,0.100175,0.187308,1.64321,0.48445,0.600389,0.167566,0
175.449977324,1.71749,1.80833,0.191782,0,0.138644,0,0.0124728,1.30979,0.365938,0.688912,0.279883,0
175.496417234,2.9597,1.27337,0.16541,0.0083873,0.153803,0,0.0276426,0.536964,0.35995,0.711734,0.237255,0.0301548
175.542857143,3.47257,0.936446,0.545369,0.0109331,0.19467,0.0653007,0.0503146,0.597995,0.291165,0.597967,0.22006,0
175.589297052,3.5974,0.274089,1.27658,0.0172963,0.22688,0.154092,0,0.559139,0.489702,0.507369,0.232663,0
175.635736961,3.39077,0.116288,1.63152,0.0273607,0.236773,0,0,0.558261,0.222867,0.86635,0.225546,0
175.682176871,3.25361,0.00219755,1.76436,0.0794991,0.451157,0.0150818,0.0642988,0.820828,0,0.713545,0.244877,0.0713598
175.728616780,3.65448,0.00276399,1.56089,0.0423497,0.502865,0.064616,0.0411194,0.922951,0,0.853827,0.175149,0.0915697
175.775056689,3.7302,0.00230232,1.14043,0.0100288,0.470431,0.572873,0.016857,1.0088,0.391659,0.564852,0.0612187,0.110877
175.821496599,3.7108,0.0546872,0.624179,0,0.685556,0.707987,0.00582554,0.915366,0.712506,0.319604,0.203649,0.0665309
175.867936508,3.91294,0.110456,0.164581,0.00086565,1.05962,0.702999,0.0674951,1.11716,0.673793,0.217522,0.253395,0.0187499
175.914376417,4.07912,0.169973,0.184145,0.00900323,1.39178,0.511014,0.0030641,1.23909,0.480214,0.247852,0.308108,0.0127297
175.960816327,3.96063,0.11346,0.156573,0.0120508,1.66918,0.0746404,0.00231449,1.42811,0.187396,0.374664,0.271787,0.010268
176.007256236,3.75682,0.0863834,0.113349,0,1.76056,0.0356178,0.0110846,1.6682,0.0554401,0.139425,0.194155,0
176.053696145,3.8839,0.143654,0.133068,0,1.63626,0.0428799,0.0151213,1.64808,0.0338881,0.0857456,0.0958518,0
176.100136054,4.20714,0.175215,0.18497,0,1.28538,0.0798452,0.0170636,1.57536,0.0320641,0.184751,0.0533343,0
176.146575964,4.34733,0.140139,0.362051,0,0.87721,0.10947,0.0161337,1.77892,0.0339038,0.236838,0.0660846,0
176.193015873,4.31022,0.0458201,0.423451,0,0.741471,0.0152025,0.012212,1.96238,0.054006,0.285874,0.0640843,0
176.239455782,4.27269,0.0571838,0.708178,0,0.570191,0.117796,0.00410211,1.30803,0.0255079,0.549082,0.0492289,0
176.285895692,4.21239,0.148362,0.811823,0.00513541,0.55149,0.0726804,0.00110381,1.19107,0.0105194,0.864066,0.040409,0
176.332335601,4.11543,0.14688,0.800608,0.0131329,0.559885,0.0832701,0.000919996,1.08392,0.00734541,0.974913,0.0478636,0.000776736
176.378775510,3.96694,0.102704,0.559572,0.0147549,0.578304,0.287553,0.00350564,1.33302,0.00257643,1.01285,0.0499403,0.00133633
176.425215420,3.85584,0.0664805,0.271283,0.0137679,0.566409,0.424836,0.00851775,1.63636,0.00425285,1.04239,0.132325,0
176.471655329,3.92381,0.0919234,0.121051,0.00759646,0.49894,0.436698,0.00994313,1.75609,0.00933577,1.03551,0.232266,0
176.518095238,3.87102,0.124933,0.0898059,0.000107951,0.50461,0.508261,0.00924917,1.75424,0.0107876,1.03496,0.430295,0
176.564535147,3.77024,0.123998,0.0921271,0,0.52443,0.652832,0.0873386,1.66017,0.00807395,0.979498,0.462146,0
176.610975057,3.35521,0.0034861,0.154144,0,0.526187,0.576062,0.0897765,1.55445,0.269157,0.494172,0.359708,0
176.657414966,3.11489,0.00341557,0.158093,0,0.819737,0.253488,0.0112747,1.09781,0.779322,0.214743,0.233595,0.00325709
176.703854875,3.0448,0.00881347,0.212761,0,1.25088,0.112185,0.0137171,0.917195,0.932287,0.364969,0.175441,0.00143918
176.750294785,3.1701,0.0206923,0.285203,0,1.41153,0,0.0161789,0.713696,0.945122,0.269876,0.412921,0
176.796734694,3.36477,0.00468576,0.296566,0,1.39002,0,0.0158736,0.601895,0.933464,0.183546,0.476983,0
176.843174603,3.38888,0.00423161,0.250842,0,1.23187,0.0645682,0.0157623,0.968803,0.832347,0.151505,0.417541,0.0314729
176.889614512,3.30414,0.00360334,0.234007,0.00477661,0.897345,0.0671251,0.0157174,1.24708,0.506192,0.328797,0.310197,0.159
176.936054422,3.10609,0.132957,0.28844,0.016462,0.804389,0.00449382,0.0415395,1.26104,0.290514,0.336193,0.10946,0.525513
176.982494331,2.94476,0.159922,0.300563,0.0141882,1.0553,0.0294301,0.0743601,1.14248,0.431439,0.247403,0.0590077,0.762548
177.028934240,3.11171,0.165047,0.247067,0.00780338,1.1632,0.0399135,0.0729767,0.854853,0.410132,0.307456,0.13074,0.64567
177.075374150,3.71,0.15069,0.168857,0.00848362,1.20522,0.0326595,0.10311,0.61909,0.0303536,0.144782,0.24895,0.471069
177.121814059,3.85745,0.158979,0.178754,0.0875415,1.16997,0.108348,0.0965423,0.401415,0,1.37361,0.148172,0.317561
177.168253968,3.02204,0.0271446,0.270254,0.0151117,1.27994,0.0340247,0.0781645,0.366354,0.0532515,2.60968,0.12035,0.397832
177.214693878,2.0268,0.114838,0.30579,0.0427208,1.44015,0.149598,0.0616817,0.432162,0,2.89233,0,0.101641
177.261133787,1.86706,0.300384,0.186422,0.0589837,1.5763,0.0619044,0.0444807,0.387511,0,3.27529,0,0.055108
177.307573696,1.9259,0.414979,0.407662,0.0408025,1.7628,0,0.0270937,0.326289,0.0471722,3.45855,8.1532e-05,0
177.354013605,1.98654,0.464009,0.771844,0,1.69529,0.00320779,0.0134709,0.217811,0.16892,3.54793,0.108224,0
177.400453515,2.00246,0.439056,0.796717,0,1.63618,0.0140121,0.00543864,0.201703,0.25482,3.56599,0.0358558,0
177.446893424,1.90877,0.33095,0.686906,0,1.77148,0,0.00570692,0.223109,0.325611,3.63446,0,0.00908526
177.493333333,1.7695,0.0995676,0.805197,0.00159424,1.67955,0.249224,0,0.112303,0.646473,3.61323,6.02453e-07,0.00605643
177.539773243,1.74513,0.0691464,0.871027,0,1.36323,0.285932,0.0619713,0.0917894,0.682136,3.53798,0.221577,0.00858057
177.586213152,2.05095,0.111721,0.598622,0.00260837,0.898717,0.270766,0.0597443,0.0563034,0.669952,3.44547,0.382283,0.00903936
177.632653061,2.21229,0.114524,0.408645,0.00336602,0.776363,0.0666161,0.0226527,0.0779363,0.690304,3.63729,0.211592,0.00860652
177.679092971,1.933,0.0505461,0.418301,0,0.49237,0.0214918,0.0164516,0.184194,0.538602,3.93815,0.00984385,0.011307
177.725532880,1.82511,0.00326869,0.386929,0,0.401529,0.0263525,0.0319898,0.39469,0.247281,3.80404,0.0510182,0.0109656
177.771972789,1.79429,0.0269233,0.776155,0,0.990948,0.0309101,0.00659338,0.520063,0.162047,2.8291,0.39075,0.0277808
177.818412698,1.78187,0.125127,0.966509,0.0203038,1.3771,0.0283049,0.0891484,0.726242,0.0816001,1.80303,1.30906,0.0334902
177.864852608,1.56888,0.0864228,0.936095,0.113677,1.64779,0.0339106,0.281549,0.567319,0,0.93061,2.16103,0
177.911292517,1.31862,0.045944,0.937566,0.12178,1.64493,0.034044,0.246505,0.346435,0,0.71226,2.54328,0
177.957732426,1.15702,0.000379277,1.10892,0.171177,1.51229,0.0265734,0.0422581,0.303479,0.00720144,0.344689,2.30967,0.122179
178.004172336,0.911045,0.00184925,0.974975,0.201043,1.23384,0.00731119,0.0401964,0.458026,0.278355,0.470745,1.13612,1.63055
178.050612245,1.09374,0,1.16389,0.765042,0.756462,0.0836953,0.0408077,0.46399,0.295194,0.540825,0.290125,2.32621
178.097052154,1.3886,0.00712581,0.670642,1.24377,0.309933,0.175529,0.0485769,0.39577,0.030159,0.891343,0.0021657,2.33456
178.143492063,1.39269,0,0.480387,1.18217,0.577964,0.241897,0.173227,0.508948,0.162557,1.06619,0.00222929,0.832623
178.189931973,1.66709,0,0.339714,1.29282,1.05323,0.163681,0.0637749,0.883168,0.212222,1.1333,0.00229654,0
178.236371882,2.13912,0,0.02142,1.64656,0.867064,0.0727805,0.00552251,0.723495,0.201662,1.86997,0.00129201,0
178.282811791,2.58395,0.000790726,0.00345984,1.86497,0.550333,0.052271,0.00134032,0.579429,0.139991,2.33022,0.0412552,0
178.329251701,2.53123,0.00261011,0.00483471,2.04439,0.291246,0.219455,0,0.554296,0.0170139,2.61874,0.138799,0
178.375691610,2.38443,0.00196875,0.0037688,2.1712,0.15465,0.484481,0,0.603381,0,2.52918,0.0746781,0
178.422131519,2.32039,0.00224148,0.00132377,2.23895,0.169721,0.593898,0.00840309,0.568952,0,2.10026,0.147595,0
178.468571429,2.47323,0.000136404,0.000987607,2.15126,0.170664,0.644842,0,0.526927,0.139669,2.11694,0.151584,0
178.515011338,2.76068,0,0.0421349,1.80161,0.444344,0.544771,0,0.461625,0.5703,1.94408,0.19214,0
178.561451247,3.08797,0,0.0573538,1.72993,0.428863,0.377705,0,0.474807,0.633253,2.09785,0.151121,0
178.607891156,3.15638,0,0.0411747,1.43908,0.150014,0.195062,0,0.481126,0.566695,2.22117,0.133932,0
178.654331066,3.13615,0.0191159,0.0281055,1.31682,0.205487,0.0491083,0,0.504603,0.0215284,2.45042,0.0458056,0
178.700770975,2.6905,0.0584777,0.791853,0.748601,0.153244,0.134917,0,1.12785,0.0762341,2.09145,0.0550645,0
178.747210884,2.20775,0.067131,0.825955,1.09215,0.0734761,0.062989,0,1.39673,0.0133098,1.92068,0.30263,0
178.793650794,1.91616,0.0731933,0.972539,1.35367,0.0174245,0.110641,0.00545187,1.15286,0.0321272,1.65456,0.160016,0
178.840090703,1.7003,0.070965,0.973486,1.6206,0.0145497,0.220584,0.0220049,1.02136,0.0684339,1.76224,0.00558906,0.0274618
178.886530612,1.8334,0.0521732,0.670548,1.67533,0.0376173,0.20994,0.00680604,1.15194,0.0363326,2.16548,0.0957064,0.0511684
178.932970522,1.61064,0.24662,0.856888,1.4504,0.02678,0.029251,0.00648929,1.24847,0.0549864,2.23087,0,0.0876213
178.979410431,1.1115,0.418718,0.654132,1.16401,0.0210706,0.0325037,0.00850591,1.4059,0.0659231,1.95744,0.334142,0.117057
179.025850340,1.20482,0.705818,0.0741643,1.55046,0.189337,0.0233668,0.0115689,1.491,0.123786,1.23757,0.600449,0.0730225
179.072290249,1.29379,1.12876,0.00357127,1.91925,0.284778,0.106009,0.00184907,1.12834,0.153262,0.915748,0.64269,0.0265272
179.118730159,1.16595,1.43036,0.00381529,1.99733,0.159902,0.759351,0.00498938,0.878738,0.168394,1.23282,1.37932,0.0750445
179.165170068,1.30462,1.44205,0.00558795,1.8869,0.0882752,1.0299,0,0.785651,0.16362,1.6433,1.61332,0.135889
179.211609977,1.45488,1.23001,0.0194346,1.56372,0.113118,1.16476,0,0.743588,0.12826,1.8204,1.30125,0.783797
179.258049887,1.59091,0.922951,0.240038,1.32309,0.242303,0.866107,0,1.01677,0.0793036,1.57615,1.42923,0.929118
179.304489796,1.99813,0.542574,0.293711,0.887291,0.455614,0.573926,0,1.56919,0.0536869,0.920566,1.40746,0.50257
179.350929705,2.30337,0.219227,0.212772,0.760353,0.538427,0.367504,0.0107454,1.63477,0.0409118,0.941821,0.837271,0.0986743
179.397369615,2.12012,0.134359,0.230397,0.699462,0.432187,0.634121,0.109832,1.27159,0.0293258,1.1467,0.720118,0.0916456
179.443809524,1.68323,0.14335,0.276417,0.904962,0.234308,0.561296,0.127231,0.731509,0,1.33312,0.66039,0.311779
179.490249433,1.18158,0.144701,0.77437,0.764407,0.0981728,0.665587,0.106737,0.550904,0,1.61383,0.374907,0.451528
179.536689342,1.28869,0.301588,1.26366,0.368726,0.127054,0.553482,0.106744,0.360289,0.0351371,1.25323,0.035202,0.41788
179.583129252,1.48611,0.425272,1.03671,0.0946304,0.0211033,0.149461,0.159264,1.09082,0.389761,1.03443,0.11043,0.334957
179.629569161,1.62671,0.408403,0.754878,0.0946465,0.0300323,0.0105561,0.338945,0.857062,0.559036,1.41585,0.133998,0
179.676009070,1.48458,0.613663,0.533815,0.0644744,0.0340339,0.00691327,0.350697,0.860297,0.481005,1.51915,0.225232,0
179.722448980,1.49434,0.791474,0.314593,0.00109274,0.0308436,0.00342588,0.377258,0.998313,0.122948,1.9816,0.216724,0
179.768888889,1.58685,0.838328,0.306712,0,0.0193367,0.123802,0.388435,1.19132,0.0530894,2.00005,0.0737295,0.132791
179.815328798,1.53626,0.930988,0.360343,0.0100966,0.0108662,0.225486,0.375967,1.21908,0.0597539,1.87233,0,0.174939
179.861768707,1.65374,1.70364,0.506807,0.0155797,0,0.172928,0.306279,0.931883,0.245675,1.53054,0,0.15482
179.908208617,1.62429,2.47837,0.545244,0.0161783,0.000143222,0.030904,0.372754,0.602309,0.337923,1.37361,0,0.00395046
179.954648526,1.60437,2.85402,0.455089,0.01112,0.0224547,0.0214842,0.340985,0.693085,0.343081,1.51396,0.0606169,0
180.001088435,1.4668,2.43598,0.243094,0.267983,0.0333235,0.0421283,0.216396,0.599684,0.33218,1.94523,0.0450029,0
180.047528345,1.84128,1.50598,0.122491,0.16259,0.0426259,0.1132,0.000307277,0.64359,0.301099,2.07089,0.105691,0.010622
180.093968254,2.42825,0.551844,0.0311509,0.000468085,0.427162,0.0209097,0.00582557,0.210718,0.771055,1.9929,0.328431,0.00445527
180.140408163,2.76685,0.227385,0.00396568,0,0.572503,0.283675,0.000643514,0.0724126,0.991329,1.55115,0.254139,0.00701305
180.186848073,3.33543,0.165322,0.0903505,0,0.416487,0.411478,0.0324806,0.248428,0.863733,1.17324,0.143699,0.00492395
180.233287982,3.88563,0.0988441,0.176557,0,0.382584,0.208435,0.120805,0.380281,0.35463,1.15063,0.149117,0
180.279727891,4.10305,0.090052,0.187082,0,0.478851,0.074329,0.094097,0.892313,0.0616893,1.10591,0.201469,0
180.326167800,4.23613,0.139491,0.146393,0,0.846284,0.0512061,0.0395317,0.899141,0.0696756,1.08482,0.284887,0
180.372607710,4.1397,0.15083,0.292477,0.00359489,1.08328,0.267114,0.092727,0.591537,0.175543,0.817392,0.295405,0.0263792
180.419047619,3.96783,0.254077,0.340731,0.00275829,1.18548,0.491329,0.0831796,0.641242,0.202954,0.551652,0.154649,0.0470087
180.465487528,4.00806,0.0842794,0.204163,0,1.31928,0.493906,0.00646219,0.74681,0.283915,0.462996,0.0599265,0.043866
180.511927438,4.01759,0.199693,0.206737,0,1.47902,0.299306,0.00879815,0.859168,0.271793,0.303866,0.165997,0.0114376
180.558367347,4.10358,0.192346,0.20329,0,1.46033,0.188122,0.010777,0.780032,0.370556,0.360206,0.286016,0.0210537
180.604807256,4.22858,0.156947,0.168843,0.00642634,1.59495,0.124596,0.0110392,0.990638,0.391131,0.633999,0.368591,0
180.651247166,4.33731,0.101095,0.160017,0.0131064,1.72108,0.0200968,0.0151528,1.42454,0.145961,0.855312,0.356378,0.00062717
180.697687075,4.43505,0.0763858,0.167048,0.0179064,1.74626,0.00496011,0.010605,1.64038,0.0605884,0.813302,0.295308,0.003743
180.744126984,4.39009,0.12278,0.165708,0.0188495,1.63757,0,0.00936903,1.58726,0.0402521,0.656987,0.240497,0
180.790566893,4.24035,0.175751,0.172762,0.0177851,1.38946,0,0.0161138,1.37255,0.0245211,0.624146,0.182572,0
180.837006803,4.04917,0.207674,0.206923,0.014499,1.29404,0,0.0196891,1.18245,0.401127,0.674908,0.0836298,0
180.883446712,3.9481,0.185042,0.237993,0.0107656,1.36554,0,0.00522771,0.985304,0.726049,0.507431,0.0408353,0.00420782
180.929886621,3.81231,0.218825,0.24759,0.0116202,1.29929,0.00742507,0.00465227,0.913308,0.70877,0.5594,0.0385436,0.00377041
180.976326531,3.68376,0.260135,0.238198,0.0146924,1.05478,0.0141831,0.00436193,1.03262,0.416841,0.927002,0.0305205,0
181.022766440,3.72226,0.239354,0.218725,0.0117229,0.759832,0.000214423,0.00617139,1.30885,0.109744,1.12306,0.0405657,0
181.069206349,3.76824,0.193366,0.207245,0.00989249,0.811842,0.0243944,0.00676864,1.38148,0.295877,0.899361,0.0642217,0.00117302
181.115646259,3.79002,0.0911443,0.188386,0,0.86341,0.0198756,0.00768195,1.3568,0.522274,0.680625,0.0733581,0.000329417
181.162086168,3.69754,0.384891,0.137625,0.00833387,0.844634,0,0.00554981,1.42273,0.319972,0.705871,0.0827228,0
181.208526077,3.58247,0.300429,0.116249,0,0.877904,0.0161593,0.556847,1.43222,0.00527632,0.674182,0.0769839,0
181.254965986,3.26528,0.24439,0.187211,0,1.1113,0.277419,0.506524,0.779328,0.547858,0.295105,0.074549,0.0123556
181.301405896,2.91896,0.33845,0.322735,0,1.25693,0.192589,0.217487,0.670652,0.908357,0.480218,0.413705,0.0711892
181.347845805,2.92939,0.397548,0.378485,0,1.49821,0.16733,0.11699,0.666562,0.907276,0.601852,0.521055,0.0616537
181.394285714,3.07255,0.358858,0.379666,0,1.56166,0.239798,0.080672,0.666519,0.624474,0.68259,0.473764,0.013953
181.440725624,3.22539,0.208698,0.282129,0,1.70713,0.283464,0.0491691,1.05793,0.267653,0.712067,0.385665,0
181.487165533,3.35542,0.0122686,0.263105,0,2.11677,0.172196,0.0483614,1.67782,0.0276419,0.473162,0.271176,0.305115
181.533605442,3.24715,0.0271821,0.256476,0.00489841,2.31404,0.0486139,0.0382091,1.74269,0.0382967,0.000519728,0.511141,0.654528
181.580045351,3.09396,0.0208822,0.226664,0,2.06711,0.019907,0.0327592,1.57114,0.133915,0.000824164,1.36778,0.461408
181.626485261,3.40951,0.109495,0.209863,0,1.8234,0.0152794,0.0320731,1.2343,0.0135214,0.0610519,1.51495,0.00228318
181.672925170,3.52638,0.265679,0.12534,0.0910766,1.35085,0.0112221,0.0461103,0.934466,0.0277638,0.279696,1.10422,0
181.719365079,3.57864,0.247186,0.0357797,0.192971,0.462182,0.0138279,0.225522,0.602336,0.0518,1.68566,0.441815,0.0336182
181.765804989,3.14157,0.149999,0.0393771,0.141888,0,0.0120784,0.340076,0.466927,0.034232,3.11542,0.817917,0.15719
181.812244898,1.86975,0.217497,0.392737,0.0917498,0.0245679,0.370061,0.049076,0.265349,0.0257419,3.6968,0.929698,0.0863286
181.858684807,1.00246,0.234952,1.14764,0.0329445,0.319618,1.16861,0,0.0681264,0.0697844,3.14654,0.675898,0.175945
181.905124717,0.649992,0.232857,1.49237,0.013172,0.694301,1.26359,0,0.0109694,0.0045322,2.65473,1.11749,0.140449
181.951564626,0.345492,0.196988,1.62905,0.0179761,0.872677,1.21608,0,0.0120009,0,2.62219,1.27181,0.144816
181.998004535,0.244603,0.144385,1.52315,0.0176702,0.976334,0.945276,0.123567,0.0272089,0,2.79916,1.28596,0.183741
182.044444444,0.428859,0.102082,1.26767,0.0115048,0.94973,0.397496,0.323394,0.0609037,0,3.06769,1.36495,0.21328
182.090884354,0.350075,0.0903798,1.18942,0.00481295,0.876134,0.541427,0.25597,0.100663,0,3.03619,1.41887,0.208926
182.137324263,0.42545,0.124202,1.31833,0,0.755454,0.78567,0.106538,0.119498,0,2.79785,1.44208,0.166902
182.183764172,0.661012,0.203674,1.2068,0,0.557593,0.980134,0,0.142278,0,2.66085,1.41407,0.143255
182.230204082,1.01415,0.20951,0.929377,0,0.354659,1.13825,2.95191e-05,0.0808842,0,2.60097,1.14494,0.164035
182.276643991,1.33684,0.202517,0.520115,0.0375636,0.377641,0.813531,0,0.031341,0.00555507,2.62963,0.606536,0.173549
182.323083900,1.20487,0.217061,0.215528,0.411658,0.715988,0.570513,0,0.0196747,0.0238419,2.57563,0.580875,0.130943
182.369523810,0.565793,0.401699,0.000955761,0.636354,1.31034,0.679116,0.00933287,0.162314,0.039813,2.25868,1.8958,0.0280078
182.415963719,0.280669,0.216569,0.00151945,1.20886,1.25846,0.689124,0.0224031,0.257321,0.0611172,2.11983,2.35932,0.00524132
182.462403628,0.306644,0.123246,0.00142745,1.07938,1.04208,0.445991,0.0247069,0.274054,0.0399749,2.04528,2.1928,0.0318441
182.508843537,0.468717,0.10826,0.0447216,0.756321,0.962595,0.340045,0.0186184,0.274114,0.359228,2.01186,1.69966,0.00700928
182.555283447,0.941177,0.1229,0.0745399,0.594409,1.15671,0.278551,0.0175273,0,0.825508,2.10439,0.737596,0
182.601723356,1.00333,0.148119,0.0824715,0.380217,1.4281,0.117873,0.0248148,0.000174355,1.62429,1.8342,0.206872,0
182.648163265,0.638954,0.164539,0.102585,0.35634,1.94545,0.203408,0.0332876,0.0397678,2.03881,1.39084,0.563875,0
182.694603175,0.182145,0.205375,0.159742,0.515394,2.06422,0.273974,0.0572804,0.0784053,2.31954,1.38671,0.35804,0
182.741043084,0.0618559,0.42128,0.0319681,0.427012,2.29541,0.0365935,0.11453,0.15294,2.49179,1.4638,0.203739,0
182.787482993,0.0394652,0.584042,0.0077031,0.401234,2.69058,0,0.0381519,0.153666,2.74348,1.09458,0.0765117,0.16079
182.833922902,0.168607,0.519876,0.000958563,0.27062,2.84167,0.322149,0.0371007,0.0909488,3.06515,0.85174,0.0957138,0.471912
182.880362812,0.398801,0.405963,0.0131099,0.159141,2.73996,0.510886,0.0456933,0.0363119,3.1684,0.878514,0.171508,0.806338
182.926802721,0.857534,0.227132,0.00602769,0.131566,2.85273,0.394937,0.0631976,0.0243569,3.11884,0.862305,0.20705,0.895285
182.973242630,1.11951,0.0819427,0.0901359,0.209332,2.96086,0.291202,0.0786434,0.00662688,3.1139,0.709521,0.172506,0.680934
183.019682540,1.18036,0.0478719,0.165708,0.254326,2.89533,0.0994363,0.0820515,0.00865732,3.13089,1.03543,0.136977,0.134203
183.066122449,0.827494,0.168376,0.151652,0.209282,2.72925,0.20482,0.0811685,0.0216322,3.0887,1.44324,0.164855,0.145767
183.112562358,0.745465,0.237395,0.117457,0.113064,2.55536,0.243278,0.0679585,0.0272023,2.83447,1.94925,0.20856,0.413252
183.159002268,0.773173,0.224784,0.153369,0.114883,2.45531,0.187688,0.0529026,0.0526006,2.39133,2.30902,0.219397,0.534917
183.205442177,0.873864,0.168138,0.193569,0.214623,2.29136,0.12155,0.0518103,0.0696684,1.74862,2.31344,0.171018,0.325009
183.251882086,0.913103,0.123061,0.214293,0.232427,2.03058,0.140796,0.0578715,0.100303,1.49949,2.13672,0.1061,0.0295018
183.298321995,0.939185,0.117992,0.219887,0.171369,1.55605,0.205902,0.0532381,0.124989,1.45089,1.86473,0.132458,0.135515
183.344761905,1.08325,0.136757,0.194432,0.136081,1.32196,0.190248,0.0320487,0.117024,1.39159,1.56613,0.154258,0.250549
183.391201814,1.30057,0.188046,0.139097,0.130151,1.22431,0.168508,0,0.108032,1.17298,1.21966,0.12562,0.302082
183.437641723,1.40587,0.198844,0.12437,0.158161,1.00834,0.329215,0,0.0907547,1.0343,0.981712,0.0948039,0.169465
183.484081633,1.64504,0.209083,0.125411,0.139512,0.930696,0.422654,0.0643792,0.0649806,0.729922,1.15063,0.103728,0.0312559
183.530521542,1.83292,0.227742,0.117889,0.0838429,0.687975,0.438497,0,0.060672,0.250843,1.65477,0.170546,0
183.576961451,1.76813,0.190782,0.130997,0.0707884,0.513217,0.51185,0,0.107203,0.119648,1.88822,0.190373,0
183.623401361,1.7127,0.0675069,0.189872,0.0213719,0.700448,0.531128,0.10046,0.137587,0.0491386,2.01649,0.23438,0
183.669841270,1.62518,0,0.242975,0.234411,0.985668,0.816332,0.159399,0.131736,0.0356406,2.19641,0.171569,0
183.716281179,1.65398,0,0.238904,0.225929,0.728958,1.15293,0.391288,0.121163,0.0253792,2.56922,0.155151,0
183.762721088,1.52164,0,0.224129,0.125303,0.754804,1.52,0.253884,0.155247,0.0181872,2.68609,0.152101,0
183.809160998,1.63688,0,0.226095,0.0627655,0.938872,1.54637,0.253828,0.170326,0.428915,2.29919,0.133558,0
183.855600907,1.68581,0,0.234366,0,1.12704,1.52035,0.355914,0.167929,0.704442,1.86839,0.102264,5.56814e-05
183.902040816,1.48071,0.000483149,0.231479,0.0776548,1.10313,1.54397,0.12699,0.162906,0.494967,1.59093,0.112504,0.0120469
183.948480726,1.26673,0.00205629,0.207546,0.150628,0.865295,1.60561,0.0939584,0.171531,0.302484,1.60759,0.163987,0.0404296
183.994920635,1.51383,0,0.200974,0.160161,0.759459,1.40644,0.0130031,0.149913,0.234958,1.80866,0.167262,0.0631616
184.041360544,1.82908,0,0.230352,0.100224,0.601235,1.16766,0.0118799,0.108219,0.206956,1.81845,0.125125,0.084117
184.087800454,1.94167,0,0.243801,0.0412347,0.566313,0.98459,0.00543859,0.0539264,0.207191,1.64997,0.102902,0.116988
184.134240363,1.75347,0.00085248,0.245342,0.0133404,0.621833,0.98443,0.0209392,0.0532104,0.314075,1.47331,0.103969,0.187388
184.180680272,1.65566,0.00161675,0.224658,0,0.517178,1.02754,0.0938166,0.0492786,0.64695,1.51371,0.143717,0.11911
184.227120181,1.57803,0.00161541,0.208724,0.000122953,0.470687,1.01428,0.11384,0.0547421,0.741357,1.84326,0.144301,0.000251891
184.273560091,1.4913,0.00156853,0.229988,0,0.457195,1.12834,0.0976601,0.0801062,0.566168,2.12408,0.124809,0.0001501
184.320000000,1.52899,0.00113195,0.229165,0.00411858,0.829596,1.34886,0.076293,0.119223,0.42675,2.27181,0.108883,3.4305e-05
184.366439909,1.62043,0.000144453,0.201082,0.0475758,1.34501,1.53816,0.129832,0.16508,0.15088,2.25068,0.147454,0
184.412879819,1.42893,0.000754514,0.148701,0.0453044,1.57623,1.70332,0.110012,0.186684,0.117058,2.13169,0.182779,0
184.459319728,1.14508,0.000344536,0.105908,0.0262055,1.40281,1.7916,0,0.1425,0.183005,2.15892,0.167551,0
184.505759637,1.04244,0.000346237,0.111684,0.0185711,0.847892,2.15092,0.0534992,0.0903167,0.279675,2.36878,0.126991,0.114877
184.552199546,0.971854,0.000351404,0.149506,0.0315763,0.619542,2.49069,0.121479,0.0953228,0.240641,2.65775,0.120917,0.122264
184.598639456,1.02298,0.000234207,0.157931,0.0845214,0.478764,2.5372,0.130622,0.119176,0.128245,2.58678,0.166836,0.0556994
184.645079365,1.20681,0.000693725,0.148279,0.048338,0.540432,2.60242,0.129609,0.124868,0.0279602,2.56744,0.176653,0.0276392
184.691519274,1.42698,0,0.133702,0,0.553867,2.5884,0.124879,0.119195,0.0258656,2.7181,0.155824,0.00499592
184.737959184,1.54177,0,0.109131,0.0100693,0.526844,2.479,0.114106,0.117794,0.0169164,2.64678,0.157772,0
184.784399093,1.71296,0,0.11494,0.0179861,0.371896,2.46409,0.300671,0.136955,0.0327907,2.60794,0.202527,0
184.830839002,1.87528,0,0.251069,0.0120442,0.417423,2.2948,0.599913,0.0499694,0.0207106,2.82625,0.21951,0
184.877278912,2.02792,0,0.295842,0.00432016,0.518707,1.91416,0.571548,0.0334294,0.0101709,3.1651,0.184085,0
184.923718821,2.14642,0.000698009,0.291272,0.00681904,0.8689,1.37214,0.416682,0.0297745,0.00863257,3.24207,0.134571,0
184.970158730,2.2044,0.000955975,0.27153,0.0643398,1.24811,1.26589,0.0507402,0.0973722,0.0823394,2.81341,0.119653,0
185.016598639,2.30207,0.0371381,0.244569,0.0576637,1.2454,1.47585,0.00962272,0.165483,0.229548,2.26654,0.163281,0
185.063038549,2.40932,0.082887,0.228892,0.0142187,1.00721,1.58723,0.00720275,0.191283,0.281031,2.13581,0.191995,0
185.109478458,2.2266,0.0532384,0.204827,0.0125593,0.43642,2.01147,0.0290737,0.184331,0.193199,2.49891,0.166462,0.00989006
185.155918367,1.87966,0.00158022,0.142786,0.0438172,0.441034,2.26852,0.204904,0.212806,0.0168201,2.54121,0.180618,0
185.202358277,1.5671,0.00614589,0.104285,0.0662504,0.381468,2.19544,0.298679,0.169595,0.0251907,2.47363,0.266783,0
185.248798186,1.36068,0,0.0897618,0.180849,0.551346,2.18062,0.314929,0.17088,0,2.39744,0.291817,0
185.295238095,1.42507,0,0.0719742,0.125599,0.868593,2.14423,0.234563,0.232515,0,2.40415,0.27418,0
185.341678005,1.60508,0,0.0769397,0.0629461,0.501981,2.09746,0.118435,0.269227,0.107454,3.06925,0.223214,0.0170568
185.388117914,1.50347,0.0191526,0.104168,0.0770586,0.253496,1.94119,0.0848723,0.256461,0.28243,3.11529,0.11866,0.00551921
185.434557823,1.43888,0.047965,0.122873,0.0886664,0.476617,1.82088,0.112662,0.108063,0.274767,2.93274,0.149727,0
185.480997732,1.5838,0.0253952,0.168064,0.129749,0.883167,1.94397,0.106019,0.109988,0.148027,2.73793,0.186413,0
185.527437642,1.77333,0.000622505,0.188676,0.276214,1.09295,1.94788,0.120077,0.0872847,0.0396668,2.84238,0.17038,0.00775457
185.573877551,1.85885,0.000507573,0.166747,0.378538,1.11848,2.0503,0.480279,0.0258485,0.216638,2.63071,0.104877,0.000286737
185.620317460,1.74076,0.0029244,0.124206,0.308733,1.03239,1.9495,0.611641,0.0299494,0.490593,2.23946,0.0932632,0.0218927
185.666757370,1.62538,0.0173795,0.0765952,0.170435,0.871378,1.81948,0.720748,0.0215465,0.37891,2.35878,0.128281,0.0458205
185.713197279,1.51405,0.00137698,0.0182607,0.202126,0.816557,1.71823,0.855461,0.00916005,0.40774,2.4137,0.152848,0.0466797
185.759637188,1.21445,0.00105394,0.0122374,0.276092,0.879949,1.78023,0.898458,0.00957613,0.296313,2.32656,0.161879,0.0182881
185.806077098,1.18929,0,0.0253206,0.205966,0.738031,2.02317,0.658543,0.00617309,0.122974,2.37828,0.162295,0.00918436
185.852517007,1.48462,0.0383331,0.0602433,0.0851223,0.472414,2.09443,0.390378,0,0.101285,2.24706,0.180976,0.0140609
185.898956916,1.71127,0.0715858,0.101858,0.0595056,0.296273,2.07817,0.16116,0,0.101793,2.17556,0.172614,0.0261443
185.945396825,1.6599,0.0425741,0.13872,0.154446,0.18212,2.29664,0.146552,0.0766949,0.0928297,2.21829,0.151401,0.0198349
185.991836735,1.46461,0.00194452,0.0995123,0.258463,0.118042,2.33465,0.408786,0.200639,0.0579277,2.3489,0.151661,0.00948133
186.038276644,1.27121,0.0026317,0.119978,0.159747,0.319555,2.27869,0.650267,0.186742,0,2.48347,0.195787,0.00726191
186.084716553,1.32693,0.00285332,0.182553,0.034832,0.689552,2.19137,0.535108,0.0397696,0,2.58943,0.297759,0.000234725
186.131156463,1.55386,0.0127958,0.210218,0.0420899,0.6814,2.40965,0.516452,0.0106003,0.0152683,2.58096,0.227607,0.000141757
186.177596372,1.84914,0.00103937,0.189375,0.0457455,0.680531,2.62087,0.47434,0.0188098,0.0334663,2.54592,0.188061,6.32503e-05
186.224036281,1.96554,0.0513035,0.15211,0.0278701,0.530473,2.70729,0.338948,0.047542,0.144952,2.46769,0.14329,0.0102696
186.270476190,1.99037,0.00101974,0.100807,0.0294732,0.386343,2.55559,0.219161,0.0217,0.586709,2.33302,0.137541,0.0146116
186.316916100,1.83707,0.0390716,0.0325497,0.0548451,0.406183,2.82289,0.0639483,0.0147512,0.635243,2.23977,0.15993,0.0343998
186.363356009,1.58896,0.257547,0.0594724,0.174454,0.458345,2.87071,0.0692265,0.0576735,0.278956,2.23642,0.15067,0.010276
186.409795918,1.39815,0.295151,0.0961958,0.211005,0.445152,2.90351,0.246759,0.123709,0.126226,2.0265,0.142539,0
186.456235828,1.44392,0.101237,0.12313,0.199558,0.422284,2.64767,0.428365,0.161912,0.0518859,1.91074,0.157787,0
186.502675737,1.51836,0.0506379,0.193218,0.16952,0.360219,2.37051,0.508268,0.205479,0.242148,1.96717,0.194962,0
186.549115646,1.5352,0.00240363,0.179468,0.182457,0.228403,2.57059,0.473647,0.247416,0.479921,2.31561,0.191654,0.0229362
186.595555556,1.59542,0.00296272,0.100146,0.21749,0.187596,2.79218,0.269399,0.211202,0.604782,2.48432,0.156353,0.00243221
186.641995465,1.7844,0.00882336,0.106638,0.179411,0.272717,3.04834,0.0459927,0.149815,0.401778,2.55768,0.125619,0
186.688435374,1.96724,0.144739,0.184745,0.108588,0.367933,3.13452,0.0144456,0.11802,0.147897,2.5393,0.152684,0
186.734875283,2.08511,0.0175141,0.201919,0.148409,0.453735,3.06765,0.0350415,0.015023,0.0573472,2.33629,0.189878,0
186.781315193,1.95399,0.0156072,0.265576,0.141521,0.449226,3.008,0.071787,0,0.29089,1.92872,0.253398,0
186.827755102,1.74193,0.0516145,0.131944,0.166214,0.353125,2.81291,0.119349,0,0.582983,1.89264,0.254733,0.0536981
186.874195011,1.7764,0.0666981,0.115751,0.166341,0.355366,2.47038,0.128776,0.00139428,0.705813,1.73883,0.212275,0.087505
186.920634921,1.82572,0.0369547,0.132042,0.222365,0.424912,2.45799,0.0929285,0.00479756,0.575007,1.7402,0.22062,0.0558919
186.967074830,1.74831,0.0013597,0.23843,0.114672,0.625114,2.51925,0.0559184,0.022997,0.492893,2.07953,0.208738,0.191799
187.013514739,1.57534,0.00172236,0.208786,0,0.644777,2.4709,0.13004,0.272952,0.338578,2.12163,0.205538,0.157729
187.059954649,0.95629,0.0028728,0.136092,0.0277938,0.547539,2.49487,0.232002,0.354674,0.243749,1.92555,0.214621,0.208854
187.106394558,0.335379,0.00304872,0.322664,0.071804,1.12407,1.67877,0.243491,0.277529,0.0510189,1.88594,0.447959,0.60944
187.152834467,0,0.0346036,0.562944,0.0157648,1.48028,0.928797,0.102617,0.822889,0.357026,1.74186,0.874319,0.563504
187.199274376,0.00864777,0.0118661,1.82225,0.0496904,0.604529,0.45983,0.16047,2.83534,0.273346,0.725653,0.855459,0.449357
187.245714286,0.0599155,0.0146773,2.27275,0.0513086,0.485723,0.174278,0.22148,3.42117,0.101587,0.119375,0.842685,0.592329
187.292154195,0.201976,0,2.38585,0.0481803,0.267525,0.226639,0.148539,3.56988,0.100002,0.123471,1.30948,0.59959
187.338594104,0.386066,0.00100863,2.39902,0.0443642,0.04736,0.409378,0.0511222,3.61768,0,0.0525348,1.77344,0.27743
187.385034014,0.735195,0.00175107,2.32187,0.00180137,0,0.372006,0.0525207,3.56065,0,0.0223107,2.19794,0.183362
187.431473923,1.51839,0.0149707,2.37716,0,0.185472,0.131295,0.0623083,3.21428,0,0.0281455,2.32604,0.13703
187.477913832,1.77807,0.0238809,2.39421,0,0.325635,0.218951,0.063125,2.98373,0,0.0184126,2.15981,0.0965116
187.524353741,1.6686,0.0347686,2.51209,0.000255297,0.224672,0.348902,0.279455,2.86774,0,0.14194,1.89495,0.0134311
187.570793651,1.33858,0.268298,2.39398,0.00832739,0.0579255,0.289853,0.0828944,3.10751,0,0.583338,1.92058,0
187.617233560,1.21975,0.459299,2.2058,0.0154284,0,0.235186,0.0713392,3.28698,3.16935e-05,0.722848,2.0374,0
187.663673469,1.09363,0.40185,2.16294,0.0194863,0,0.194762,0.0858238,3.37473,0.00159916,0.465879,2.18073,0.114577
187.710113379,0.675534,0.337847,2.18991,0.0190703,0,0.358471,0.108386,3.31863,0,0.300391,2.16999,0.202929
187.756553288,0.223301,0.472282,2.05674,0,0.00942679,0.461231,0.114881,3.69342,0.00790857,0.351967,2.2663,0.0868692
187.802993197,0.192789,0.103273,2.01433,0,0.00100626,0.620237,0.118961,3.51399,0.014622,0.445944,2.40599,0.0400257
187.849433107,0.164784,0.0436956,2.24271,0,0.00678082,0.595768,0.188895,3.09224,0.077104,0.214362,2.33527,0.118222
187.895873016,0.148371,0.0407323,2.28848,0.00598757,0.0278005,0.584015,0.296877,3.01651,0.12379,0.0148673,2.21964,0.194146
187.942312925,0.202459,0.15817,2.33999,0.0078641,0.0243993,0.386912,0.302103,3.2828,0.0157475,0.0159459,2.36399,0.282095
187.988752834,0.0524251,0.221545,2.30554,0.00114256,0.0252767,0.337035,0.247349,3.53908,0.0308136,0.0761837,2.50344,0.205072
188.035192744,0.098237,0.00733268,2.22208,0,0.0269075,0.468152,0.200478,3.43201,0.0193558,0.246177,2.53445,0.235453
188.081632653,0.0579366,0.00354889,2.0945,0,0.0203121,0.556935,0.121347,3.55108,0.000478615,0.255848,2.44472,0.436233
188.128072562,0.0963176,0.0138804,1.90092,0.00450676,0.019207,0.660302,0.0636549,3.67461,0,0.458925,2.1137,0.682811
188.174512472,0.19777,0.29779,2.10001,0.0126329,0.0104706,0.707925,0.0275272,3.56523,0,0.630866,1.68381,0.771803
188.220952381,0.300524,0.159565,2.13542,0.00887237,0.00181622,0.728395,0.0438251,3.50063,9.50165e-05,0.765537,1.50138,0.788339
188.267392290,0.393187,0.00231896,2.22521,0,0,0.748688,0.0788632,3.3646,0.000129799,0.707243,1.43321,0.895268
188.313832200,0.384279,0.0281126,2.51389,0,0,0.736606,0.109768,3.17506,0.000462165,0.473945,1.49225,0.728243
188.360272109,0.242833,0.034419,2.63027,0,0,0.887304,0.0901194,3.04849,0.0874325,0.284091,1.69929,0.324926
188.406712018,0.0370165,0.0277412,2.62789,0.00970706,0.00553406,0.980866,0.0825232,2.95225,0.0243807,0.3019,2.01513,0.119016
188.453151927,0.0852018,0.000673972,2.66508,0,0.0947376,0.828972,0.0615538,2.77489,0.145784,0.228157,2.16739,0.197894
188.499591837,0.0904786,0.0465126,2.62936,0,0.0694075,0.575607,0.057896,2.6058,0.447516,0.338016,2.06019,0.305084
188.546031746,0.070849,0,2.57629,0,0,0.743599,0.0584724,2.77361,0.397721,0.302021,1.91281,0.27318
188.592471655,0.0689658,0,2.45215,0.0104529,0,0.904186,0.0667759,2.89075,0.017419,0,2.33293,0.163199
188.638911565,0.326241,0.00790206,2.37518,0.0471453,0,0.826172,0.0643461,2.78566,0.0277263,0,2.45727,0.176325
188.685351474,0.510209,0.0838381,1.98937,0.0509363,0.191769,0.148973,0.0554425,3.43812,0,0.00188006,2.2913,0.304966
188.731791383,0.368358,0.168704,1.60192,0.0443674,0.220994,0,0.0371988,3.83965,0.0109233,0.0105996,2.25296,0.326431
188.778231293,0.0984,0.411095,1.60033,0.0268457,0.00699182,0,0.0245686,4.03309,0.0146796,0.0122163,2.31355,0.337639
188.824671202,0,0.36619,1.76733,0.0204238,0.00683678,0.00883429,0.038955,4.10132,0.00967687,0.0123078,2.38021,0.317777
188.871111111,0.0227337,0.20536,1.8961,0.0218492,0,0.010984,0.0491954,4.02376,0,0.0774127,2.64176,0.312234
188.917551020,0.000605237,0.105334,1.93501,0.0346577,0,0.0181024,0.0734527,3.73135,0,0.228277,2.80309,0.312657
188.963990930,0.00050174,0.143973,1.97299,0.00384819,0,0.0214306,0.0812155,3.67577,0,0.126152,2.86505,0.30295
189.010430839,0.000171743,0.167583,1.88504,0.00712584,0.0308364,0.0254292,0.0883729,3.84017,0,0.00767329,2.79355,0.27092
189.056870748,0.0285906,0.0849298,1.93334,0.00827799,0.0385666,0.0166341,0.0740749,3.83058,0,0.00627952,2.7583,0.27911
189.103310658,0.0107997,0.0583341,2.03224,0,0,0.149359,0.0485626,3.77639,0.0779421,0.00728352,2.80425,0.312072
189.149750567,0.000594663,0.060753,2.12963,0,0,0.263872,0.01583,3.56825,0.109135,0.0111337,2.82,0.331882
189.196190476,0.000395748,0.094175,1.81047,0,0.0086865,0.428395,0.01277,3.43441,0.00838738,0.0545767,2.89654,0.431139
189.242630385,0,0.209282,1.38264,0.0133593,0.00870148,0.341059,0.0587418,3.26458,0.267305,0.136186,2.47207,0.980717
189.289070295,0,0.141302,1.5487,0.0129118,0,0.339362,0.0836783,2.57621,0.846632,0.156435,1.82175,1.13248
189.335510204,0.126646,0.238825,1.72503,0.0128651,0,0.585585,0.0507912,2.20386,0.618442,0.21746,1.1308,1.15901
189.381950113,0.260735,0.20053,1.65476,0.651239,0,0.506973,0.0157527,2.0486,0.0613875,0.224362,0.776431,1.06278
189.428390023,0.395621,0.133681,1.33533,1.44539,0.00275607,0.2111,0.0131524,1.87159,0.00650467,0.05502,0.330158,0.969016
189.474829932,0.310388,0.134373,1.34635,1.68752,0.85187,0.133349,0.0749294,2.01119,0.0654601,0.146463,0.0527969,0.48013
189.521269841,0.141583,0.00202924,1.20154,1.4377,2.02809,0.0617175,0.109045,1.82554,0.276016,0.328982,0.38977,0.175578
189.567709751,0.0495991,0.0196784,1.45583,0.291869,2.59374,0.0609628,0.058125,1.57719,0.25735,0.178848,1.2082,0.536574
189.614149660,0.0415761,0.0407221,1.42086,0.009207,2.01068,0.826481,0.0306852,1.63375,0.0524769,0.18289,1.48521,0.666539
189.660589569,0.00964071,0.145589,1.52621,0.0133623,1.18856,1.58187,0.034935,1.68906,0.0308315,0.324039,1.58171,0.561024
189.707029478,0.0753072,0.0739067,1.22009,0.0147661,0.694576,2.06871,0.028359,1.61526,0.0127874,0.547286,1.80511,0.366973
189.753469388,0.376853,0.036981,0.627225,0.0163862,0.280063,2.4624,0.146642,1.40203,0.0107668,0.6468,2.07071,0.220813
189.799909297,0.512616,0.0819118,0.427453,0.00259357,0.041064,2.46899,0.259021,1.30703,0.0128462,0.529536,2.35511,0.175944
189.846349206,0.668112,0.0597461,0.398948,0,0.00646987,2.59588,0.286383,1.03074,0.0151812,0.346681,2.24238,0.164716
189.892789116,0.808688,0.0660963,0.336525,0,0.082105,2.88151,0.148011,0.874964,0.0785133,0.101035,1.85715,0.155787
189.939229025,1.02493,0.0894416,0.154542,0.00975177,0.00377813,3.17275,0.0716169,0.995594,0.152366,0.0456926,1.31867,0.164898
189.985668934,0.971408,0.114091,0.106793,0.0128956,0.00177848,3.23233,0.0463596,0.975085,0.131652,0.0425925,1.21769,0.176215
190.032108844,0.861714,0.08247,0.189685,0.00996574,0.0236164,3.14892,0.0169239,0.890473,0.125276,0.0734807,1.31996,0.161675
190.078548753,0.709378,0.081069,0.215605,0.00393261,0.0386134,2.9625,0,0.866828,0.0728095,0.198568,1.3403,0.123148
190.124988662,0.73049,0.0658295,0.187919,0.00448293,0.0705184,2.78354,0.0250698,0.595602,0.0875536,0.316503,1.23787,0.146587
190.171428571,0.842077,0.0370946,0.163298,0.025095,0.315467,2.63271,0.0382529,0.435605,0.194004,0.353359,1.20301,0.232615
190.217868481,0.839491,0.0382231,0.176119,0,0.532133,2.55514,0.0523244,0.507977,0.161314,0.420467,1.21371,0.313758
190.264308390,0.735439,0.0546741,0.188441,0,0.663491,2.5965,0.0564635,0.761713,0.0282421,0.491319,1.28263,0.237539
190.310748299,0.679308,0.0697691,0.190256,0,0.741293,2.64015,0.0338041,0.795617,0.00598085,0.511467,1.37603,0.131925
190.357188209,0.398696,0.0646299,0.566048,0,1.10657,2.41777,0.0145198,0.983888,0.0367196,0.394454,1.50846,0.151343
190.403628118,0,0.0742852,0.916471,0.0270959,0.727772,2.42378,0.00697185,1.39849,0.0685667,0.622027,1.64416,0.137935
190.450068027,0,0.326623,0.698827,0.0961483,0.955815,2.05552,0.0915222,1.17209,0.0652795,1.07377,1.45275,0.251916
190.496507937,0,0.212202,0.562744,0.00875031,1.80752,1.3908,0.0587132,1.11905,0.0672365,1.36115,1.03684,0.606695
190.542947846,0.609731,0.0247891,0.526318,0.0139588,1.77908,1.04257,0.0789728,1.04995,0.0927282,1.29092,0.670938,0.402775
190.589387755,1.41844,0.0223375,0.551877,0.0155761,1.28621,1.47987,0.0903007,0.843442,0.0792988,1.10692,0.488352,0.196456
190.635827664,1.53258,0.0258352,0.554298,0.0171728,0.712111,2.37416,0.0818906,0.861257,0,1.11074,0.614502,0.204556
190.682267574,1.59745,0.0272738,0.609701,0.136523,0.186939,3.02958,0.0807713,0.809679,0.00020992,1.02932,0.623134,0.226037
190.728707483,1.6268,0.0290062,0.446436,0.108982,0.229095,2.94903,0.0465183,0.681859,0.0449397,1.07351,0.612374,0.177557
190.775147392,1.62227,0.032402,0.361825,0.0775563,0.32562,2.11525,0.0425489,0.596175,0.0790832,1.06341,0.754754,0.163388
190.821587302,1.50238,0.0317456,0.45836,0.00219463,0.283526,1.57129,0.0330242,0.582036,0.0843519,0.930659,1.0303,0.17187
190.868027211,1.34229,0.0230141,0.644789,0.0250796,0.151652,1.40124,0.0146371,0.475183,0.0982268,1.02426,1.19008,0.169355
190.914467120,1.45741,0.0176599,0.85951,0.0183072,0.0835569,1.50183,0.00912701,0.296756,0.0739092,1.28921,0.94654,0.152156
190.960907029,1.43594,0.113142,1.0076,0.0120378,0.0513675,1.86374,0.00735133,0.114207,0.0706862,1.47256,0.302693,0.110166
191.007346939,0.870193,0.235423,1.36783,0,0.0460171,1.73317,0.00643288,0.120718,0.257511,1.10897,0.416748,0.0706994
191.053786848,0.456479,0.279309,2.0516,0.00198212,0.149314,1.4134,0.0613977,0.585867,0.317461,0.456305,0.929024,0.0742905
191.100226757,0.543893,0.147888,2.56735,0.00782355,0.155254,0.932785,0.0943842,0.660929,0.214336,0.36193,1.20316,0.126341
191.146666667,0.564893,0.117042,2.88522,0.00597042,0.112761,0.64859,0.103103,0.607637,0.0899662,0.467912,1.40316,0.183989
191.193106576,0.588653,0.0742277,3.00199,0.00369038,0.0321746,0.485583,0.108961,0.594954,0.083594,0.857537,1.32533,0.189099
191.239546485,0.453677,0.0301711,3.14182,0.0127704,0.0593044,0.653415,0.157223,0.484068,0.0770848,0.929356,1.24534,0.19265
191.285986395,0.290981,0.00213076,2.86027,0.0156692,0.0811914,0.7641,0.249199,0.849732,0.097229,0.593199,1.03474,0.198637
191.332426304,0.474281,0.00857325,2.20178,0.0201385,0.00336275,0.306668,0.747164,1.1228,0.0330865,1.15566,0.792504,0.185328
191.378866213,0.723074,0.0062541,2.23938,0.0197864,0.00902248,0.000129603,1.1059,0.845006,0,1.55693,0.909183,0.153483
191.425306122,0.618946,0.000856908,2.39728,0.0115759,0.00654045,0,1.1656,0.943879,0,1.66321,1.02327,0.0819606
191.471746032,0.251518,0.00181694,2.42936,0.194303,0.00736289,0,1.11047,1.26675,0,1.62513,1.10811,0
191.518185941,0.0174434,0.00895858,2.27906,0.744447,0.00708783,0,0.759772,1.30161,0.00185862,1.36516,1.07962,0
191.564625850,0.000194171,0.0428711,1.65011,1.06852,1.71331,0,0.340701,1.22727,0.0479507,1.16427,0.918133,0.151088
191.611065760,0.052999,0.0236498,0.435054,0.59712,2.73062,0,0.140833,0.804126,0.333154,1.38172,0.794428,0.312426
191.657505669,0.662332,0.00510949,0.371062,0.198419,2.48944,0.109061,0.0254221,0.00783573,0.476993,1.83919,0.609401,0.446999
191.703945578,0.857485,0.00351844,0.268802,0,1.69409,0.51255,0.00707446,0.0187814,0.59576,2.04177,0.746739,0.461169
191.750385488,1.1112,0.00275602,0.130472,0,0.698454,1.21561,0.0360499,0.035255,0.523818,2.21097,0.699607,0.399004
191.796825397,1.55275,0,0.0433087,0.00761121,0.511379,1.66954,0.0084302,0.0445401,0.497376,2.25715,0.638982,0.204448
191.843265306,1.96645,0.00595188,0.0519451,0.0339583,0.518027,1.9832,0.00798989,0.0447859,0.479779,1.93266,0.546746,0.170839
191.889705215,2.11653,0.0367143,0.0595939,0.0354532,0.320634,2.37704,0.00709401,0.0476814,0.815514,1.3193,0.409778,0.171929
191.936145125,1.98035,0.0605979,0.0897692,0.026525,0.359347,2.89315,0.00647845,0.0497225,1.10523,0.482349,0.00169491,0.190095
191.982585034,2.14544,0.0607181,0.0826035,0.0240806,0.481055,3.15921,0.00412065,0.0502387,0.859033,0.314493,0.00164376,0.0831224
192.029024943,2.35517,0.0191304,0.0498864,0.0234628,0.592377,3.50177,0.0103984,0.0444061,0.508685,0.356209,0.374675,0.0272025
192.075464853,2.44363,0.00148832,0.0138295,0.0165795,0.511707,3.73881,0.00827243,0.0317371,0.271208,0.314857,0.884286,0.0132039
192.121904762,2.57253,0.027711,0.00542941,0.0374464,0.326394,3.81548,0.0480111,0.0159807,0.173267,0.286466,0.855986,0
192.168344671,2.62248,0.00110651,0.0238183,0.112887,0.304734,3.69379,0.0404299,0.00958595,0.175811,0.288994,0.519208,0.0111762
192.214784580,2.57649,0.00474776,0.0339167,0.157136,0.20444,3.6915,0.00695827,0.0115978,0.177115,0.267433,0.213901,0.0316486
192.261224490,2.33633,0.0245759,0.0124035,0.172879,0.0239723,3.80722,0.00288172,0.013202,0.130026,0.318377,0.47657,0.0127334
192.307664399,2.1023,0.0374464,0.00215121,0.120974,0,3.87093,0.00375268,0.0200166,0.12501,0.389585,0.547056,0.0271671
192.354104308,2.0586,0.0230449,0.0501481,0.0289505,0,3.74892,0.0120752,0.0223702,0.0917569,0.463017,0.38522,0.0598266
192.400544218,1.68781,0.0107101,1.26742,0.00914481,0.0895438,3.25616,0.0604611,0.0627523,0.00361111,0.333514,0.273482,0.0908481
192.446984127,1.39502,0.0127429,2.14299,0.321482,0.421976,2.42879,0.138075,0.409157,0.0753373,0.185156,0.0550972,0.132207
192.493424036,1.75549,0.0255627,2.4255,0.234404,0.512346,1.05939,0.148971,0.693397,0.495118,0.0725644,0.000491256,0.139717
192.539863946,1.68348,0.0496847,2.60162,0,0.573673,1.18298,0.14592,0.910549,0.667737,0.279649,0.00292782,0.123594
192.586303855,2.05228,0.151064,2.42625,0.00344164,0.898857,1.34482,0.186281,1.03968,0.559761,0.200035,0.0070025,0.107052
192.632743764,2.86259,0.475632,1.1547,0,0.716071,1.50076,0.0273352,1.46975,0.0908433,0.101489,0.00616275,0.154942
192.679183673,3.12318,0.214511,0.247764,0,0.586255,1.56366,0,1.70782,0.162593,0.00549404,0.014791,0.0839616
192.725623583,3.21291,0.0778867,0.243146,0,0.55902,1.48407,0.0033447,1.83882,0.194676,0.00321646,0.0187701,0.0541509
192.772063492,3.23259,0.00191074,0.256696,0.00155633,1.08474,1.47655,0.0719392,1.82909,0.0696085,0.000224019,0.0146606,0.0378153
192.818503401,3.51147,0.00181505,0.277394,0.0132498,1.31912,1.1146,0.0645292,1.65221,0.0285039,0,0.0102597,0.0443587
192.864943311,3.66,0.0187609,0.323856,0,1.41605,1.05209,0.0537362,1.78607,0.0379185,0,0.00577207,0.0425057
192.911383220,3.79444,0.0647875,0.302847,0,1.43701,0.980127,0.126513,1.88352,0.0270719,0.117157,0.0401814,0.0199849
192.957823129,3.89925,0.0192183,0.276442,0,1.32295,0.988292,0.220667,1.70733,0.0320451,0.237088,0.0692757,0.0354204
193.004263039,3.94449,0.000778769,0.26139,0.00143364,1.1391,0.929976,0.321879,1.6048,0.0354371,0.20348,0.0853258,0.0428052
193.050702948,3.89534,0.00377156,0.24836,0.0015876,1.17145,0.635125,0.0463291,1.81916,0.11268,0.209927,0.0821613,0.0296991
193.097142857,3.82411,0.0223075,0.249227,0,1.39921,0.251139,0.0153441,2.08425,0.135935,0.169247,0.218539,0.0169534
193.143582766,3.86414,0.0323184,0.254488,0.000228015,1.42764,0.110354,0.00202969,2.09956,0.0193461,0.101456,0.113818,0
193.190022676,3.91177,0.0303365,0.263871,0.00495113,1.3292,0.220548,0.114142,2.03792,0.0108317,0.0535412,0.0185991,0
193.236462585,3.91965,0.0662924,0.273358,0.0128305,0.989271,0.359639,0.146107,2.03722,0.126706,0,0.0364386,0.0141055
193.282902494,3.90503,0.217604,0.276678,0.0156781,1.01523,0.431534,0.0812274,1.84509,0.291931,0,0.179925,0.0079457
193.329342404,3.76179,0.272432,0.271181,0.0150228,1.59691,0.329706,0.0109478,1.55456,0.674474,0.0844306,0.582458,0
193.375782313,3.85262,0.0733547,0.266559,0.0106718,2.03909,0.272888,0.0204915,1.44814,0.885136,0.167525,0.47135,0
193.422222222,3.97631,0.0554782,0.253648,0.00315312,2.26554,0.23843,0.130973,1.51661,0.786885,0.164687,0.311255,0
193.468662132,4.08376,0.0323159,0.25541,0.00231881,2.19156,0.282095,0.200668,1.70322,0.324803,0.120125,0.0982845,0.0132775
193.515102041,4.13723,0.0151541,0.259397,0.00961233,1.93719,0.333574,0.141925,1.95524,0.140125,0.0749258,0.0459889,0.00311546
193.561541950,4.12894,0.0265759,0.260099,0.0130038,1.71842,0.295799,0.0984613,2.12416,0.0578053,0.0232667,0.0352102,0
193.607981859,4.07092,0.0377239,0.286322,0.0148663,1.55791,0.247138,0.110246,2.17855,0.000125232,0.0138207,0.0356648,0.00142957
193.654421769,3.92446,0.0258065,0.429346,0.017119,1.52186,0.20972,0.186891,2.12847,0,0.0156394,0.0294733,0.019153
193.700861678,3.75307,0.00782704,0.479353,0.0172558,1.63546,0.167442,0.175743,2.06645,0.0442005,0.0155269,0.0259555,0.0355718
193.747301587,3.78695,0.00168802,0.463482,0.0118203,1.68855,0.157732,0.102951,1.96537,0.143399,0.0132716,0.0363561,0.0306026
193.793741497,3.79594,0.00214445,0.358384,0.00944603,1.52174,0.145589,0.11546,1.92258,0.225955,0.138477,0.0492437,0.0310473
193.840181406,3.82779,0.00126568,0.179559,0,1.52669,0.00246288,0.126358,1.70726,0.192381,0.589367,0.0640324,0.0153289
193.886621315,3.54105,0.0537161,0.182696,0,1.51142,0.00363501,0.0467956,1.58308,0.00422938,1.46755,0.114287,0.00315231
193.933061224,3.36699,0.15013,0.313138,0.00181473,1.43417,0,0.00973711,0.810899,0.00799421,2.60324,0.158765,0.000361149
193.979501134,3.25695,0.26902,0.29086,0.0134752,1.34181,0.0299544,0.00858211,0.409383,0.0141826,3.11209,0.086815,0.0137269
194.025941043,3.07564,0.327173,0.284404,0.0124945,1.23798,0.0601259,0.00489683,0.403604,0.0181008,3.10819,0.0553949,0.0181934
194.072380952,3.04791,0.358564,0.278473,0.0152824,1.30399,0.0372913,0.00109732,0.352588,0.107872,2.76794,0.0450805,0.0315786
194.118820862,3.00251,0.0769285,0.384921,0.0167143,1.18468,0,0.113419,0.134144,0.251861,2.80983,0.0184941,0.0347428
194.165260771,2.76212,0.043333,0.780446,0.0169388,0.981034,0.00400223,0.265765,0.111239,0.407891,2.92114,0,0.00656411
194.211700680,2.77561,0.109153,0.944866,0.0164825,1.02401,0.0022731,0.259659,0.364776,0.405993,3.0738,0.0906183,0
194.258140590,2.84374,0.00128082,1.16325,0.012055,1.19273,0.00483137,0.184678,0.511064,0.60455,2.80201,0.15155,0.00531962
194.304580499,2.99119,0.00163062,1.38306,0.00588106,1.43917,0.0141202,0.107027,0.749072,0.593044,2.36167,0.132064,0.0447471
194.351020408,3.04418,0.00151672,1.51928,0.00299926,1.45343,0.0245742,0.103299,1.08622,0.344053,1.97827,0.0344055,0.0326295
194.397460317,2.92629,0.0225401,1.51987,0,1.47481,0.0329005,0.099727,1.56892,0.151328,1.35424,0,0.0360196
194.443900227,2.83297,0.0408242,1.58262,0,1.28791,0.0270366,0.553069,1.78559,0.00489008,0.985354,0.00864826,0.0474226
194.490340136,2.68384,0.032497,1.90797,0.00725223,0.958036,0.0130121,0.52733,1.82044,0.0101281,0.395427,3.91169e-05,0.304361
194.536780045,2.29282,0.0276731,1.99701,0.0105274,0.751414,0.0318096,0.248152,2.19226,0.0135669,0.386576,0,0.351573
194.583219955,2.15926,0.0280154,1.97179,0.0113866,0.752927,0.0316261,0.0821172,2.40832,0.0463686,0.468566,0,0.277583
194.629659864,2.1067,0.0344518,1.96969,0.00154458,0.92298,0,0.0653785,2.51184,0.244951,0.558123,0,0.159846
194.676099773,2.36421,0.00190324,1.95455,0,0.879231,0,0.209338,2.40819,0.237759,0.386993,0.03658,0.0379985
194.722539683,2.33188,0.0018892,2.21489,0,0.9016,0.00517666,0.435803,1.97351,0.125418,0.174897,0.382678,0.0742912
194.768979592,2.19559,0.0179124,2.27545,0,0.919625,0.00545283,0.400164,1.8913,0.0760302,0.0744744,0.632535,0.133111
194.815419501,2.16474,0.0209094,2.13317,0,1.22259,0.0126188,0.251637,1.95946,0.175731,0.180642,0.666515,0.112769
194.861859410,2.22325,0.0735469,2.14535,0.00336279,1.52445,0.132368,0.678602,1.34475,0.282101,0.25597,0.586308,0.218695
194.908299320,1.87002,0.298976,1.92653,0.0124018,1.47621,1.34703,0.796487,0.972958,0.182198,0.213748,0.429097,0.221341
194.954739229,1.81388,0.328747,1.71109,0.0141127,1.49695,1.94942,0.652303,0.40606,0.074541,0.189076,0.443636,0.0702711
195.001179138,1.68523,0.101,1.40839,0,1.00569,1.84804,0.236448,0.126687,0.14555,0.699382,1.00661,0.0339247
195.047619048,1.42657,0.0366868,0.613453,0.0742597,1.0063,2.29076,0.321617,0,0.177304,1.1889,1.06673,0
195.094058957,1.52176,0.0319855,0.427729,0.0463928,1.32237,2.59429,0.192424,0,0.202493,1.09569,1.03286,0
195.140498866,2.14069,0.0309012,0.431872,0,1.80213,2.64779,0.0824747,0.000552025,0.270897,0.839582,0.652574,0
195.186938776,2.77465,0.0392006,0.464116,0,2.17405,2.4645,0.067597,0.0558058,0.362658,0.597624,0.265775,0.00658027
195.233378685,2.75057,0.00912991,0.549622,0.00822321,2.34184,2.63352,0.0257208,0.181385,0.416308,0.444127,0.0338109,0.046023
195.279818594,2.46663,0,0.656802,0.0102677,2.44155,2.35778,0.0302802,0.332543,0.390666,0.475344,0.0258521,0.0471177
195.326258503,2.12688,0.0117288,0.753792,0.0106161,2.56659,2.17321,0.0173731,0.552617,0.386192,0.438827,0.0225363,0.0513462
195.372698413,2.07622,0.0324767,0.812986,0.00661771,2.3812,2.26084,0.00379964,0.736475,0.356571,0.305125,0.0275935,0.072188
195.419138322,2.03135,0.0373993,0.809788,0.00505813,2.01373,2.28851,0.0286733,0.985746,0.222029,0.321912,0.0364994,0.0879161
195.465578231,1.9815,0.0345861,0.677171,0.00543951,1.76969,2.41673,0.0711254,1.3238,0.048435,0.319134,0.0346495,0.0688734
195.512018141,1.99272,0.0646944,0.948448,0,1.49644,2.19292,0.0390019,1.67092,0.0562504,0.0101418,0.0306473,0.190646
195.558458050,1.87067,0.0032907,1.49094,0,0.800174,1.35386,0.0236846,2.08689,0.0477042,0.00795444,0.0326186,0.584442
195.604897959,1.91644,0.0169172,1.19172,0,0.932294,0.441589,0.023839,2.58413,0.00277083,0.03973,0.0405705,0.543565
195.651337868,2.14098,0.00974353,1.10361,0,1.21129,0.0168102,0.0204378,2.46103,0.0228101,0.0108931,0.0575997,0.486466
195.697777778,2.47405,0.00232195,0.885085,0.00112328,1.40607,0.0220068,0.0193292,2.40025,0.0336574,0.00953814,0.0746636,0.46648
195.744217687,2.69562,0.00244316,0.696573,0,1.62134,0.0296502,0.0139705,2.40105,0.0936385,0.00707378,0.103766,0.498726
195.790657596,2.66394,0.00191291,0.73805,0,1.91365,0.0342878,0.17014,2.23416,0.251989,0.00867411,0.0711823,0.356688
195.837097506,2.58564,0.000436821,0.777035,0.00092971,1.64417,0.00428696,0.269474,2.0822,0.51127,0.0108539,0.681132,0
195.883537415,2.42701,0.0180971,0.829204,0.000573452,1.47135,0.00116184,0.140136,2.15959,0.494995,0.0720436,1.09935,0.0348397
195.929977324,2.37337,0.0444722,0.84753,0.00118839,1.86351,0.00191365,0.132019,2.22615,0.379614,0.100808,1.28488,0.0350624
195.976417234,2.72195,0.0327314,0.881779,0.00303985,2.0748,0.00688297,0.198807,1.78593,0.256267,0.120996,1.08025,0.0132929
196.022857143,3.00119,0.0256254,1.03482,0.0149501,2.26681,0.0177547,0.253351,1.35317,0.104811,0.105126,0.645355,0.0340695
196.069297052,3.20979,0.0197729,0.845011,0.0202265,2.30056,0.0113377,0.135628,1.59053,0,0.0485967,0.333423,0.0334846
196.115736961,3.28931,0.0260352,0.427521,0.0202724,2.08844,0.016889,0.257741,1.47545,0.00754498,0.00985363,0.40339,0.0112378
196.162176871,3.13947,0.2193,0.218972,0.0272641,1.48667,0.214138,1.10244,0.720177,0.0859208,0.657741,0.351736,0
196.208616780,2.30114,0.355709,0.182317,0.371696,1.27235,1.58465,1.27508,0.460211,0.314218,0.966281,0.25452,0
196.255056689,1.30593,0.256977,0.66313,0.719225,1.28296,1.80365,0.692259,0.399984,0.404553,1.08287,0.0527268,0.0129041
196.301496599,1.44692,0.0582127,0.9185,0.741865,1.41411,1.52369,0.225442,0.429908,0.345151,1.48751,0.0541581,0
196.347936508,1.80014,0.0998708,1.51793,0.643351,1.64789,0.480176,0.140474,0.605395,0.330161,1.47217,0.080261,0
196.394376417,1.7836,0.125649,1.66961,0.684729,1.60045,0.0939501,0.571395,1.18561,0.531733,1.3789,0.155211,0.00373617
196.440816327,1.25572,0.24463,2.02496,0.411613,0.292528,0.0662741,0.764325,1.5633,1.24074,1.13576,0.930896,0.0588691
196.487256236,0.712134,0.53639,1.94341,0.175225,0.0665881,0.0682578,0.0441725,2.29591,0.776647,0.474826,1.24507,0.0728962
196.533696145,0.351423,0.589163,1.70424,0.332218,0,0.222374,0,2.83429,0.332179,0.172249,1.3827,0.514899
196.580136054,0.156127,0.230726,1.80954,0.287496,0,0.377627,0,3.21907,0.185116,0.172281,1.63598,0.939599
196.626575964,0.0482283,0.0660772,2.01621,0.11382,0.0228281,0.479986,0.00237662,3.52708,0.00207158,0.149939,1.90218,1.40357
196.673015873,0.0778509,0.0665104,1.92438,0,0.0662823,0.606105,0.0584093,3.59679,0.00263977,0.163418,2.08715,1.58798
196.719455782,0.153015,0.096539,1.80286,0,0,0.679081,0.0672594,3.4014,0.00221522,0.13624,2.21587,1.25699
196.765895692,0.443208,0.101146,1.74056,0.11196,0,0.759192,0.0540116,3.23813,0.000707288,0.0608953,2.30881,0.920355
196.812335601,0.749867,0.0949018,1.48219,0.122926,0,0.760335,0.0480771,3.31318,0,0.0107055,2.33809,0.95038
196.858775510,1.05684,0.113469,1.21332,0,0.00891474,0.761554,0.0524563,3.24651,0,0.0332957,2.37509,0.829435
196.905215420,1.15231,0.18617,1.15114,0,0.0248057,0.900532,0.0397976,3.09764,0.00545632,0.133121,2.35726,0.624571
196.951655329,1.22018,0.0995168,1.06144,0,0.0275928,0.808853,0.023297,3.25521,0,0.162358,2.42307,0.545692
196.998095238,0.56582,0.0666124,1.1782,0,0.0462479,0.601176,0.0379321,3.33193,0,0.101964,2.31322,0.591424
197.044535147,0,0.0653986,1.55259,0.0118037,0.0310996,0.602311,0.104964,3.27912,0,0.0166748,2.3658,0.253791
197.090975057,0,0.0650606,1.86878,0.016645,0.0093004,0.482725,0.119636,3.386,0,0.016694,2.72512,0.188323
197.137414966,0,0.0601698,2.05494,0.0117378,9.87267e-05,0.402185,0.1477,3.56102,0,0.0164756,2.90876,0.133817
197.183854875,0,0.0510116,2.17525,0.00371293,0,0.330743,0.181884,3.72561,0,0.0161851,2.97948,0.143339
197.230294785,0,0.0391906,2.22506,0.00110021,0,0.256529,0.253055,3.74671,0,0.0161914,3.02023,0.231836
197.276734694,0.000311479,0.0354336,2.40351,0,0,0.198612,0.358012,3.58446,0,0.0161421,3.02714,0.311638
197.323174603,0.000484959,0.0398596,2.53646,0,0,0.190629,0.483175,3.42718,0,0.0578638,2.95049,0.402979
197.369614512,0.000247735,0.0848584,2.48688,0,0.00525896,0.222796,0.556514,3.30801,0,0.115213,2.90774,0.52328
197.416054422,0,0.177044,2.39149,0,0.0242422,0.276008,0.528149,3.35782,0,0.161758,2.8523,0.513793
197.462494331,0,0.211583,2.37821,0.00327323,0.0242998,0.327191,0.365956,3.44133,0,0.203244,2.72036,0.403287
197.508934240,0.126636,0.168498,2.47343,0.00443811,0.022639,0.335895,0.261937,3.59836,0,0.135764,2.55865,0.467206
197.555374150,0.0634083,0.043949,2.50561,0,0.0229386,0.286997,0.262287,3.63563,0,0.0172495,2.43219,0.657963
197.601814059,0.0957412,0.123637,2.23027,0,0.013163,0.108559,0.219917,3.65436,0,0.0164763,2.43625,0.792784
197.648253968,0.15202,0.15731,2.10577,0,0.0131611,0.0101568,0.143587,3.72543,5.84923e-05,0.0149492,2.36059,0.780109
197.694693878,0.376043,0.15938,2.08359,0.0112078,0.00785261,0.0847794,0.100509,3.70465,0,0.0125279,2.31807,0.643394
197.741133787,0.492571,0.348733,1.98348,0.00854529,0.00775978,0.118739,0.0704455,3.79899,0,0.0994649,2.37875,0.319056
197.787573696,0.200545,0.277462,2.02627,0,0.00197065,0.137571,0.150588,3.68069,0.0354178,0.189127,2.36047,0.330381
197.834013605,0.000142877,0.285584,2.16261,0,0,0.268776,0,3.22766,0.216124,0.0124193,2.14204,0.50425
197.880453515,0.132683,0.210118,2.25958,0,0.0390327,0.570365,0,2.72471,0.358593,0.0120362,1.67185,0.540411
197.926893424,0.265452,0.124922,2.3595,0.00513683,0.0143443,0.726172,0,2.49625,0.27475,0.011118,1.68034,0.457437
197.973333333,0.223344,0.0776544,2.25494,0.0124535,0.00483483,0.720462,0.0142008,2.56618,0.230183,0.0106909,1.98719,0.362908
198.019773243,0.0170039,0.0422481,2.03458,0.0113099,0,0.589812,0.0747189,2.92981,0.155424,0.035612,2.42607,0.232718
198.066213152,3.7803e-05,0.0346927,2.01892,0.00634473,0,0.460251,0.0641069,2.94542,0.023146,0.200799,2.66458,0.295532
198.112653061,0.0379744,0.318911,2.31533,0.00343564,0.0252746,0.389983,0.0510695,2.80643,0.0400529,0.213595,2.63672,0.242287
198.159092971,0.163885,1.14416,1.85645,0.254235,0.0244424,0.409989,0.0425215,2.70593,0.0214458,0.160944,2.40925,0.248886
198.205532880,0.212886,1.56829,1.10692,0.136936,0,0.366222,0.0429849,2.88659,0.0564705,0.154334,2.28152,0.332151
198.251972789,0.248725,1.66847,0.939824,0.131347,0,0.338436,0.034732,3.01665,0.0746862,0.191065,2.25434,0.37633
198.298412698,0.302193,1.62306,0.989965,0.253403,0,0.289157,0.0277743,3.12016,0.0486989,0.205089,2.37722,0.348831
198.344852608,0.508982,1.34133,0.897013,0.414401,0,0.356651,0.097946,3.05479,0.0320346,0.149832,2.53302,0.363343
198.391292517,0.185324,0.535354,1.44006,0.128176,0.0642894,0.395066,0.0825694,3.45041,0.0343165,0.00155457,2.36388,0.752713
198.437732426,0.000263504,0.842219,1.38091,0.043384,0.135945,0.43986,0.0157059,2.8809,0.218216,0.0727796,1.70705,0.93667
198.484172336,0.000531463,0.698985,1.48094,0,0,0.573495,0.0225391,1.81218,0.302081,0.522136,0.892536,0.859207
198.530612245,0.000597913,0.334939,2.05008,0,0.00767891,0.335531,0.447199,1.79038,0.250297,0.939789,0.494564,0.568268
198.577052154,0.0172519,0.0670992,2.70567,0.0134376,0.00566562,0,0.759173,1.54962,0.188908,1.17543,0.418384,0.19252
198.623492063,0.0310448,0.00400031,2.73747,0.331228,0.00191155,0,0.808442,1.07117,0.132026,0.997327,1.11167,0.00985019
198.669931973,0.0157045,0.025936,2.10021,0.902959,0.867893,0,0.625162,0.951184,0.058947,0.309478,1.69561,0
198.716371882,0.00780181,0.0470855,0.830886,1.11667,1.64564,0.047349,0.508318,0.99682,0.0626518,0.0199074,1.51405,0
198.762811791,9.15534e-05,0.0591697,0.57984,0.263279,1.38,0.931192,0.517612,1.01542,0.111755,0.171804,1.33378,0.317723
198.809251701,0.107606,0.0603831,1.39108,0.0160362,0.684622,1.64334,0.524462,0.776082,0.0635522,0.340133,0.975006,0.41594
198.855691610,0.712476,0.0587583,1.55426,0,0.223671,1.95789,0.59088,0.921988,0.0183402,0.57348,1.12216,0.0667285
198.902131519,0.790466,0.0514993,1.80801,0.012858,0.23011,1.85347,0.505283,1.03822,0.0414091,0.551636,1.3023,0.178983
198.948571429,0.614629,0.0379198,2.05185,0.0567561,0.695442,1.44596,0.300583,1.04337,0.0411949,0.178023,1.70214,0.4355
198.995011338,0.612998,0.0290602,2.18346,0.0238064,1.06844,0.601051,0.275043,1.35773,0.00770135,0.088283,1.83885,0.41391
199.041451247,0.82431,0.0265182,2.49027,0.0163104,1.27688,0.430812,0.380589,1.39592,0.00893928,0.145854,1.68187,0.249243
199.087891156,1.07398,0.10519,1.83576,0.0143602,2.36356,0.507508,0.501399,1.01292,0.0090374,0.61909,1.29322,0.175323
199.134331066,1.09153,0.178562,1.03265,0,2.88506,0.736759,0.551849,0.795626,0.0362763,0.797421,1.10794,0.13722
199.180770975,0.925614,0.17473,0.79433,0,2.85549,0.859663,0.49628,0.611341,0.0435653,0.622394,1.15324,0.111257
199.227210884,0.799399,0.119558,0.898927,0.000622806,2.01987,1.51137,0.39766,0.542684,0.0645532,0.153744,1.18715,0.150092
199.273650794,1.07172,0.0271993,0.845239,0.00655084,0.722589,2.17163,0.245104,0.569898,0.0964096,0.19586,1.25845,0.16217
199.320090703,1.35473,0.0310814,0.478895,0.000224116,0.230127,2.86734,0.0706628,0.690255,0.111634,0.338824,1.31209,0.00909921
199.366530612,1.59313,0.0356019,0.407279,0,0.057072,3.41333,0,0.780817,0.0603903,0.54954,1.32938,0.0288482
199.412970522,1.71808,0.0362609,0.415948,0,0.0530905,3.46864,0.0185134,0.851994,0.00718773,0.644174,1.4112,2.49865e-06
199.459410431,1.75352,0.0462518,0.282686,0,0,3.44415,0.0209076,0.838284,0,0.501105,1.40054,0.0801016
199.505850340,1.6456,0.042767,0.151697,0.0021783,0,3.49007,0.0159683,0.824372,0,0.519952,1.53482,0.131096
199.552290249,1.42822,0.0419628,0.251061,0.0554658,0.00251672,3.33373,0.0139316,0.623263,0.104729,0.697607,1.5092,0.114643
199.598730159,1.31781,0.0301674,0.352889,0.0991476,0.00996337,2.80954,0.418636,0.189867,0.306701,1.00594,1.3421,0.0904084
199.645170068,1.41068,0.00571322,0.518855,0.110514,0.0052417,2.37893,0.567777,0.0128856,0.176675,1.39287,1.00818,0.0928586
199.691609977,1.45003,0.00110596,0.845605,0.0120249,0,2.29082,0.514384,0.0286824,0.0993124,1.65492,0.830838,0.120922
199.738049887,1.43621,0.00213194,1.08835,0.00932062,0,2.70801,0.400863,0.0475794,0.0474714,1.79578,1.01029,0.138706
199.784489796,1.39506,0.0770066,1.25731,0.00621009,0,3.12999,0.283362,0.132308,0.00927844,1.85124,1.33757,0.157681
199.830929705,1.38368,0.0166793,1.31701,0,0,2.98707,0.231181,0.268452,0.0486886,1.74831,1.53882,0.132408
199.877369615,1.22961,0.013389,1.42543,0,0.0019381,3.1156,0.20748,0.0698327,0.0274463,1.56812,1.49058,0.0412531
199.923809524,1.09871,0.035766,1.50142,0.0133006,0,3.29656,0.157092,0.0668498,0,1.32859,1.43586,0.0106583
199.970249433,0.910514,0.11183,1.62993,0.0122954,0,3.37553,0.109743,0.0706345,0,1.06193,1.47823,0
200.016689342,0.902856,0.0838996,1.72625,0.0106826,0.0101875,3.23242,0.159412,0.0811252,0,0.88194,1.62601,0
200.063129252,0.947868,0.0542362,1.69693,0,0.00774358,2.99067,0.287549,0.0525809,0,0.837111,1.62305,0.0222199
200.109569161,0.345671,0.44549,1.77529,0,0,2.67676,0.396599,0.199486,0,0.66722,1.68691,0.180571
200.156009070,0.0246472,0.634613,1.7001,0.302329,0,2.0597,0.333067,0.145603,0.0256782,0.479556,1.60726,0.506265
200.202448980,0.0291831,0.454381,1.35315,0.292047,0,1.4477,0.0454026,0.0520387,0.0407985,0.336673,1.85679,0.471064
200.248888889,0.101707,0.440209,1.42281,0.0176951,0.0134829,1.52935,0.0725874,0.0492336,0,0.26619,2.062,0.27285
200.295328798,0.100198,0.767278,1.39989,0.0147728,0.00726187,1.69017,0.00441124,0.118138,0.0976743,0.23147,1.91377,0.263548
200.341768707,0.557909,1.19002,0.840374,0.0187974,0.0105338,2.19892,0.0220078,0.375945,0.168588,0.134504,1.5982,0.199536
200.388208617,1.94386,0.755706,0.582419,0.0163117,0.0255654,2.43019,0.0653839,0.492146,0.273419,0.0710246,1.36759,0.219173
200.434648526,2.6852,0.0352857,0.590291,0.0114795,0.339177,2.03967,0.0697781,0.671498,0.292269,0.10013,1.05936,0.232972
200.481088435,2.82508,0.0263188,0.462859,0.0123182,0.172714,1.64512,0.0836236,1.21127,0.474993,0.13638,0.880738,0.243682
200.527528345,2.86277,0.0710208,0.377051,0.0191985,0.00864649,1.56235,0.0649951,1.63565,0.648002,0.210141,0.752091,0.267902
200.573968254,2.61094,0.211193,0.442794,0.0237366,0.109567,1.42145,0.076448,1.86726,0.669474,0.229527,0.867525,0.270195
200.620408163,2.2772,0.245605,0.775193,0.0231286,0.164824,1.07625,0.0693923,2.05506,0.576282,0.138212,1.22272,0.262709
200.666848073,2.30715,0.0174971,0.908632,0,0.11518,0.840573,0.0543183,2.43082,0.0952963,0.0726702,1.72333,0.234851
200.713287982,2.45235,0.0175735,1.04435,0,0.170459,1.01329,0.0201973,2.21792,0.378682,0.0788741,1.73823,0.227462
200.759727891,2.98543,0.0450756,0.71091,0,0.472273,1.2612,0,1.72911,0.948759,0.137567,1.01337,0.184037
200.806167800,3.1792,0.0165562,0.0592644,0,0.631741,1.19132,0.0181039,1.23224,1.09291,0.435272,0.73857,0.15625
200.852607710,3.19652,0.00218758,0.0177052,0,0.661478,1.45855,0.0289889,1.29438,0.832398,0.704328,0.726233,0.0898303
200.899047619,3.24444,0.002444,0.0223314,0,0.677156,2.18418,0.020856,1.06814,0.365324,0.761132,0.703543,0.00448005
200.945487528,3.75584,0.0496388,0.0395329,0,0.872307,2.21773,0.145945,0.514855,0.124733,0.800122,0.578805,0
200.991927438,3.77951,0.23162,0.0691768,0.00650204,1.09549,1.52308,0.121761,0.579455,0.641981,0.422748,0.513814,0
201.038367347,3.45218,0.200103,0.10056,0.027778,1.34703,0.44878,0.105833,0.885364,0.966054,0.0389956,0.329076,0.0415807
201.084807256,3.43708,0.089857,0.14964,0.0400701,1.47097,0.0277053,0.023596,0.749685,0.870465,0.00985695,0.446273,0.059331
201.131247166,3.68997,0.0175561,0.193963,0.0176542,1.56048,0.0418338,0.117677,0.98569,0.510696,0.0194781,0.496207,0.0274359
201.177687075,3.99854,0,0.214024,0,1.83761,0.0329174,0.159632,1.12925,0.0191693,0.033701,0.42655,0.00330753
201.224126984,4.08489,0.00820115,0.209781,0,2.03396,0.0358085,0.153865,1.27787,0.0626962,0.00973546,0.306166,0.00883158
201.270566893,4.11359,0.025834,0.197102,0,1.98645,0.0362957,0.179768,1.58732,0.0232522,0,0.297656,0.00435868
201.317006803,4.19474,0.0248228,0.176046,0,1.62098,0.0280886,0.220369,1.8016,0,0,0.302123,0.00823875
201.363446712,4.31884,0.00119471,0.157534,0.0110213,1.37496,0.0148717,0.161048,1.73704,0,0.00114721,0.273217,0.0410992
201.409886621,4.33787,0.00130691,0.165873,0.0103727,1.36268,0.00870349,0.100134,1.80337,0.00494845,0.000836716,0.180406,0.0274044
201.456326531,4.32826,0.0306963,0.183835,0.0126863,1.33938,0.00746523,0.104038,1.80072,0.050106,0,0.105958,0.029934
201.502766440,4.21256,0.0276828,0.197599,0.0109376,1.25312,0.0319239,0.136265,1.93536,0.0733881,0.000441698,0.108367,0.0317887
201.549206349,4.15403,0.00764773,0.113269,0.0177104,1.27303,0.0192799,0.113398,1.91708,0.00565109,0.00508452,0.382631,0.0304856
201.595646259,3.81039,0.0422294,0.0788797,0.0755083,1.81092,0.0203691,0.0852789,1.92534,0.0902594,0.00501544,0.446594,0.0314672
201.642086168,3.69818,0.00804773,0.0755903,0,2.31299,0.0052108,0.0687437,1.97274,0.369273,0.00430212,0.376235,0.0178613
201.688526077,3.80014,0.00148541,0.0760614,0.000408732,2.51335,0.000734327,0.0376768,1.96214,0.590577,0.00283061,0.250072,0.0181508
201.734965986,4.08093,0.00137167,0.0779017,0.00312997,2.46982,0,0.0399672,1.94338,0.572022,0.000776876,0.118355,0.0279843
201.781405896,4.18853,0.000179953,0.0845581,0.0102136,2.50292,0,0.0847143,1.85132,0.255976,0,0.103585,0.0387093
201.827845805,4.2111,0.000545499,0.122136,0.0121265,2.60888,0.00145407,0.0479133,1.71901,0.150104,0,0.183456,0.0340641
201.874285714,4.18281,0.00208745,0.163463,0.00827466,2.60448,0.00374995,0.0384078,1.69059,0.0631804,0.000938731,0.206049,0.0286546
201.920725624,4.16209,0.00270703,0.195413,0.00569239,2.38079,0,0.0761639,1.81444,0.0351104,0.00197246,0.208107,0.0482286
201.967165533,4.03887,0.0024853,0.18653,0.00671678,2.14079,0.00386597,0.150808,1.87068,0.0135867,0.00357984,0.201601,0.0619176
202.013605442,3.88057,0.00131762,0.172096,0.00175303,1.94536,0.0282809,0.199206,1.9444,0.0778137,0.00943176,0.090582,0.0263529
202.060045351,3.83371,0.0154361,0.190409,0.00607289,1.74396,0.024439,0.227121,1.78029,0.154884,0.0126813,0.0813062,0
202.106485261,3.52706,0.0403674,0.186175,0.0145503,1.84913,0.0035653,0.207965,1.869,0.179012,0.0144474,0.355593,0.00979274
202.152925170,3.06676,0.0739405,0.148536,0.0635013,1.60483,0.00180841,0.235771,1.90163,0.102205,0.0589079,0.520523,0.0168799
202.199365079,2.99014,0.0550525,0.138843,0.0993219,1.48013,0.000637899,0.267817,1.73453,0.0103045,0.152485,0.438879,0.0183521
202.245804989,3.00072,0.0592809,0.162881,0.0992776,1.56168,0,0.246901,1.70988,0.00722885,0.156991,0.394768,0.0252888
202.292244898,3.35056,0.0504974,0.206182,0.0102751,1.7431,0,0.19285,1.65505,0.0988272,0.151411,0.364504,0.082256
202.338684807,3.70125,0.0553649,0.22147,0.0141203,1.82601,0.0158399,0.154995,1.69803,0.114403,0.0742524,0.175558,0.166635
202.385124717,3.85657,0.0577454,0.195969,0.0250329,1.64304,0.00826463,0.199712,1.593,0.184511,0.0229439,0.118386,0.152728
202.431564626,3.59944,0.0998648,0.18995,0.0589446,1.89326,0.0042549,0.257673,0.980945,0.714226,0.0624122,0.348497,0.0134017
202.478004535,3.01528,0.194747,0.209018,0.00401937,2.30361,0.00956304,0.32017,0.646786,0.826621,0.0879509,0.618236,0
202.524444444,2.65161,0.2031,0.199347,0.101187,2.45459,0.0229642,0.331531,1.05258,0.652888,0.143444,0.713015,0
202.570884354,2.35908,0.144308,0.181906,0.00848811,2.4926,0.0329778,0.284512,1.46524,0.664532,0.168148,0.612223,0.00993848
202.617324263,2.42618,0.125751,0.195634,0.00275209,2.58949,0.0262851,0.160876,1.80324,0.513912,0.125213,0.308698,0.0259688
202.663764172,2.61585,0.193773,0.282025,0.00809326,2.50528,0.000275669,0.120853,1.69435,0.219226,0.149756,0.267514,0.0023998
202.710204082,2.206,0.241856,0.390352,0.00458814,2.60397,0,0.0844996,1.48542,0.492888,0.00360254,0.630047,0.0545206
202.756643991,2.27421,0.330598,0.491315,0,2.63444,0.00250969,0.00207628,1.28753,0.496598,0.00716985,0.809192,0.374527
202.803083900,2.53278,0.131058,0.561278,0,2.53979,0.0289121,0.10099,1.19326,0.366329,0.0103089,0.730243,1.05831
202.849523810,2.84023,0,0.55719,0,2.48003,0.0402395,0.109433,1.41584,0.0192605,0.00977791,0.538026,0.995748
202.895963719,2.82702,0.00065227,0.486813,0,2.39774,0.038128,0.0857073,1.75964,0.125738,0.00264066,0.129396,0.759373
202.942403628,2.43878,0.00224082,0.261122,0,2.5747,0.0310472,0.0809152,1.83514,0.350483,0.229355,0.0541682,0.968222
202.988843537,1.97694,0.240709,0.309923,0,2.58739,0.0270284,0.0492665,1.17714,0.452427,1.15857,0.0738116,1.01326
203.035283447,1.97902,0.398493,0.422765,0.00252045,2.21629,0.0199123,0.0226155,0.558537,0.43456,2.21689,0.10254,0.733864
203.081723356,1.80194,0.409932,0.37003,0.00792419,1.77023,0.0195583,0.024033,0.583394,0.187309,3.00447,0.0450263,0.283078
203.128163265,1.53948,0.387797,0.431406,0.0126153,1.40243,0.0198688,0.0248688,0.66562,0.146655,3.36638,0.0280495,0.00982075
203.174603175,1.50273,0.0829842,0.498711,0.194844,1.28801,0.0157741,0.00965711,0.719673,0.111625,3.3309,0.00641674,0
203.221043084,1.57468,0.00179596,0.483806,0.134064,1.59898,0.0172201,0.0563636,0.667604,0.0260672,3.27352,0.0406803,0
203.267482993,1.45645,0.0160823,0.430285,0,1.93361,0.022747,0.0508509,0.448881,0.0292734,3.58033,0.00986886,0.0105898
203.313922902,1.07932,0.0215119,0.847224,0,2.00925,0.0507454,0.16974,0.247448,0.0602214,3.52348,0.0517659,0.00155809
203.360362812,0.8547,0.0221676,1.29955,0,2.02691,0.0522589,0.147474,0.26372,0.0155544,3.29177,0.05084,0
203.406802721,0.900289,0.026171,1.66105,0,2.05343,0.0497935,0.140374,0.582538,0.0135102,3.00208,0.0799299,0
203.453242630,0.980004,0.0208651,1.86841,0,1.93247,0.0550075,0.145648,0.736908,0.0115284,3.10242,0.0221713,0.006562
203.499682540,1.00945,0.000426459,2.04463,0,1.70676,0.0496542,0.172092,0.868104,0.0101887,3.24038,0.000418018,0.0273212
203.546122449,1.22264,0.0219945,2.58256,0,1.25529,0.0320768,0.222973,1.3745,0.00995309,2.43401,0.00194475,0.0291838
203.592562358,1.38344,0.0465421,2.71887,0.0112453,0.675739,0.231255,0.523975,1.61076,0.0497062,1.22531,0.0420044,0.300215
203.639002268,1.40775,0.0573079,2.82,0.0119904,0.818398,0.382778,0.487378,1.73284,0.0314495,0.645715,0.0480036,0.347857
203.685442177,1.26643,0.0165762,2.99106,0.00416452,0.806509,0.37118,0.436289,1.77702,0.051004,0.760498,0.0385517,0.367948
203.731882086,0.940571,0.00383287,3.02416,0.00170222,1.00333,0.218792,0.525187,2.03303,0.181108,0.862151,0.0132488,0.168749
203.778321995,0.889791,0.0120682,3.03766,0,1.25979,0.00676567,0.462348,2.10247,0.235375,0.778856,0,0.0927991
203.824761905,0.817609,0.0219909,3.08471,0,1.26866,0.0237037,0.399711,1.87411,0.126141,0.901654,6.15003e-05,0.0362769
203.871201814,0.768236,0.0261435,3.0927,0,1.03664,0.0166251,0.42201,1.84214,0.0299912,0.964233,0.000202364,0.049201
203.917641723,0.989565,0.0324431,3.1153,0,0.863124,0,0.382447,1.91063,0.0083652,0.850405,0.000388355,0.0733477
203.964081633,1.5536,0.0018685,2.88452,0,0.902009,0.00332597,0.188566,2.26833,0.0117899,0.755822,0.0102878,0.0695872
204.010521542,1.95462,0.00159637,2.71199,0.0841815,0.917338,0.0199901,0.223874,2.37754,0.00531521,0.664313,0.0547038,0.024974
204.056961451,2.09596,0.0552726,2.34849,0.32187,0.486867,1.9169,0.686526,1.48296,0.0288546,0.414098,0,0
204.103401361,2.25665,0.00448102,1.59122,0.465724,0.497736,2.64322,0.453829,0.0571348,0.236499,0.271202,0,0.0246311
204.149841270,2.37633,0.0386262,0.795149,0.422693,1.07681,2.31809,0.410359,0.0878309,0.537401,0.309195,0.0207039,0.0303974
204.196281179,2.27469,0.100799,0.831751,0.0453491,1.32172,2.04129,0.571214,0.187469,0.838492,0.605312,0.0765203,0.0317438
204.242721088,2.29973,0.102123,0.797185,0,1.70602,1.8631,0.309611,0.244734,0.899998,0.703577,0.300752,0.0155604
204.289160998,2.45395,0.0824148,0.66502,0,1.88839,2.04135,0.104217,0.397481,0.805516,0.671542,0.352136,0
204.335600907,2.63786,0.0835746,0.46484,0,1.93043,2.14407,0.0355451,0.699538,0.612341,0.507576,0.315559,0
204.382040816,2.68663,0.00250445,0.374289,0,1.8825,2.24491,0.0583992,0.737895,0.506787,0.267289,0.266223,0
204.428480726,2.56841,0.00192328,0.390456,0,1.99427,2.17778,0.066455,0.867847,0.533671,0.140065,0.250508,0.0168496
204.474920635,2.56562,0.00232289,0.342797,0,2.16341,1.86226,0.0431072,1.10017,0.486803,0.00334145,0.350534,0.0141009
204.521360544,2.61192,0.00234837,0.227308,0,2.35525,1.51184,0.0099378,1.37251,0.430983,0.00318793,0.560705,0.015551
204.567800454,2.86646,0.0365268,0.14839,0.00592955,2.52515,1.06319,0.0165742,1.61208,0.382996,0.00250281,0.610304,0.0154186
204.614240363,2.94728,0.0636922,0.200607,0.0182624,2.49653,1.23144,0.051402,1.68385,0.452707,0.000252992,0.46863,0.0149408
204.660680272,2.99623,0.0525071,0.144314,0.0128757,2.57072,1.24434,0.0872248,1.77635,0.43269,0.0903405,0.381666,0.0162977
204.707120181,2.60886,0.0017196,1.04606,0.00604901,2.38425,0.880204,0.124823,1.77612,0.324679,0.087619,0.403727,0.202589
204.753560091,2.45054,0.00157461,1.1537,0.00455555,1.80523,0.249761,0.242414,2.43428,0.243015,0.0759815,0.299166,0.440726
204.800000000,2.57085,0.0256568,1.16133,0.0038811,1.30539,0.0491822,0.135038,2.71854,0.164566,0.117116,0.271495,0.527653
204.846439909,2.6777,0.0197147,1.06768,0,1.46267,0,0.0342061,2.76788,0.105704,0.140051,0.196734,0.400549
204.892879819,2.92603,0.0208082,0.928883,9.45198e-05,1.71546,0.00230912,0.0679097,2.54991,0.140692,0.111009,0.135477,0.284768
204.939319728,3.07651,0.0171622,0.657889,0.00126619,1.94673,0.00532324,0.212414,2.17831,0.341495,0.0214843,0.0556533,0.133921
204.985759637,2.81056,0.00662172,0.877741,0.00282229,1.64119,0.0150682,0.306821,2.01954,0.333955,0.00736408,0.153767,0.000782926
205.032199546,2.85107,0.00157697,0.769512,0.00819952,1.40685,0.0239659,0.177933,2.16374,0.297099,0.0112111,0.372347,0.00114694
205.078639456,3.28354,0.0118946,0.586954,0.0247172,1.79809,0.0273083,0.124277,2.11143,0.0581701,0.0168971,0.289051,0
205.125079365,3.50352,0.0287124,0.484892,0.0146315,2.14638,0.0201141,0.128835,2.2185,0.0207999,0.0440976,0.23396,0
205.171519274,3.64557,0.0296901,0.456935,0.0150371,2.34892,0.00482516,0.206262,2.1404,0.00717445,0.0121566,0.238563,0
205.217959184,3.48228,0.00161226,0.514823,0,2.03096,0.000127431,0.345715,1.6067,0.0120001,0.267401,0.567877,0.00388888
205.264399093,2.94923,0.00111869,0.434304,0.0368339,1.24859,0.101894,0.585033,1.47973,0.0312318,0.432398,0.716556,0.183514
205.310839002,2.12266,0.10978,0.2403,0.532042,0.983468,0.828843,0.988263,1.15635,0.0305085,0.769594,0.433305,0.0502834
205.357278912,0.889612,0.235655,0.192477,1.13337,1.11438,1.41028,1.06712,0.696941,0,1.53424,0.208047,0
205.403718821,0.975133,0.130293,0.283007,1.71624,0.988329,1.7711,0.68272,0.39776,0.0239642,2.55618,0.163731,0.000288932
205.450158730,1.41802,0.145816,0.848102,1.59639,0.881337,1.86326,0.00515861,0.456948,0.0428837,2.48812,0.00421143,0.0329439
205.496598639,1.83158,0.164133,1.05145,0.888523,1.00358,1.96188,0.00213319,0.482869,0.584269,1.86159,0.0946912,0.0361587
205.543038549,1.69301,0.276407,0.94205,0.202841,1.2102,1.53796,0.147407,1.20696,0.849704,1.07362,0.267748,0.181575
205.589478458,0.979925,0.277604,1.12648,0.234729,1.23256,0.3457,0.119982,2.66886,0.524707,0.382315,0.178281,0.147735
205.635918367,0,0.28276,1.21328,0.110275,0.658397,0.085634,0.0141676,3.3543,0.143914,0.365723,0.168127,0.623253
205.682358277,0.129634,0.170916,1.4689,0.0273718,0.479659,0.190226,0.0276974,3.4424,0.0659299,0.302848,0.189798,1.01806
205.728798186,0.203229,0.0774338,1.73251,0.115227,0.453357,0.324536,0.040591,3.3069,0.0351917,0.233112,0.208125,1.45342
205.775238095,0.663663,0.106869,1.94645,0.00599224,0.357551,0.272955,0.0349499,3.25699,0.000997061,0.235332,0.363201,1.77014
205.821678005,0.79836,0.0912437,2.16867,0,0.298146,0.33092,0.0310888,3.4531,0,0.243215,0.439562,1.87684
205.868117914,0.684034,0.0802112,2.36587,0,0.160272,0.499867,0.0175912,3.6006,0,0.178925,0.407204,1.76026
205.914557823,0.769569,0.0561413,2.37848,0,0.00668875,0.579598,0.0194975,3.61861,0.0214621,0.020509,0.394522,1.44137
205.960997732,1.0226,0.0653955,2.11285,0.00622997,0,0.534926,0.0197602,3.6382,0.00232097,0.0151491,0.409862,1.39334
206.007437642,1.22591,0.0745263,1.92728,0.00177871,0.00192632,0.374171,0.0219099,3.67952,0,0.0140894,0.470772,1.2662
206.053877551,1.26925,0.0429167,2.11919,0,0.0266928,0.304842,0.0663213,3.52137,0,0.0154337,0.549429,1.39639
206.100317460,0.809131,0.000260712,2.36237,0,0.0180199,0.641034,0.0750166,3.22056,0,0.020214,1.19737,0.966555
206.146757370,0.0887946,0.004725,2.36014,0,0.0272868,0.436638,0.0741784,3.35764,0,0.0171351,2.29261,0.402261
206.193197279,0.00865209,0.00724164,2.28732,0.0175467,0,0.495706,0.0624223,3.36309,0.0523507,0.017073,2.5667,0.291801
206.239637188,0,0.0155341,2.21638,0.0165803,0,0.595678,0.0488057,3.44622,0,0.0785878,2.77696,0.145707
206.286077098,0,0.0558934,2.19988,0.0163417,0,0.66761,0.0341285,3.44012,0,0.120938,2.92023,0.119812
206.332517007,0,0.0534291,2.17439,0.0165633,0,0.704807,0.0192847,3.31721,0,0.199997,2.97068,0.178965
206.378956916,0.0343989,0,2.01527,0.0177326,0,0.805933,0.010813,3.11367,0.000107946,0.366929,2.90101,0.187163
206.425396825,0.0153863,0.0121093,1.96863,0.0188698,0,0.802186,0.013912,3.16479,0.000637591,0.420773,2.79627,0.185544
206.471836735,0.00707097,0.187172,2.17696,0.0183518,0,0.725803,0.00911727,3.26947,0.000374758,0.342933,2.71572,0.183012
206.518276644,0.0214063,0.172028,2.29586,0.0177776,0,0.698821,0.000408246,3.48655,0.0009707,0.278426,2.62595,0.18852
206.564716553,0.0491008,0.00705301,2.35163,0.0176319,0,0.685623,0,3.67937,0.000112557,0.177782,2.54574,0.20176
206.611156463,0.0648569,0.0259154,2.30401,0.00930509,0,0.62409,0.158253,3.73113,0,0.0805712,2.50024,0.175318
206.657596372,0.0594116,0.226901,2.17097,0,0.0228353,0.623419,0.189248,3.60566,0,0.0147356,2.46126,0.0310584
206.704036281,0.000459818,0.372748,1.84631,0,0.0328583,0.606962,0.0724029,3.63418,0.0557068,0.0152744,2.37856,0
206.750476190,0.000258701,0.383651,1.93886,0,0.0330673,0.543066,0.0106275,3.586,0.0986785,0.0483876,2.16696,0
206.796916100,3.98477e-05,0.36391,2.01791,0,0.0378611,0.318802,0,3.52208,0.147055,0.0566327,2.1508,0.0518546
206.843356009,0.0598719,0.256005,1.90691,0,0.035084,0.204772,0,3.08094,0.488232,0.0381442,2.71539,0.138663
206.889795918,0.109499,0.864789,1.51435,0.00250232,0.0031336,0.419979,0.011953,2.61392,0.264847,0.0247414,2.84161,0.176206
206.936235828,0.0776769,1.20497,0.940693,0.238245,0.00116608,0.472862,0.0199065,3.01602,0.0208261,0.0442685,2.57017,0.160444
206.982675737,0.219235,0.671111,1.47301,0.225354,0.00333534,0.593563,0.461306,3.30766,0,0.0741607,2.1534,0.137687
207.029115646,0.142563,0.185119,2.34481,0.00323961,0.0441098,0.756985,0.558034,2.97652,0.192458,0.0637739,1.99805,0.0287232
207.075555556,0.0410001,0.0485517,2.44402,0,0.0371667,0.778716,0.227827,3.4906,0.172057,0.0911375,1.79138,0
207.121995465,0.0700681,0.042012,2.35626,0,0.0186933,0.648089,0.00979697,3.92526,0.0644139,0.0510018,1.61556,0.0820558
207.168435374,0.166898,0.0444186,2.33265,0.00069498,0.0235862,0.411166,0,4.01005,0.0831925,0.0162348,1.89216,0.143063
207.214875283,0.198271,0.119002,2.36968,0.00100935,0.0252716,0.135507,0,3.8992,0.0723524,0.0176455,2.17047,0.292926
207.261315193,0.178531,0.160733,2.32125,0.143001,0.02744,0.0299211,0.0299597,3.88395,0.00821452,0.0166801,2.07013,0.265458
207.307755102,0.0875763,0.0963691,2.29403,0.25752,0.0211476,0.0289085,0.0500276,4.05843,0,0.0584793,1.8041,0.138992
207.354195011,0.163136,0.31753,2.19036,0.694039,0.032079,0.0203447,0.0545773,3.89829,0,0.0133446,1.58744,0.0869517
207.400634921,0.18085,0.473081,1.76051,1.50755,0.0337389,0.0097675,0.0311696,3.6318,0,0.00330138,1.4599,0.136805
207.447074830,0.189859,0.614212,1.35193,2.06318,0.010891,0.000220525,0.010839,3.50174,0,0.00119495,1.23087,0.20666
207.493514739,0.173759,0.829794,1.26166,2.11779,0.00509948,0.00188205,0.0214403,3.25734,0,0.00342069,1.4409,0.255892
207.539954649,0.175581,0.677031,1.97401,0.882329,0.0233217,0.0061872,0.0538197,2.99887,0.017291,0.560186,1.53882,0.183861
207.586394558,0.157812,0.0180046,2.76877,0.334776,0.0263509,0.0102856,0.098058,2.56166,0.000888645,0.736897,1.187,0.142924
207.632834467,0.216361,0.017231,2.55947,0.821695,0.0242296,0.0318093,0.130973,2.13482,0.00213207,0.540179,1.05067,0.133212
207.679274376,0.257983,0.00687896,2.00171,1.07534,0.0289664,0.254127,0.137182,1.91693,0.000398553,0.343414,1.21104,0.12774
207.725714286,0.180383,0,1.24751,1.59034,0.0747657,0.36517,0.00900453,1.58222,0.0397802,0.210762,1.3659,0.142423
207.772154195,0.0903969,0,0.578893,1.69301,1.15823,0.390854,0.00302372,1.11159,0.0160718,0.229871,1.42559,0.15051
207.818594104,0.174173,0,0.290067,1.21722,2.57351,0.497231,0.0215969,0.537435,0.16425,0.263278,1.10446,0.267492
207.865034014,0.57665,0,0.266502,0.169502,2.20864,0.978461,0.0540874,0.297055,0.0967533,0.697177,0.942804,0.415566
207.911473923,0.724204,0,0.262184,0.0784073,1.16467,1.62725,0.0795836,0.848127,0,0.93667,0.966991,0.191325
207.957913832,0.874297,0.0194688,0.293801,0.183466,0.133244,2.35901,0.0836982,1.05452,0,0.930883,1.1714,0.0696062
208.004353741,1.18867,0,0.290518,0.169375,0.0439058,2.85052,0.17108,0.905843,0,0.934249,1.32632,0.0309103
208.050793651,1.3091,0,0.248058,0.125729,0.246717,2.68007,0.338807,0.719931,3.32602e-05,0.878183,1.46046,0.0655831
208.097233560,1.34172,0,0.227975,0.0720794,0.390099,2.21123,0.324347,0.595258,0,0.574701,1.62254,0.134046
208.143673469,1.17063,0.02035,0.211376,0.0249665,0.654236,1.94907,0.154105,0.528677,0,0.316898,1.72692,0.156252
208.190113379,0.865245,0.0545827,0.886871,0.0142241,0.866268,1.98309,0.0809963,0.48501,0,0.366268,1.8494,0.211103
208.236553288,0.736771,0.110026,1.55325,0.128099,0.758927,1.95905,0.0766762,0.588934,0,0.378322,2.05197,0.260349
208.282993197,0.582079,0.113053,1.8934,0.464714,0.380119,1.34172,0.0729721,0.72148,0,0.329459,2.07603,0.0759694
208.329433107,0.585904,0.0676398,2.04477,0.32156,0.27755,0.719572,0.0656763,0.738197,0.0548128,0.337139,2.05491,0
208.375873016,0.517366,0.10295,2.20262,0.0615588,0.490732,0.933225,0.0133988,0.80765,0.0558741,0.303087,2.07606,0.00942707
208.422312925,0.367991,0.202039,2.05018,0.0227954,0.713201,1.46728,0.0103832,1.0421,0.0528968,0.286887,1.64739,0
208.468752834,0.395654,0.135539,1.98402,0.307053,0.729434,1.61764,0.0251744,1.61886,0.0523012,0.218321,1.49541,0
208.515192744,0.496381,0.0281407,2.29219,0.285301,0.490502,1.0403,0.044158,2.20306,0.0690769,0.277399,1.40945,0
208.561632653,0.580365,0.00227382,2.48173,0.311589,0.348343,0.714039,0.0654942,2.39985,0.0262528,0.360469,1.26028,0.0196406
208.608072562,0.591065,0.0677676,2.53233,0.326121,0.315712,0.86092,0.0756058,2.45771,0.021868,0.328103,1.5105,0
208.654512472,0.664197,0.0908613,2.67101,0.0301842,0.215171,1.00546,0.103191,2.33569,0.0309516,0.281703,1.95004,0.147991
208.700952381,0.414941,0.1099,2.2142,0.419045,0.376157,0.753953,0.387441,2.33803,0.0516765,0.36692,1.76428,0.128842
208.747392290,0.261638,0.0339627,1.89237,1.77354,0.151092,0.0816726,0.244242,1.56474,0.0378082,0.392049,1.09103,0.151583
208.793832200,0.264829,0.0158769,1.50779,2.09451,0,0.121164,0.144412,0.825468,0.00299008,0.551445,1.21474,0.198428
208.840272109,0.202055,0.0144004,1.32383,2.11844,0,0.0910072,0.133339,0.643724,0,0.265763,1.44725,0.196996
208.886712018,0.0432084,0.0101853,0.938182,2.38398,0,0.151796,0.111834,0.772602,0,0.0622132,1.51044,0.249894
208.933151927,0.0833816,0,0.500147,2.39618,1.0473,0.168847,0.0917352,0.73822,0,0.10482,1.57601,0.409988
208.979591837,0.103003,0,0.377327,1.426,2.48034,0.0766433,0.0414955,0.533254,0.177407,0.119605,1.53001,0.609776
209.026031746,0.11839,0,0.255211,0.368134,2.68678,0.0225532,0.0235578,0.309094,0.221141,0.0777787,1.14078,1.024
209.072471655,0.129856,0.000302668,0.318198,0.161492,2.28757,0,0.0528486,0.37623,0.222587,0.0933362,1.14884,1.24005
209.118911565,0.131311,0.000956454,0.405603,0.0645046,2.27311,0.0124984,0.0692482,0.394085,0.240955,0.00763836,1.34781,1.18847
209.165351474,0.159085,0.00135547,0.416248,0.0360697,2.07988,0.355485,0.0648878,0.195334,0.266484,0.00723717,1.30942,1.04708
209.211791383,0.126379,0.00809638,0.391315,0.0192933,1.65107,0.835189,0.0473634,0.0878867,0.372152,0.00785059,1.31717,0.849335
209.258231293,0.0433753,0.017701,0.430277,0.0735131,1.06379,1.28024,0.0274075,0.0439247,0.690015,0.410105,1.25978,0.775585
209.304671202,0.0177074,0.0174445,0.289044,0.0575347,0.931698,1.53241,0.0102622,0.479119,0.828078,0.537348,0.8529,0.767522
209.351111111,0.0704396,0.0087677,0.311487,0.0104176,1.22729,1.44206,0.0235547,0.930408,0.742949,0.718544,0.623783,0.773907
209.397551020,0.248978,0.00799443,0.518046,0.0036668,1.86736,0.550094,0.0453597,1.07143,0.410705,0.634803,1.17178,0.647264
209.443990930,0.180367,0.00914766,1.33733,0.0379144,2.02104,0.263733,0.0583926,1.28081,0.136582,0.416508,1.35047,0.314131
209.490430839,0,0.0129195,1.98629,0.108093,1.21842,0.177719,0.0722805,1.3004,0.0990585,0.44527,1.45014,0.188277
209.536870748,0.00583219,0.0238898,2.21185,0.0547134,0.130844,0.343277,0.186493,1.36568,0.124875,0.549734,1.39108,0.180292
209.583310658,0.104902,0.0368381,2.64457,0.120645,0.0212181,0.379759,0.406732,1.66501,0.248675,0.87425,1.17926,0.193133
209.629750567,0.0675147,0.030611,3.15888,0.114903,0.0254284,0.623205,0.417606,1.82025,0.392557,1.28404,0.859714,0.125389
209.676190476,0.0959829,0.0295043,3.31251,0.0752572,0.0124339,0.499125,0.448701,2.20723,0.332558,1.20514,1.19513,0.167643
209.722630385,0.106903,0.0430839,3.37035,0.0990253,0.00831548,0.245431,0.426961,2.23705,0.0331699,0.906174,1.51265,0.303545
209.769070295,0.03247,0.0496647,3.29497,0.180937,0.0341604,0.0525778,0.331261,2.40132,0.00190377,0.746287,1.83649,0.277671
209.815510204,0.0310312,0.308213,3.05065,0,0.117473,0.0308771,0.290051,2.5056,0.00126079,0.670198,1.90986,0.209906
209.861950113,0.144639,0.609179,2.72604,0,0.106977,0.492532,0.219115,1.77712,0.00257744,1.1779,1.10741,0.0435091
209.908390023,0.198374,0.430994,2.733,0.0431343,0.107291,0.899539,0.0223772,1.35638,0.00836203,1.48838,1.40707,0
209.954829932,0.208904,0.118394,2.61687,0.614254,0.0614497,0.995603,0.0250241,1.13419,0.00965171,1.41003,1.42725,0.0386585
210.001269841,0.200537,0.00301699,2.24524,1.5879,0.0489872,0.743712,0.00697002,0.942683,0.0200672,1.35103,1.01025,0.134501
210.047709751,0.48984,0.0199446,1.05252,2.14753,0.889767,0.533729,0,0.512442,0.373846,1.75311,0.394841,0.320288
210.094149660,0.724189,0.0883313,0.240552,1.2398,1.81882,0.63818,0,0.166566,0.576806,1.83669,0.0825991,0.286059
210.140589569,0.982022,0.244836,0.330524,0.15401,1.79076,0.251424,0.0130474,0.0445058,0.563264,1.59696,0.163585,0.242926
210.187029478,1.4738,0.27483,0.303412,0,1.4369,0.404349,0.0236506,0.0676318,0.955334,0.771881,0.302347,0.0971922
210.233469388,1.89249,0.226657,0.240719,0,1.33722,1.01233,0.0328184,0.0728288,0.977022,0.238864,0.208369,0
210.279909297,2.26318,0.117536,0.213016,0.00295178,1.5183,1.84882,0.0389273,0.0541399,1.00606,0.0430145,0.068004,0.0189841
210.326349206,2.38075,0.0410828,0.0806263,0.00505898,1.59449,2.58411,0.0331158,0.0395404,0.910788,0.014787,0,0.441498
210.372789116,2.52348,0,0.0191224,0.00585444,1.45019,2.84846,0,0.0386804,0.472562,0.00148871,0,0.613151
210.419229025,2.68009,0,0.0183877,0.0207098,1.22966,2.79094,0,0.0312626,0.244431,0.00154119,2.1857e-05,0.689943
210.465668934,2.67603,0,0.0253651,0.0212714,0.632294,3.05036,0,0.0432363,0.158612,0.0377307,0.00042276,0.671134
210.512108844,2.53602,0.0579049,0.10964,0.0148477,0.00665046,3.29419,0.0763862,0.0260281,0.100568,0.0729745,0.000869179,0.346602
210.558548753,2.29918,0.144933,0.0952255,0.0125347,0.0205883,3.22157,0.0859598,0.0227308,0.0767748,0.101118,0.00168253,0.0455506
210.604988662,2.09806,0.0989821,0.0585128,0.01987,0,3.22283,0.0422334,0.0388525,0.0535975,0.178768,0.00502246,0
210.651428571,1.83188,0,0.156083,0.0112729,0,3.18007,0.0350535,0.045872,0.0282716,0.244963,0.119748,0.00523752
210.697868481,1.27611,0.0181167,1.73895,0,0.106864,2.87349,0.0248737,0.0166872,0.196453,0.158659,0.195023,0.0634453
210.744308390,1.05416,0.0822872,2.58881,0.00501421,0.645323,2.4059,0.0139631,0.253725,0.530546,0.139503,0.222067,0.0624236
210.790748299,1.09922,0.0458902,2.83056,0.00334864,0.904774,1.79001,0.232189,0.568755,0.771832,0.116115,0.213299,0.0422232
210.837188209,1.23139,0.183367,2.51641,0.000676969,1.0542,1.23963,0.250627,1.04627,0.594989,0.340552,0.175271,0.0362688
210.883628118,2.21116,0.725261,1.90506,0.000326501,1.11524,0.9314,0.00788501,1.1539,0.204523,0.35364,0.228471,0.0603093
210.930068027,3.09576,0.502532,0.968412,0.00604117,1.17586,0.94531,0.00697305,1.07268,0.0875854,0.1423,0.000468537,0.107433
210.976507937,3.51934,0.170875,0.31923,0.0159642,1.37435,0.927806,0.00178342,1.29026,0.0778954,0.130254,0.000288627,0.185089
211.022947846,3.66846,0.0709279,0.317392,0.0183487,1.6657,1.03505,0.0011001,1.4027,0.0686074,0.0457957,0.00494992,0.203024
211.069387755,3.68953,0.068805,0.358938,0.0857094,1.79671,1.19646,0.030477,1.19743,0.0208595,0,0.0317508,0.152479
211.115827664,3.54224,0.12713,0.499355,0.0088095,1.74193,1.14339,0.00826114,1.17365,0.0283466,0,0.101164,0.0173866
211.162267574,3.68422,0.157503,0.508269,0.0100126,1.67647,0.800345,0.149619,1.13848,0.0483069,0,0.107511,0
211.208707483,3.85421,0.176767,0.355662,0.00920532,1.57731,0.442287,0.304488,1.23064,0.0999987,0.000461248,0.0647914,0.00621491
211.255147392,3.77103,0.0709182,0.262258,0.138808,1.43676,0.431917,0.398662,1.64613,0.248862,0,0.0399502,0
211.301587302,3.667,0.0651129,0.265154,0.158573,1.16473,0.348588,0.299527,1.94396,0.381671,0,0.0267366,0
211.348027211,3.61784,0.104975,0.285378,0.12325,1.03352,0.795336,0.0867408,1.75582,0.441917,0.0247693,0.000630282,0
211.394467120,3.53276,0.137983,0.285183,0.0205543,0.914926,1.1535,7.72722e-05,1.60224,0.394191,0.0443047,0.000436327,0.00187041
211.440907029,3.62567,0.100025,0.273143,0.00700315,1.02041,1.15899,0.070008,1.58537,0.311888,0.015262,0.000256442,0.0791631
211.487346939,3.94778,0.156186,0.263896,0.0113082,1.16792,0.801351,0.0691877,1.58542,0.0669325,0.00058638,0.0134551,0.126787
211.533786848,4.14317,0.205649,0.255312,0.0137789,1.0769,0.434529,0.0965231,1.65697,0.00883936,0,0.0334891,0.141188
211.580226757,4.0171,0.164636,0.245352,0.0136218,0.97661,0.436868,0.0602103,1.74351,0.37109,0.000415812,0.0489177,0.135268
211.626666667,4.00559,0.106251,0.232452,0.0136214,0.919564,0.580207,0.00069181,1.84852,0.600377,0.0989516,0.0704578,0.128839
211.673106576,3.85901,0.194896,0.246047,0.0126147,1.38377,0.568536,0,2.06701,0.447089,0.094983,0.0768165,0.280035
211.719546485,3.75685,0.458951,0.320948,0.0137014,1.90811,0.421355,0,2.22813,0.363902,0.0258897,0.0157444,0.275646
211.765986395,3.75553,0.65919,0.248292,0.016478,2.24741,0.24932,0,2.30654,0.229267,0.00603261,0.0327806,0.179629
211.812426304,3.80818,0.627985,0.340564,0.094629,2.23516,0.243211,0.0261738,2.236,0.0924782,0.057231,0.111947,0.0429108
211.858866213,3.99654,0.442587,0.337628,0.129512,2.03507,0.384038,0.0587811,1.99793,0.124306,0.0911658,0.000512021,0.0614805
211.905306122,4.15588,0.342051,0.290333,0.0854912,1.91261,0.103663,0.0490852,2.06027,0.0961562,0.168601,0.0419149,0.121511
211.951746032,4.18676,0.127461,0.253224,0.00181648,1.81473,0.106961,0.0722734,2.12412,0.05896,0.185577,0.0249496,0.129143
211.998185941,4.2246,0.0840233,0.204284,0,1.70377,0.137915,0.070814,2.05553,0.0794628,0.336025,0,0.117669
212.044625850,4.16287,0.0648917,0.221214,0,1.55123,0.12811,0.250989,2.0326,0.190892,0.468701,0,0.000247044
212.091065760,4.18032,0.216581,0.319903,0,1.47684,0.101687,0.196686,2.04712,0.20972,0.487003,0,0
212.137505669,4.30134,0.20258,0.390078,0,1.35932,0.0313336,0.0598481,2.01584,0.034679,0.241768,0,0
212.183945578,4.33281,0.00656837,0.329392,0.0322555,1.09368,0.0287926,0.000255904,1.88951,0.293037,0.31233,0.028006,0.00790743
212.230385488,4.24345,0,0.323749,0.0540657,0.946498,0.0237824,0,1.49836,0.419882,0.32955,0.0962344,0.0728125
212.276825397,4.1319,0,0.412506,0.0189374,0.980065,0.0114176,0,1.01224,0.496279,0.336313,0.065857,0.103051
212.323265306,4.13144,0.00114361,0.408318,0.0099098,0.997827,0.0994858,0.0747961,1.31641,0.309767,0.149633,0.0681773,0.0189606
212.369705215,4.18029,0.00167447,0.325245,0.00733857,1.00195,0.179777,0.0449858,1.57102,0.15771,0.0331045,0.0944171,0.0291062
212.416145125,4.05068,0.0391451,0.192959,0.0101036,1.05781,0.186307,0.00714573,1.57089,0.148943,0.0892494,0.0954511,0.142215
212.462585034,3.68789,0.0261856,0.216554,0,0.884539,0.167693,0.0313574,1.48654,0.568292,0.197443,0.116535,0.106345
212.509024943,2.88784,0.0417618,0.307131,0.102535,0.932438,0.116053,0.0509447,1.27316,0.797801,0.228532,0.135541,0.0621074
212.555464853,2.41332,0.0624518,0.499456,0,1.24301,0.0299344,0.0711189,0.871619,0.766825,0.157749,0.262631,0.0958694
212.601904762,2.81542,0.035621,0.765808,0,1.33471,0.0386028,0.189747,0.313806,0.614719,0.144712,0.343423,0.00702094
212.648344671,3.17602,0,0.920473,0,1.34838,0.0383123,0.122887,0.446376,0.418079,0.178734,0.293617,0.0611618
212.694784580,3.37318,0,0.968233,0.0203669,1.19548,0.0990005,0.0476138,0.763079,0.207594,0.361077,0.0932397,0.145035
212.741224490,3.54793,0,1.0456,0.00289134,0.863955,0.0991342,0.0758807,0.968513,0.152235,0.380519,0.0649805,0.147621
212.787664399,3.70228,0,1.08093,0.00898035,0.579133,0.00366435,0.165797,1.18442,0.156148,0.252474,0.0856597,0.154839
212.834104308,3.83762,0,1.10055,0.0127021,0.514287,0.00449734,0.154967,1.50522,0.150888,0.167863,0.0681982,0.149782
212.880544218,3.71691,0,1.16758,0.149227,0.813517,0.0137174,0.0444063,1.52658,0.109901,0.0944554,0.102307,0.112801
212.926984127,3.44387,0.0180593,1.14704,0.245105,0.946073,0.0521678,0.0478155,1.42739,0.145194,0.0396345,0.111986,0.0506139
212.973424036,2.79673,0.131408,1.11128,0.0448995,0.890858,0.0113208,0.0271634,1.6471,0.325461,0.0110349,0.135251,0.0350912
213.019863946,2.62903,0.139912,1.15576,0.0131266,0.76595,0.0172431,0.0168017,1.8087,0.195061,0.0246749,0.067867,0
213.066303855,2.4703,0.0145249,1.32628,0.012258,0.763737,0.124478,0.032412,2.05378,0.327551,0.372732,0.0333338,0.0671961
213.112743764,2.38976,0,1.33016,0.0121559,0.817272,0.252549,0.0529549,1.93188,0.526825,1.01331,0.0420644,0.00414331
213.159183673,2.71476,0,1.23227,0.00298715,0.954953,0.212496,0.046802,1.82021,0.689159,1.08737,0.0870172,0.136838
213.205623583,2.83796,0,1.54765,0.00759305,1.02586,0.202163,0.0436525,1.85433,0.822784,0.965517,0.0405288,0.140709
213.252063492,3.05071,0.0670583,2.07837,0.0107887,1.08944,0.0317512,0.0510404,1.63039,0.764839,0.816258,0.0904347,0.10801
213.298503401,2.93293,0.126781,2.159,0.00944541,1.40894,0.0936481,0.0644561,0.971784,0.53478,0.488535,0.406534,0.132756
213.344943311,2.72068,0.114909,0.982174,0.00500657,1.5593,0.0533439,0.119733,1.1366,0.668122,0.311911,0.719422,0.1475
213.391383220,2.57464,0.0128866,0.330709,0.00109774,1.82737,0.0094176,0.132259,1.37419,0.833589,0.30008,0.890331,0.134727
213.437823129,2.76475,0.00505525,0.350329,0,1.98104,0.0297975,0.139801,1.4431,0.907765,0.238779,0.937359,0.116646
213.484263039,2.91578,0,0.345297,0.00266653,2.13595,0.0278385,0.102777,1.64662,0.971902,0.189192,0.76423,0.160566
213.530702948,3.175,0,0.306391,0.00169088,2.37258,0.00723282,0.0494936,1.88027,0.90677,0.223551,0.479289,0.152742
213.577142857,3.43729,0,0.199585,0.000944485,2.74904,0,0,1.85791,0.754951,0.267914,0.314064,0.126774
213.623582766,3.51676,0,0.109954,0,2.80522,0.0180842,0.0108863,1.63604,0.306254,0.248611,0.256932,0.157654
213.670022676,3.40746,0,0.0716093,0.0408762,2.79482,0.0385872,0.0408801,1.58442,0.367575,0.151105,0.228049,0.167514
213.716462585,3.33448,0,0.0718761,0.100383,2.88986,0.0538571,0.0379679,1.5325,0.414892,0.00347815,0.212817,0.135396
213.762902494,3.50131,0,0.118254,0.118562,2.92755,0.0212086,0.0163028,1.53519,0.360104,0,0.271755,0.111057
213.809342404,3.62889,0.007806,0.248043,0.0590682,2.97069,0.0137349,0,1.58136,0.225752,0,0.255267,0.122995
213.855782313,3.59826,0.013069,0.284335,0.00479666,3.03847,0,0,1.58982,0.278454,0.00491572,0.149049,0.105434
213.902222222,3.5659,0.0122512,0.13643,0,3.00091,0,0,1.46508,0.538725,0.279608,0.122936,0.0740002
213.948662132,3.55167,0.0413146,0.0581792,0,3.01647,0,0.00118573,1.39713,0.676746,0.564186,0.375469,0.0736492
213.995102041,3.75784,0.0424232,0.0238109,0.00213594,3.08062,0,0.00733981,1.19165,0.81327,0.64274,0.357449,0.136251
214.041541950,3.9636,0.0313756,0.0348102,0.0141169,3.141,0.0099959,0.00955333,0.905045,0.792305,0.563788,0.224746,0.142019
214.087981859,4.08829,0.0148498,0.0663049,0.0145827,3.15416,0,0.00452755,0.993186,0.644709,0.244297,0.298698,0.154347
214.134421769,4.13107,0.00924688,0.159675,0.00828563,2.86764,0,0.197772,1.48358,0.157149,0.208212,0.310976,0.152567
214.180861678,3.75571,0.0349426,0.265211,0.0170356,2.39644,0.176547,0.0945755,1.63265,0.87218,0.148391,0.372391,0.0137828
214.227301587,3.59281,0.034405,0.280329,0.0121368,2.29406,0.148553,0.0200257,1.65175,1.20313,0.159652,0.564108,0
214.273741497,3.59774,0.0222041,0.300842,0.0040011,2.27245,0.0394687,0.0388142,2.00552,1.19847,0.28488,0.538571,0.101322
214.320181406,3.67413,0.00831728,0.368452,0,2.49812,0.0326851,0.0403649,2.19378,1.1242,0.24111,0.501259,0.148652
214.366621315,3.8018,0.000538659,0.424405,0,2.68914,0.0371465,0.0364426,2.17125,0.937008,0.198091,0.416784,0.158995
214.413061224,3.86908,0.000550982,0.352103,0,2.6749,0.0421041,0.0368808,1.9406,0.81284,0.138173,0.528398,0.17068
214.459501134,3.92435,0.0589215,0.195512,0.160479,2.42241,0.0385035,0.0843944,1.68671,0.0292646,0.559128,0.554913,0.16725
214.505941043,3.51608,0.142324,0.0222992,0.25571,1.61452,0.642318,0.0836313,0.783539,0.350636,2.04471,0.430423,0.1548
214.552380952,2.54243,0.354803,0.0400469,0.165683,0.527832,1.76301,0.0195737,0.427236,0.67005,2.80626,0.128729,0.129384
214.598820862,1.88982,0.531335,0.0850691,0.103361,0.123127,2.77081,0.00652632,0.60393,0.700985,2.76371,0.0116972,0.132423
214.645260771,1.78926,0.33341,0.102395,0.0820372,0.264502,3.08798,0.029273,0.612576,0.765397,2.77211,0.0318654,0.146151
214.691700680,2.35327,0.189638,0.163665,0.109031,0.3784,2.96028,0.0272523,0.513765,0.132429,2.81181,0.0428592,0.185962
214.738140590,2.26689,0.138073,0.115136,0.138134,0.277595,2.2466,0.0309996,1.3453,0.0952159,3.10289,0.0510053,0.233784
214.784580499,2.25736,0.309886,0.29297,0.0941918,0.273347,0.996141,0.0249832,2.3115,0.0105202,3.21283,0.380935,0.247975
214.831020408,1.85312,0.229397,0.852461,0.0170977,0.183004,0.734635,0.00341676,3.17504,0.00608517,2.30609,1.00345,0.236896
214.877460317,1.48436,0.0953945,1.26361,0.00657464,0.0431108,1.06266,8.14491e-05,3.39488,0.0020593,0.837789,1.56838,0.263303
214.923900227,1.44525,0.0547431,1.43074,0.0180804,0.0194329,1.12329,0.0017845,3.35559,0,0.107625,1.93507,0.293218
214.970340136,1.49758,0.0433744,1.47661,0.0171515,0.0776144,1.12948,0.00421813,3.3293,0,0.0662586,2.2285,0.3316
215.016780045,1.52861,0.0447567,1.41963,0.0154112,0.178304,1.04411,0.00423652,3.39711,0,0.0794865,2.4282,0.293533
215.063219955,1.50662,0.0471109,1.42361,0.0204076,0.208001,0.916168,0.0024013,3.44202,0,0.0816646,2.56828,0.285922
215.109659864,1.39942,0.0430307,1.57101,0.0271055,0.179216,0.658371,0.065589,3.4601,0,0.136947,2.6123,0.346918
215.156099773,0.94697,0.0683934,1.78604,0.0331223,0.156806,0.40801,0.0499255,3.60302,0,0.146397,2.58824,0.375648
215.202539683,0.378201,0.180323,1.87531,0.0374226,0.146463,0.343988,0.00985708,3.80027,7.59558e-05,0.0622668,2.49408,0.324592
215.248979592,0.231804,0.244374,1.69462,0.291744,0.189965,0.194341,0.0277562,3.9125,0.000966055,0.0293237,2.4649,0.0808963
215.295419501,0.678665,0.25141,1.88546,0.262952,0.215519,0.0983936,0.0528754,3.65751,0.360706,0.0117104,2.19427,0.0141267
215.341859410,0.685629,0.106484,2.35436,0.0322338,0.262936,0.449591,0.0735421,3.17876,1.09352,0.0661348,1.15517,0.0577848
215.388299320,0.589741,0.127858,2.50511,0.132633,0.132613,0.500075,0.0725513,3.23563,1.07729,0.130264,1.19262,0.107244
215.434739229,0.44325,0.0571973,2.443,0.241828,0.0636409,0.482805,0.0752518,3.54098,0.85466,0.091162,1.53717,0.129301
215.481179138,0.218761,0.0622521,2.42114,0.170934,0.00372684,0.382248,0.06231,3.88358,0.497362,0.0150297,1.94657,0.151289
215.527619048,0,0.0613159,2.4481,0.0232763,0.0114927,0.210529,0.0372442,4.10034,0.134481,0.0155712,2.19688,0.201992
215.574058957,0.0019115,0.0604323,2.50268,0.0246608,0.0359322,0.00362056,0.0193907,4.12958,0,0.0512583,2.32555,0.191785
215.620498866,0.0750966,0.0585841,2.51298,0.0280292,0.0348946,0.00798878,0.169556,4.0318,0,0.161382,2.3791,0.204578
215.666938776,0.298313,0.058411,2.57527,0.0269346,0.0292758,0.105877,0.247439,3.83777,0,0.113564,2.48187,0.223292
215.713378685,0.0682984,0.0597854,2.59426,0.0200998,0.0297889,0.274033,0.187487,3.92076,0,0.0168525,2.65385,0.418444
215.759818594,0,0.0635191,2.41573,0.0194789,0.0235107,0.336424,0.00290963,3.95645,0,0.0168376,2.81986,0.332726
215.806258503,0,0.0614817,2.24052,0.0125517,0.026671,0.39475,0.000587266,3.95353,0,0.108956,2.89003,0.274894
215.852698413,0,0.116227,2.19151,0,0.0382353,0.485517,0,3.92973,0.035107,0.1818,2.88072,0.266357
215.899138322,0,0.187616,2.42715,0,0.0351158,0.641232,0,3.64311,0.0588707,0.0406057,2.84907,0.288457
215.945578231,0.0580959,0.153938,2.64186,0,0.0157722,0.929714,0.0110439,3.2256,0.177177,0.0134916,2.71488,0.356825
215.992018141,0.0704216,0.0446433,2.67765,0,0,1.16047,0.0367023,2.98223,0.528427,0.0103158,2.38658,0.274645
216.038458050,0.0139543,0.0440081,2.73916,0,0.00213248,1.49559,0.0396218,2.87097,0.485723,0.108564,1.83728,0.215982
216.084897959,0.0467349,0.0498228,2.71774,0.00339561,0.0362213,1.6398,0.0320212,2.72036,0.209602,0.172822,1.46157,0.255028
216.131337868,0.0888752,0.0604535,2.59072,0.0172139,0.030125,1.38417,0.0525124,2.56309,0.0185872,0.119331,1.31407,0.318898
216.177777778,0.0327456,0.0905312,2.29564,0.129833,0.165612,1.05023,0.119114,2.70427,0.108652,0.0813653,1.90573,0.343659
216.224217687,0,0.056374,1.86982,0.147426,0.220686,0.653893,0,2.95331,0.5665,0.515291,2.00916,0.390524
216.270657596,0,0.0101172,2.13111,0.153659,0.0528312,0.504538,0,3.05284,0.79269,0.589297,2.07116,0.353436
216.317097506,0.0556976,0.014271,2.24694,0.128684,0.0429243,0.49852,0.0156052,3.52271,0.445531,0.324285,2.41819,0.284302
216.363537415,0.0414674,0.0208673,2.34195,0.0751795,0.0404396,0.608489,0.0211585,3.67882,0,0.226782,2.78167,0.245728
216.409977324,0.121557,0.0751038,2.42436,0,0.0400153,0.634145,0.0267832,3.5897,0,0.247767,2.94832,0.233825
216.456417234,0.0113956,0.172087,2.52164,0.0156288,0,0.699085,0.045941,3.4883,0,0.157146,2.7916,0.352426
216.502857143,0,0.206593,2.52926,0.00863742,0,0.764261,0.0919266,3.46663,0.000255338,0.157257,2.50214,0.380158
216.549297052,0,0.0355645,2.31248,0.00175256,0.00495171,0.935125,0.100441,3.49848,0.00241639,0.245874,2.20847,0.401112
216.595736961,0,0.0275764,1.86648,0.030058,0.00270262,0.877002,0.0988671,3.67282,0.0261857,0.429597,1.61613,0.420305
216.642176871,0,0.150093,1.92899,0.0249138,0.0157993,0.571431,0.0839746,3.9776,0.0189586,0.600028,0.90993,0.509449
216.688616780,0.689222,0.574348,1.746,0.429635,0.0166765,0.324491,0.00839237,3.90707,0.000672125,0.692303,0.126447,0.725222
216.735056689,0.0114395,0.113117,3.01724,0.114361,0.0152594,0.205018,0,3.52201,0.0113056,1.0813,0.101757,0.195763
216.781496599,0.0211147,0.0746296,3.35918,0.0226696,0.042826,0.174213,0.170206,2.2004,0.380375,1.32914,0.517059,0.156054
216.827936508,0.0421891,0.0789198,3.39125,0.0236264,0.0548819,0.13469,0.272224,1.49865,0.359784,1.24519,0.704985,0.158383
216.874376417,0.0886654,0.0810495,3.13144,0.0186259,0.0576565,0.00978928,0.344452,1.10492,0.573867,1.18408,0.862205,0.140718
216.920816327,0.145483,0.0688233,2.49029,0.00433836,0.0436872,0.00175249,0.364156,1.03537,0.537649,0.939105,1.05205,0.0975938
216.967256236,0.203662,0.0765855,1.54796,0.402469,0.0353285,0.000516505,0.339158,0.9783,0.0436242,0.611934,1.21866,0.0345841
217.013696145,0.20946,0.126301,0.655427,1.10926,0.482799,9.81271e-05,0.22404,0.594533,0.285541,0.536666,1.36641,0
217.060136054,0.0397091,0.215411,0.339807,1.22232,1.6945,0.0293538,0.0503298,0.688108,0.609979,0.279798,1.11146,0.445026
217.106575964,0.212537,0.254087,0.233516,0.421928,1.96293,0.128685,0.00147476,0.886112,0.470609,0.369796,0.7952,0.467612
217.153015873,0.370678,0.229148,0.288326,0.0225235,1.46755,0.165242,0.00840257,0.98215,0.43278,0.518382,1.22717,0.215328
217.199455782,0.399894,0.117678,0.401155,0.047252,0.980704,0.200566,0.0535382,1.09575,0.356079,0.780163,1.65436,0.0322601
217.245895692,0.32138,0.13824,0.873534,0.136447,1.31207,0.172063,0.0230909,1.12963,0.424535,0.895514,1.81037,0.0528458
217.292335601,0.207229,0.197372,1.266,0.217605,1.87397,0.00487714,0.0884512,1.10373,0.476772,0.95387,1.89916,0.0872467
217.338775510,0.164986,0.175378,1.59724,0.111443,0.898288,0.0253585,0.180347,1.28843,0.449345,0.537518,1.88928,0.410197
217.385215420,0.144033,0.117267,1.03395,0.00799508,0.567435,0.431688,0.160277,1.11381,0.32227,0.354389,1.83469,0.662952
217.431655329,0.436222,0.0540945,0.77809,0.0233521,0.248142,1.09711,0.11473,0.801606,0.294879,0.221708,1.92295,0.623883
217.478095238,0.515876,0.0512617,0.668703,0.0952829,0.0694558,2.17067,0.0596443,0.558764,0.220147,0.186775,1.76593,0.441413
217.524535147,0.438957,0.0808788,0.586835,0.0506394,0.0127646,2.85412,0.0502695,0.587113,0.088606,0.302067,1.81038,0.407443
217.570975057,0.460185,0.215006,0.590686,0.0448015,0,3.13132,0.0280145,0.597965,0,0.423107,1.90198,0.201494
217.617414966,0.583439,0.190423,0.381122,0.0459212,0.0058665,3.24639,0,0.435484,0,0.514455,1.82491,0.472863
217.663854875,0.769721,0.226839,0.157353,0.0817299,0.0972304,3.20199,0,0.131785,0.0399014,0.599825,1.58374,0.399309
217.710294785,0.889796,0.15162,0,0.111152,0.27707,3.05155,0.0204339,0.257762,0.0516278,0.672593,1.43121,0.208782
217.756734694,0.918429,0.132629,0,0.115131,0.388068,2.83233,0.0513613,0.51567,0.0349726,0.673729,1.34491,0.03705
217.803174603,0.881151,0.161604,0.0563737,0.136864,0.288202,2.67378,0.0642531,0.690244,0.000404868,0.624348,1.36713,0.0219038
217.849614512,0.84983,0.174365,0.139263,0.113869,0.10768,2.85491,0.052456,0.796869,0,0.507737,1.30789,0.00709158
217.896054422,0.83891,0.0613096,0.292279,0.291999,0.0324246,3.03299,0.0176681,0.56679,0,0.446392,1.21954,0.0986669
217.942494331,0.841666,0.00105156,0.178832,0.343189,0.0295665,3.09787,0,0.413478,0,0.601317,0.99296,0.125516
217.988934240,0.852995,0,0.178462,0.318019,0.0309913,3.31504,0.0138458,0.82877,0,0.599641,0.713781,0.136672
218.035374150,0.783782,0,0.179552,0.118673,0.0278057,3.57077,0.0309319,0.843479,0,0.446904,0.556942,0.12976
218.081814059,0.770033,0,0.156856,0.0773754,0.0134975,3.47663,0.0404264,0.785998,0,0.26486,0.992895,0.13377
218.128253968,0.737022,0.0010447,0.211817,0.059631,0.00194374,3.33337,0.0414195,0.781274,0.00250761,0.193802,1.5072,0.159952
218.174693878,0.742679,0.100318,0.213743,0.0445147,0,3.30821,0.0356315,0.814429,0,0.223692,1.65127,0.195374
218.221133787,0.785981,0.147102,0.081643,0.0341457,0,3.30651,0.0243842,0.848542,0,0.269665,1.61817,0.148131
218.267573696,1.09271,0.168773,0.0225897,0.0337517,0.00495321,3.15641,0.012372,0.759372,0.0010416,0.458676,1.54844,0.0559278
218.314013605,1.29791,0.156394,0.0631877,0.0275775,0.0211985,2.78579,0.00975554,0.733716,0.00348651,0.481762,1.58629,0.0167726
218.360453515,1.28639,0.140362,0.392654,0.220929,0.208567,2.66595,0.0563221,0.705064,0.0250557,0.35761,1.62757,0.0271675
218.406893424,1.00504,0.124988,0.749567,0.117281,0.173075,2.95467,0.0394818,0.762987,0.0276814,0.29497,1.90327,0.0479301
218.453333333,0.746936,0.0771372,1.14467,0.00813802,0.115584,2.89755,0.0539946,0.870309,0.0247482,0.329427,1.99412,0.037011
218.499773243,0.701992,0.0414077,2.10114,0,0.0447903,2.60568,0.062787,0.978583,0.0241768,0.328963,1.6158,0.027991
218.546213152,0.660343,0.0354685,2.66072,0,0,2.43902,0.578183,1.02484,0.068965,0.542895,1.16398,0.0269142
218.592653061,0.779059,0.0984221,2.759,0,0,2.11622,0.811505,1.00672,0.0774607,0.807302,1.1229,0.0309059
218.639092971,0.768359,0.194359,2.87975,0.0204478,0,1.94813,0.86473,0.80437,0.0662194,0.954683,1.01437,0.0722198
218.685532880,0.917649,0.659176,2.71421,0.0222724,0.0012444,1.78993,0.758158,0.835575,0.162982,0.768393,0.892002,0.146023
218.731972789,2.27021,0.734152,1.54822,0.0188616,0.0239643,1.88155,0.620065,0.946616,0.193004,0.516899,0.559088,0.34189
218.778412698,3.26873,0.274902,0.517698,0,0.0373182,1.82858,0.555485,1.12533,0.0167371,0.498828,0.376693,0.0454016
218.824852608,3.51,0.0384277,0.425233,0,0.0326473,1.71397,0.592285,1.41007,0,0.610135,0.723202,0
218.871292517,3.28974,0.0855751,0.512587,0.019959,0.0735053,1.69533,0.512917,1.65444,0.0470202,0.548151,0.968945,0
218.917732426,2.94848,0.114242,0.632394,0.0210748,0.074522,2.04747,0.376584,1.46842,0.089347,0.48326,1.03332,0
218.964172336,2.75594,0.0605135,0.692259,0.0224611,0.113729,2.37849,0.219346,1.25935,0.0441254,0.412555,1.08105,0.0774359
219.010612245,2.74771,0.0626126,0.658827,0.0238289,0.277845,2.35519,0.142286,1.38088,0.000886068,0.291748,1.09796,0.152647
219.057052154,3.33978,0.167787,0.508368,0.0253136,0.405966,2.06224,0.214979,1.67764,0.00303198,0.277458,0.777033,0.121569
219.103492063,3.60637,0.262232,0.164591,0.0237796,0.590299,1.55922,0.259807,2.08153,0.00368938,0.31225,0.499687,0.0233855
219.149931973,3.84637,0.236497,0.0688424,0.0142025,0.665574,1.33734,0.0376469,1.88498,0.0142798,0.576367,0.329855,0
219.196371882,3.56161,0.147096,0.166072,0.00507513,0.688425,1.93467,0.0309648,1.1981,0.0224391,0.904529,0.274591,0.00946298
219.242811791,3.42853,0.0691985,0.139938,0.00881203,0.671468,2.41927,0.0342511,0.834722,0.0681508,1.29609,0.181986,0.0852042
219.289251701,3.41538,0.167333,0.104559,0.008732,0.648283,2.62015,0.030733,0.839472,0.0301763,1.59953,0.174076,0.0927386
219.335691610,3.20172,0.187013,0.0844414,0,0.647993,2.71223,0.027408,0.83145,0.032949,1.56106,0.157641,0
219.382131519,3.1391,0.1455,0.0702243,0,0.679905,2.67006,0.024646,0.827128,0.0314453,1.60975,0.169891,0
219.428571429,3.05068,0.119181,0.0315542,0,0.697962,2.56842,0.0249729,0.658817,0.00584929,1.61876,0.156369,0.0333472
219.475011338,2.9387,0.0935526,0.0290577,0.0429465,0.545247,2.48794,0.0193716,0.485056,0.37183,1.26345,0.11467,0.162175
219.521451247,2.90301,0.0743057,0.136026,0.0631673,0.368467,2.12201,0.00140177,0.49596,0.789839,0.849185,0.140454,0.141901
219.567891156,3.01148,0.0167304,0.0835213,0.0334335,0.350079,1.82272,0,0.547444,0.656413,0.479589,0.173582,0.0805159
219.614331066,3.32827,0.00851296,0.00340761,0.0210188,0.556285,1.54472,0,0.663237,0.188984,0.269649,0.217091,0.00168935
219.660770975,3.64754,0,0.00168148,0.0244899,0.711051,1.22196,0,1.03875,0.117561,0.13549,0.20052,0
219.707210884,3.95375,0.000190934,0.0020164,0.0228277,0.773119,0.751711,0.0515282,1.33041,0.0903557,0.162404,0.0915775,0
219.753650794,4.1744,0.00393934,0.00156564,0.063494,0.937281,0.417028,0.081684,1.4669,0.0618968,0.12314,0.233074,0
219.800090703,4.27376,0.0843351,0.0288491,0.00338096,0.961635,0.311375,0.10283,1.51839,0.0219071,0.279691,0.225432,0
219.846530612,4.35301,0.203038,0.0559158,0,0.991572,0.37747,0.0219273,1.3831,0.00944875,0.256529,0.262781,0.079682
219.892970522,4.32271,0.0684718,0.0803651,0.0422511,0.948789,0.534339,0.0309378,1.38204,0.0100417,0.196442,0.244415,0.135237
219.939410431,4.28974,0.0368463,0.0825621,0.0379213,0.752925,0.749037,0.0502654,1.3905,0.0106391,0.139504,0.236325,0.12164
219.985850340,4.19518,0.0838082,0.0607041,0.00964277,0.724156,1.08051,0.108966,1.41934,0.0108242,0.0335278,0.210335,0.128652
220.032290249,4.17303,0.0425555,0.0417673,0.00712215,0.875895,1.30717,0.194242,1.30559,0.0104723,0,0.18316,0.0824935
220.078730159,4.08174,0.0148369,0.0574122,0.00102288,0.98945,1.22514,0.193162,1.19592,0.00962223,0.000787448,0.217043,0.0635235
220.125170068,4.06879,0.011444,0.0839071,0.000393961,0.941804,1.07645,0.23831,1.23012,0.0504441,0.00107252,0.257802,0.0474439
220.171609977,4.19384,0.0199039,0.112679,0,0.799178,0.951969,0.276451,1.30962,0.0738364,0.0226579,0.254456,0.0192411
220.218049887,4.09126,0.0829729,0.182905,0,0.692837,1.03073,0.34511,1.36071,0.0108862,0.00555817,0.230974,0
220.264489796,3.90268,0.140137,0.110175,0,0.783481,1.23306,0.273067,1.37598,0.0112687,0.0343619,0.183163,0.0420368
220.310929705,3.70269,0.197345,0.0962121,0.0325818,0.831771,1.40293,0.278135,1.36558,0.0139671,0.0375599,0.116411,0.0547931
220.357369615,3.52325,0.183574,0.115028,0.01121,0.759241,1.3176,0.332551,1.49446,0.0312808,0.00681646,0.107506,0.00827322
220.403809524,3.5768,0.228727,0.15986,0.0114305,0.628718,1.08502,0.324153,1.55757,0.0292234,0.00453888,0.100543,0
220.450249433,3.73331,0.129465,0.348357,0.0107374,0.579378,0.800496,0.238492,1.56298,0.0344622,0.0296771,0.145712,0
220.496689342,3.77207,0.00643495,0.456798,0.015537,0.641782,0.599935,0.119701,1.46777,0.0366261,0.0574826,0.132478,0
220.543129252,3.75375,7.95364e-05,0.347851,0.0120955,0.743009,0.545331,0.0570046,1.23082,0.0298242,0.0231397,0.162174,0
220.589569161,3.84693,0.0881021,0.242632,0.00907932,0.731331,0.408302,0.0737708,1.17873,0.0247177,0.0317841,0.154658,0
220.636009070,3.67472,0.179882,0.194559,0,0.652929,0.335738,0.167128,1.32892,0.0231231,0.0208354,0.106194,0
220.682448980,3.34247,0.187921,0.131154,0,0.595562,0.317413,0.295485,1.32762,0.0295819,0.00124873,0.133235,0
220.728888889,3.16219,0.208834,0.152262,0,0.605832,0.324532,0.317014,1.28644,0.0902483,0.015312,0.150697,0
220.775328798,3.43509,0.20501,0.153126,0.01411,0.620935,0.410053,0.138826,1.09886,0.111625,0.0721313,0.0918308,0
220.821768707,3.70672,0.193893,0.117462,0.0393704,0.678548,0.454832,0.293735,1.08295,0.113691,0.0924561,0.0195677,0
220.868208617,3.7444,0.126732,0.134611,0.00926004,0.687921,0.691432,0.387509,1.15099,0.107011,0.0597377,0.0268595,0.0182956
220.914648526,3.50575,0,0.208773,0.0100602,0.678359,0.774129,0.390177,1.17094,0.106122,0.0810872,0.0289519,0.0913385
220.961088435,3.10997,0,0.115654,0.0499996,0.60543,0.561599,0.449554,1.06105,0.0413136,0.132343,0.0102164,0.205032
221.007528345,2.85972,0.023235,0.0655444,0.0946057,0.48429,0.360997,0.470057,0.902005,0.0400377,0.140308,0,0.310035
221.053968254,2.72964,0.0924208,0.0333794,0.126068,0.465429,0.317249,0.390407,0.946961,0.116545,0.0915176,0.034856,0.342544
221.100408163,2.72115,0.184421,0.0448281,0.0422855,0.622699,0.425385,0.296351,1.11394,0.195341,0.00418185,0.113992,0.232912
221.146848073,3.02968,0.151179,0.00553055,0.121681,0.80722,0.673677,0.234805,0.980599,0.196768,0.00125613,0.115282,0.120585
221.193287982,3.49429,0.171996,0.0128557,0.117339,0.852695,0.993659,0.0521974,0.953897,0.095289,0.00994882,0.0758805,0
221.239727891,3.4948,0.313605,0.121302,0.169067,0.974246,1.34162,0.01064,0.871846,0.0481169,0.0341004,0.0354643,0
221.286167800,3.02955,0.305872,0.0458563,0.233151,1.14689,1.38058,0.162133,0.944028,0.0667118,0.0655492,0.0387898,0
221.332607710,2.85655,0.0985269,0.00477785,0.207885,1.27562,1.22715,0.384586,1.0775,0.0566664,0.0637775,0.0432148,0
221.379047619,3.21792,0.140172,0.00408776,0.194078,1.35982,1.00132,0.354322,1.03986,0.018869,0.0944539,0.0180736,0
221.425487528,3.46549,0.142884,0.00391309,0.16108,1.47925,0.948781,0.244462,1.07872,0.0307264,0.0256779,0.00370133,0
221.471927438,3.17646,0.101541,0.00328608,0.209011,1.46749,0.867758,0.361151,1.20779,0.0320497,0.0174361,0.000515781,0
221.518367347,2.85543,0.152534,0.00390411,0.282288,1.41645,0.925524,0.604659,1.26284,0.0363618,0.0256622,0.214096,0.0320146
221.564807256,2.60033,0.145061,0.00368711,0.10149,1.54985,1.15501,0.320669,1.18837,0.236587,0.0325617,0.288996,0.200383
221.611247166,2.41406,0.129789,0.00582788,0.024048,1.66243,1.67255,0.197606,0.960233,0.31199,0.100189,0.277423,0.126131
221.657687075,2.43061,0.031727,0.0849259,0.0656279,1.65658,1.95693,0.221257,0.764026,0.40349,0.11694,0.361932,0.0221318
221.704126984,2.56414,0.17767,0.0907895,0.226948,1.76821,1.96304,0.0540462,0.74617,0.49399,0.165713,0.177081,0.0892048
221.750566893,2.47146,0.315162,0.0975753,0.130148,1.78934,1.71523,0,0.778443,0.437113,0.160325,0.117775,0.130683
221.797006803,2.63843,0.138516,0.0805984,0.0230035,1.76266,1.56298,0.036975,0.773607,0.533161,0.0395662,0.0688665,0.151108
221.843446712,2.58961,0.0467768,0.0084828,0.0187967,1.66657,1.6649,0.108425,0.91421,0.537016,0.032044,0.00171137,0.150095
221.889886621,2.67997,0.0443239,0.0366305,0.0603694,1.61406,1.53264,0.00206469,0.89395,0.32046,0.0918232,0.101527,0.161131
221.936326531,2.77902,0.0287559,0.0818291,0.131568,1.52303,1.39319,0.00677412,0.826534,0.296508,0.298089,0.00116972,0.163091
221.982766440,3.01638,0.223464,0.15032,0.0568755,1.45404,1.13134,0.00883473,0.820055,0.329202,0.380236,0.000925593,0.163474
222.029206349,3.28623,0.338572,0.153134,0.0225141,1.53714,1.23921,0.0885147,0.762804,0.288878,0.36042,0.029543,0.147213
222.075646259,3.52124,0.145262,0.0963937,0.0141508,1.51952,1.45708,0.267917,1.06841,0.245647,0.161822,0.0489405,0.148929
222.122086168,3.5625,0.220864,0.00678869,0.0140151,1.64548,1.57723,0.354732,1.01137,0.205988,0.122546,0.0706259,0.149503
222.168526077,3.38815,0.20383,0.00490194,0.0170328,1.94412,1.43375,0.384129,1.06944,0.041521,0.213846,0.0106629,0.141746
222.214965986,3.32131,0.0431673,0.0790456,0.0152403,1.99414,1.2366,0.383735,1.28193,0.25905,0.162343,0.0565263,0.103199
222.261405896,3.3874,0.240442,0.0666685,0.00919299,1.74669,1.13437,0.307953,1.52539,0.519484,0.0716501,0.0622611,0.110962
222.307845805,3.40687,0.359306,0.0121287,0.00523103,1.4108,0.88372,0.0416174,1.50823,0.543949,0.0266941,0.0283213,0.155406
222.354285714,3.15864,0.198681,0,0.0298151,1.31535,1.00343,0.0539602,1.19736,0.440567,0.190798,0.00135856,0.158035
222.400725624,2.78746,0.093257,0.0607892,0.0481128,1.42567,1.16719,0.10871,1.15194,0.247769,0.270449,0.00181418,0.156494
222.447165533,2.65257,0.0352096,0.103367,0.0283646,1.23775,1.33962,0.377001,1.32242,0.447587,0.269278,0.00861182,0.159635
222.493605442,2.69919,0.0718308,0.10479,0.0885438,0.854263,1.62506,0.473971,1.32781,0.780451,0.107923,0.0200937,0.167387
222.540045351,2.87683,0.0774812,0.0410332,0.0893434,0.772224,1.46669,0.741924,1.0822,1.13099,0,0.18375,0.202751
222.586485261,2.8858,0.111834,0.044506,0.0261596,0.753871,1.42047,0.734852,1.01485,0.822955,0,0.433983,0.193244
222.632925170,2.81889,0.176918,0.0605254,0.0402036,0.554618,1.53779,0.601871,1.18893,0.557441,0,0.66826,0.166775
222.679365079,2.61952,0.194186,0.000513966,0.20251,0.57559,1.52841,0.543884,1.18575,0.759043,0.00538025,0.610629,0.159123
222.725804989,2.41436,0.21201,0.000421178,0.0117176,0.781159,1.73523,0.555342,1.09843,0.851775,0,0.667267,0.148011
222.772244898,2.36651,0.458935,0.00287659,0.00177943,0.723286,1.69309,0.478029,1.26688,0.679122,0,0.771322,0.117561
222.818684807,2.28196,0.381727,0.00364185,0.00674599,0.292571,1.72305,0.375989,1.32019,0.808649,0.00167713,0.559164,0.0870012
222.865124717,2.56141,0.388769,0.0357581,0.0088552,0.220005,1.44689,0.190081,1.21657,0.855385,0.00687507,0.397895,0.106033
222.911564626,2.39779,0.464898,0.0437133,0,0.133248,1.13877,0.332476,0.977806,0.919714,0.116235,0.488737,0.305248
222.958004535,2.05318,0.34188,0.0549944,0.00113969,0.080383,0.667771,0.545745,1.006,0.884327,0.298925,0.758397,0.486463
223.004444444,2.08461,0.468059,0.117466,0.0156246,0.067428,0.906239,0.557884,1.34916,0.674359,0.199001,0.800881,0.511291
223.050884354,2.27782,0.298107,0.280465,0.139221,0.0463969,1.49572,0.523232,1.35828,0.715092,0.193701,0.629424,0.284529
223.097324263,2.35074,0.257047,0.391585,0.0864991,0.0165963,1.63393,0.435527,1.1831,0.963741,0.17177,0.431944,0.249201
223.143764172,2.27602,0.372536,0.323963,0.231503,0.26367,1.562,0.206519,1.05316,0.873043,0.0861607,0.483534,0.201599
223.190204082,2.09988,0.358483,0.178828,0.452251,0.511631,1.66534,0.202258,1.05095,0.987907,0.0518139,0.443313,0.259773
223.236643991,2.12084,0.260538,0.0275107,0.440851,0.527382,1.79348,0.211468,1.09181,1.02577,0.0757406,0.475871,0.253044
223.283083900,2.21884,0.103545,0.00224546,0.220823,0.344624,1.83827,0.336132,0.896624,0.907993,0.0958068,0.610072,0.113605
223.329523810,2.38206,0.00307277,0.0903233,0.115154,0.349412,1.79079,0.539088,0.863694,1.08701,0.0436389,0.425907,0.00396821
223.375963719,2.1247,0.0253733,0.285032,0.21532,0.102535,1.88701,0.721331,0.996815,1.14273,0.262029,0.0047591,0.000336486
223.422403628,2.08976,0.167905,0.327725,0.0509775,0.123496,1.77933,0.840405,0.966099,1.14081,0.135,0.0022059,0.000301575
223.468843537,2.00867,0.280802,0.195531,0.16472,0.363421,1.58662,0.394696,0.920042,1.38928,0.0374321,0.00123255,0.000292048
223.515283447,1.83312,0.339203,0.469878,0.129783,0.571334,1.36819,0.162047,0.965947,1.63121,0.107239,0.00130581,0.00039197
223.561723356,1.63782,0.344108,1.23071,0.0116199,0.950816,1.34561,0.44524,0.990951,1.64109,0.0171137,0.00187627,0.205182
223.608163265,1.38041,0.282836,1.49741,0.00392095,1.07879,1.45126,0.486346,0.933506,1.47798,0.000916952,0.00617754,0.415549
223.654603175,1.71154,0.607873,0.914953,0.0347917,0.506204,1.66046,0.419071,0.654894,1.39186,0.0193526,0.187303,0.244558
223.701043084,1.57791,0.912655,0.17793,0.00925918,0.367491,1.5291,0.5288,0.872802,1.36894,0.146106,0.147988,0.117973
223.747482993,1.42746,0.634778,0.143396,0,0.861634,1.40779,0.258779,0.923207,1.37665,0.205849,8.01671e-05,0.0147592
223.793922902,1.6587,0.277743,0.0317115,0,1.56427,1.21018,0.108374,0.892721,1.38325,0.232472,0.000509515,0
223.840362812,2.21339,0.216423,0.00444796,0,1.6495,0.749183,0.436573,0.733264,1.48727,0.115998,0.0024815,0
223.886802721,2.39121,0.129726,0.088794,0,1.28398,0.272461,0.689524,0.648842,1.56261,0.065642,0.0025953,0.000206602
223.933242630,0,0,0,0,0,0,0,0,0,0,0,0
223.979682540,0,0,0,0,0,0,0,0,0,0,0,0
224.026122449,0,0,0,0,0,0,0,0,0,0,0,0
224.072562358,0,0,0,0,0,0,0,0,0,0,0,0
224.119002268,0,0,0,0,0,0,0,0,0,0,0,0
224.165442177,0,0,0,0,0,0,0,0,0,0,0,0
224.211882086,0,0,0,0,0,0,0,0,0,0,0,0
224.258321995,0,0,0,0,0,0,0,0,0,0,0,0
224.304761905,0,0,0,0,0,0,0,0,0,0,0,0
224.351201814,0,0,0,0,0,0,0,0,0,0,0,0
224.397641723,0,0,0,0,0,0,0,0,0,0,0,0
224.444081633,0,0,0,0,0,0,0,0,0,0,0,0
224.490521542,0,0,0,0,0,0,0,0,0,0,0,0
224.536961451,0,0,0,0,0,0,0,0,0,0,0,0
224.583401361,0,0,0,0,0,0,0,0,0,0,0,0
224.629841270,0,0,0,0,0,0,0,0,0,0,0,0
224.676281179,0,0,0,0,0,0,0,0,0,0,0,0
224.722721088,0,0,0,0,0,0,0,0,0,0,0,0
224.769160998,0,0,0,0,0,0,0,0,0,0,0,0
224.815600907,0,0,0,0,0,0,0,0,0,0,0,0
224.862040816,0,0,0,0,0,0,0,0,0,0,0,0
224.908480726,0,0,0,0,0,0,0,0,0,0,0,0
224.954920635,0,0,0,0,0,0,0,0,0,0,0,0
225.001360544,0,0,0,0,0,0,0,0,0,0,0,0
225.047800454,0,0,0,0,0,0,0,0,0,0,0,0
225.094240363,0,0,0,0,0,0,0,0,0,0,0,0
225.140680272,0,0,0,0,0,0,0,0,0,0,0,0
225.187120181,0,0,0,0,0,0,0,0,0,0,0,0
225.233560091,0,0,0,0,0,0,0,0,0,0,0,0
225.280000000,0,0,0,0,0,0,0,0,0,0,0,0
225.326439909,0,0,0,0,0,0,0,0,0,0,0,0
225.372879819,0,0,0,0,0,0,0,0,0,0,0,0
225.419319728,0,0,0,0,0,0,0,0,0,0,0,0
225.465759637,0,0,0,0,0,0,0,0,0,0,0,0
225.512199546,0,0,0,0,0,0,0,0,0,0,0,0
225.558639456,0,0,0,0,0,0,0,0,0,0,0,0
225.605079365,0,0,0,0,0,0,0,0,0,0,0,0
225.651519274,0,0,0,0,0,0,0,0,0,0,0,0
225.697959184,0,0,0,0,0,0,0,0,0,0,0,0
225.744399093,0,0,0,0,0,0,0,0,0,0,0,0
225.790839002,0,0,0,0,0,0,0,0,0,0,0,0
225.837278912,0,0,0,0,0,0,0,0,0,0,0,0
225.883718821,0,0,0,0,0,0,0,0,0,0,0,0
225.930158730,0,0,0,0,0,0,0,0,0,0,0,0
225.976598639,0,0,0,0,0,0,0,0,0,0,0,0
226.023038549,0,0,0,0,0,0,0,0,0,0,0,0
226.069478458,0,0,0,0,0,0,0,0,0,0,0,0
226.115918367,0,0,0,0,0,0,0,0,0,0,0,0
226.162358277,0,0,0,0,0,0,0,0,0,0,0,0
226.208798186,0,0,0,0,0,0,0,0,0,0,0,0
226.255238095,0,0,0,0,0,0,0,0,0,0,0,0
226.301678005,0,0,0,0,0,0,0,0,0,0,0,0
226.348117914,0,0,0,0,0,0,0,0,0,0,0,0
226.394557823,0,0,0,0,0,0,0,0,0,0,0,0
226.440997732,0,0,0,0,0,0,0,0,0,0,0,0
226.487437642,0,0,0,0,0,0,0,0,0,0,0,0
226.533877551,0,0,0,0,0,0,0,0,0,0,0,0
226.580317460,0,0,0,0,0,0,0,0,0,0,0,0
226.626757370,0,0,0,0,0,0,0,0,0,0,0,0
226.673197279,0,0,0,0,0,0,0,0,0,0,0,0
226.719637188,0,0,0,0,0,0,0,0,0,0,0,0
226.766077098,0,0,0,0,0,0,0,0,0,0,0,0
226.812517007,0,0,0,0,0,0,0,0,0,0,0,0
226.858956916,0,0,0,0,0,0,0,0,0,0,0,0
226.905396825,0,0,0,0,0,0,0,0,0,0,0,0
226.951836735,0,0,0,0,0,0,0,0,0,0,0,0
226.998276644,0,0,0,0,0,0,0,0,0,0,0,0
227.044716553,0,0,0,0,0,0,0,0,0,0,0,0
227.091156463,0,0,0,0,0,0,0,0,0,0,0,0
227.137596372,0,0,0,0,0,0,0,0,0,0,0,0
227.184036281,0,0,0,0,0,0,0,0,0,0,0,0
227.230476190,0,0,0,0,0,0,0,0,0,0,0,0
227.276916100,0,0,0,0,0,0,0,0,0,0,0,0
227.323356009,0,0,0,0,0,0,0,0,0,0,0,0
227.369795918,0,0,0,0,0,0,0,0,0,0,0,0
227.416235828,0,0,0,0,0,0,0,0,0,0,0,0
227.462675737,0,0,0,0,0,0,0,0,0,0,0,0
227.509115646,0,0,0,0,0,0,0,0,0,0,0,0
227.555555556,0,0,0,0,0,0,0,0,0,0,0,0
227.601995465,0,0,0,0,0,0,0,0,0,0,0,0
227.648435374,0,0,0,0,0,0,0,0,0,0,0,0
227.694875283,0,0,0,0,0,0,0,0,0,0,0,0
227.741315193,0,0,0,0,0,0,0,0,0,0,0,0
227.787755102,0,0,0,0,0,0,0,0,0,0,0,0
227.834195011,0,0,0,0,0,0,0,0,0,0,0,0
227.880634921,0,0,0,0,0,0,0,0,0,0,0,0
227.927074830,0,0,0,0,0,0,0,0,0,0,0,0
227.973514739,0,0,0,0,0,0,0,0,0,0,0,0
228.019954649,0,0,0,0,0,0,0,0,0,0,0,0
228.066394558,0,0,0,0,0,0,0,0,0,0,0,0
228.112834467,0,0,0,0,0,0,0,0,0,0,0,0
228.159274376,0,0,0,0,0,0,0,0,0,0,0,0
228.205714286,0,0,0,0,0,0,0,0,0,0,0,0
228.252154195,0,0,0,0,0,0,0,0,0,0,0,0
228.298594104,0,0,0,0,0,0,0,0,0,0,0,0